binominal,F00679,F00727
Acer saccharum,3.27,0.3
Fraxinus americana,4.83,0.2
Viola pubescens,5.1,0.5
Hydrophyllum canadense,12.73,0.1
Larix gmelinii,0.319411521,32.21156759
Larix gmelinii,0.307450074,34.61541372
Larix gmelinii,0.379218759,43.7500273
Larix gmelinii,0.312500734,25.96156839
Larix gmelinii,0.300481504,36.05772058
Larix gmelinii,0.372596883,34.61541341
Fraxinus mandshurica,0.288462332,78.84616942
Fraxinus mandshurica,0.240385404,112.0192212
Fraxinus mandshurica,0.336539251,103.3653818
Fraxinus mandshurica,0.279845895,74.03847952
Fraxinus mandshurica,0.255865785,99.51923123
Fraxinus mandshurica,0.339940655,103.3653818
Pinus palustris,0.35,32.9
Populus trichocarpa,0.142950958,447.1676483
Populus tremula,0.175513092,330.4245883
Populus tremula,0.184985288,328.5961384
Populus tremula,0.168168468,328.6006754
Populus trichocarpa,0.142943921,321.8236924
Populus trichocarpa,0.155556526,213.3910262
Acer tegmentosum,0.276358122,95.1896326
Euonymus alatus,0.256863023,121.0946513
Euonymus verrucosus,0.237367208,206.9479508
Fraxinus mandshurica,0.284175536,91.45318556
Juglans mandshurica,0.255156217,101.5162391
Prunus sibirica,0.228423742,110.1123957
Phellodendron amurense,0.513805073,35.95518016
Salix pierotii,0.223677975,170.7865423
Ulmus pumila,0.216558311,95.50570676
Acer pictum,0.313267363,101.1236803
Acer tataricum,0.206250349,89.88767949
Acer caudatum,0.225000977,84.26975526
Alnus hirsuta,0.243751035,69.66302961
Alnus mandshurica,0.196876092,108.9888417
Betula platyphylla,0.196876103,106.7416531
Betula costata,0.196207131,86.10295244
Quercus mongolica,0.21276105,66.49784916
Tilia mandshurica,0.182146482,98.37397854
Ulmus davidiana,0.217507602,98.9085896
Ulmus laciniata,0.120857901,134.1510846
Platycladus orientalis,0.35,13.37
Platycladus orientalis,0.38,16.59
Platycladus orientalis,0.39,18.01
Platycladus orientalis,0.42,13.27
Platycladus orientalis,0.38,17.63
Platycladus orientalis,0.39,13.77
Alnus formosana,0.293333711,141.6527442
Alnus formosana,0.31333371,278.1432377
Alnus formosana,0.280000335,121.3161524
Alnus formosana,0.280000335,270.6973463
Pinus tabuliformis,0.19,96.3
Pinus tabuliformis,0.183784143,95.71176717
Pinus tabuliformis,0.183784387,85.51675079
Pinus tabuliformis,0.205406212,80.47586457
Pinus tabuliformis,0.205406345,79.91309864
Pinus tabuliformis,0.205406463,77.42525467
Pinus tabuliformis,0.205406542,78.14587264
Cinnamomum micranthum,0.502558049,24.15001231
Magnolia odora,0.500990744,24.40570955
Cinnamomum chekiangense,0.499444455,23.18048968
Castanopsis faberi,0.351639867,31.73235624
Altingia gracilipes,0.445911212,13.02535614
Castanopsis carlesii,0.363672792,25.87400525
Populus tremuloides,0.3,3.0
Fraxinus mandshurica,0.243176511,111.8518725
Larix gmelinii,0.307692834,34.07411263
Altingia obovata,0.309778103,50.32260667
Cryptocarya chinensis,1.17740979,9.677502988
Elaeocarpus sylvestris,0.230710953,96.7742137
Endospermum chinense,0.493753478,50.32263988
Vaccinium corymbosum,0.051033175,840.0962914
Fraxinus excelsior,0.373682861,32.82298012
Acer pseudoplatanus,0.266508286,62.63158463
Acer platanoides,0.3277509,29.80862631
Carpinus betulus,0.266508286,41.19618489
Tilia cordata,0.312476868,33.15790831
Acer saccharum,0.344,60.677714
Aesculus hippocastanum,0.45175,19.4551804
Aesculus parviflora,0.3575,43.1980697
Asimina triloba,0.87266667,13.5497083
Catalpa bignonioides,0.424,37.2625294
Cercidiphyllum japonicum,0.368,27.3518018
Chionanthus virginicus,0.71025,13.8829073
Cornus florida,0.49175,39.0481292
Diospyros virginiana,0.67,24.3812773
Fraxinus americana,0.3215,38.9314865
Gleditsia triacanthos,0.578,20.1666095
Halesia tetraptera,0.35533333,50.5249308
Hamamelis virginiana,0.48775,24.2948197
Ilex opaca,0.34875,44.4679349
Juglans nigra,0.437,31.2309868
Koelreuteria paniculata,0.3545,97.5361959
Liquidambar styraciflua,0.4775,31.7217945
Liriodendron tulipifera,0.85275,15.188097
Magnolia acuminata,0.98275,12.3825956
Magnolia denudata,0.8045,20.901448
Magnolia grandiflora,1.224,9.09111363
Magnolia kobus,0.6415,27.3247642
Magnolia macrophylla,1.099,12.8950057
Magnolia stellata,0.7315,31.1656067
Magnolia tripetala,0.82925,17.9964774
Magnolia virginiana,1.07975,20.1308844
Nyssa sylvatica,0.87833333,13.5728051
Platanus occidentalis,0.48675,11.9773904
Populus deltoides,0.3375,87.255293
Prunus sargentii,0.275,81.442106
Sassafras albidum,0.89225,20.51455
Styphnolobium japonicum,0.4815,36.8176184
Syringa reticulata,0.303,89.918499
Ulmus americana,0.243,71.7696306
Acer fabri,0.18,208.6
Schima superba,0.19,179.6
Choerospondias axillaris,0.23,97.3
Acer coriaceifolium,0.24,130.4
Liquidambar formosana,0.24,97.4
Elaeocarpus glabripetalus,0.28,76.7
Alniphyllum fortunei,0.29,85.7
Cinnamomum porrectum,0.31,74.9
Cinnamomum austrosinense,0.37,45.8
Machilus oculodracontis,0.47,27.7
Magnolia yuyuanensis,0.51,35.8
Neolitsea phanerophlebia,0.52,36.8
Cunninghamia lanceolata,0.59,19.2
Podocarpus chinensis,0.79,15.4
Ardisia quinquegona,0.42,20.1
Magnolia macclurei,0.55537,17.04
Magnolia yunnanensis,0.72074,17.24
Magnolia lotungensis,0.69685,12.01
Magnolia balansae,0.58004,20.16
Magnolia odora,0.57602,13.82
Magnolia fulva,0.66407,19.39
Magnolia cavaleriei,0.74241,15.4
Manglietia paruicula,0.50389,21.82
Magnolia champaca,0.46352,19.9
Magnolia opipara,0.56288,12.67
Magnolia maudiae,0.56276,17.86
Liriodendron chinense,0.53111,19.09
Magnolia ernestii,0.66861,17.82
Magnolia grandiflora,0.57981,9.74
Magnolia baillonii,0.575,19.33
Magnolia dandyi,0.6237,17.69
Magnolia chapensis,0.5768,23.43
Cryptocarya chinensis,0.75796,4.93
Machilus velutina,0.45361,21.78
Machilus kwangtungensis,0.42593,32.3
Litsea cubeba,0.40593,39.99
Cinnamomum camphora,0.41574,35.41
Litsea verticillata,0.52339,15.59
Cryptocarya concinna,0.48475,18.16
Machilus robusta,0.47895,18.0
Cinnamomum micranthum,0.3063,18.17
Cinnamomum cassia,0.53449,22.75
Litsea baviensis,0.70594,13.02
Cinnamomum porrectum,0.44185,14.68
Ocotea lancifolia,0.35796,30.07
Orophea creaghii,0.39934,45.31
Helicia formosana,0.18426,97.81
Syzygium hancei,0.14568,100.3
Syzygium levinei,0.1187,118.85
Eucalyptus urophylla,0.14444,106.21
Syzygium globiflorum,0.19611,40.88
Microtropis discolor,0.45889,79.59
Castanea henryi,0.16803,40.96
Castanopsis fissa,0.2037,63.81
Quercus asymmetrica,0.34704,45.18
Castanopsis hystrix,0.16749,70.61
Castanopsis echinocarpa,0.16343,81.68
Castanopsis wattii,0.16121,92.32
Lithocarpus chiungchungensis,0.21954,75.71
Aporosa octandra,0.36662,29.15
Macaranga sampsonii,0.07259,67.1
Aporosa yunnanensis,0.25882,49.73
Endospermum chinense,1.00963,5.37
Antidesma maclurei,0.40253,19.99
Engelhardia roxburghiana,0.1523,103.48
Elaeocarpus dubius,0.25778,76.3
Ficus variolosa,0.13292,143.45
Artocarpus styracifolius,0.28296,34.54
Gironniera subaequalis,0.1249,67.58
Celtis sinensis,0.14043,113.0
Canarium album,0.17623,130.88
Pistacia chinensis,0.23907,90.48
Acronychia pedunculata,0.28343,78.12
Melicope pteleifolia,0.25397,97.19
Nephelium lappaceum,0.15885,58.45
Allophylus cobbe,0.15617,75.07
Vaccinium mandarinorum,0.07812,106.71
Barringtonia racemosa,0.37056,26.71
Pentaphylax euryoides,0.12066,97.84
Alniphyllum fortunei,0.30253,89.09
Gordonia axillaris,0.54362,14.98
Schima wallichii,0.23986,98.43
Alstonia scholaris,0.5237,25.76
Catunaregam spinosa,0.25699,80.24
Wendlandia uvariifolia,0.22417,45.27
Pertusadina metcalfii,0.15444,99.96
Psychotria asiatica,0.19185,81.04
Saprosma ternatum,0.14506,116.95
Osmanthus didymopetalus,0.71949,4.42
Olea rosea,0.39436,28.91
Schefflera minutistellata,0.33263,37.91
Macropanax undulatus,0.2637,28.7
Pterospermum acerifolium,0.28074,25.66
Sterculia lanceolata,0.21389,72.15
Itea chinensis,0.11926,110.33
Garcinia oblongifolia,0.19019,90.87
Cratoxylum cochinchinense,0.12092,32.53
Garcinia cowa,0.29289,87.27
Eriobotrya japonica,0.31884,46.15
Rhaphiolepis indica,0.14481,86.79
Archidendron lucidum,0.26056,58.89
Acacia crassicarpa,0.22593,108.28
Acacia mangium,0.25255,99.19
Acacia auriculiformis,0.38313,93.62
Archidendron clypearia,0.27083,70.33
Millettia leptobotrya,0.34158,25.62
Carallia brachiata,0.21426,109.24
Alangium chinense,0.09315,169.91
Microcos paniculata,0.11685,115.38
Acer fabri,0.18574,67.16
Decaspermum gracilentum,0.15535,63.99
Adiantum pedatum,0.36842516,210.1911064
Athyrium multidentatum,0.223407236,136.9427611
Athyrium sinense,0.265480361,116.2421463
Cystopteris sudetica,0.339810499,251.5923562
Equisetum hyemale,0.478689502,85.98739783
Equisetum pratense,0.243316685,254.7770675
Matteuccia struthiopteris,0.214458722,261.1464891
Onoclea sensibilis,0.250080285,148.0892597
Athyrium spinulosum,0.17606237,235.6688042
Juglans mandshurica,0.212903405,191.7611931
Juglans mandshurica,0.248848131,143.0225543
Fraxinus mandshurica,0.251613149,112.6198554
Fraxinus mandshurica,0.312442616,96.28791365
Phellodendron amurense,0.522580711,32.33185169
Phellodendron amurense,0.481106091,43.77707747
Chenopodium serotinum,0.128382353,98.82889326
Euonymus alatus,0.133277027,99.29258117
Cornus officinalis,0.404791173,29.36726272
Cornus bretschneideri,0.333528037,56.1492
Sambucus williamsii,0.348913043,103.5210551
Ardisia depressa,0.234375,64.31648438
Eurya japonica,0.175657895,126.8491646
Diospyros strigosa,0.356122449,40.00319502
Barringtonia racemosa,0.48516129,16.30610484
Myrsine seguinii,0.282291667,56.47293753
Betula albosinensis,0.210436893,57.21364621
Carpinus cordata,0.146527778,63.68610264
Betula dahurica,0.258634021,47.44506081
Lithocarpus fenestratus,0.595625,13.835
Quercus aliena,0.145121951,88.85481998
Quercus variabilis,0.13962585,80.16390306
Quercus wutaishanica,0.130900621,78.57326541
Aidia oxyodonta,0.074522293,190.86
Ginkgo biloba,0.677,19.926
Fraxinus chinensis,0.317857143,47.680269
Fraxinus chinensis,0.4225,36.1542
Syringa reticulata,0.285962567,105.8357065
Cryptocarya concinna,0.43775,33.09776591
Machilus breviflora,0.442438272,28.44444444
Machilus shweliensis,0.400120192,37.169
Ocotea lancifolia,0.339660494,37.86637931
Cinnamomum camphora,0.4109375,72.38667315
Lindera communis,0.395,38.76733436
Goniothalamus griffithii,0.614634146,16.58542002
Liriodendron chinense,0.585,23.294
Magnolia championii,0.543,31.403
Magnolia macclurei,0.485119048,27.7767778
Magnolia maudiae,0.583,27.663
Magnolia ernestii,0.813,13.978
Magnolia odora,0.591,18.5
Knema erratica,0.848165138,4.774158719
Populus cathayana,0.145,110.6739334
Salix caprea,0.114778325,126.5460541
Alchornea tiliifolia,0.15,280.467
Macaranga sampsonii,0.20530303,159.4340401
Sterculia nobilis,0.249752475,96.32
Tilia mandshurica,0.3544,75.74224494
Tilia mongolica,0.186502347,68.711451
Memecylon nigrescens,0.20275974,88.05012329
Syzygium hancei,0.133739837,88.70110748
Syzygium levinei,0.174,126.493
Syzygium szemaoense,0.195,59.37103448
Larix gmelinii,0.322222222,41.727
Picea meyeri,0.279044118,48.49432024
Picea wilsonii,0.264039409,66.49294054
Pinus armandii,0.268060201,43.01400822
Pinus tabuliformis,0.314384921,37.3905492
Dacrycarpus imbricatus,0.489705882,38.3874209
Ulmus macrocarpa,0.222440945,65.21726451
Ulmus davidiana,0.25474537,61.11342593
Malus baccata,0.235897436,71.42969735
Pyrus betulifolia,0.476089015,17.68724614
Sanguisorba officinalis,0.396125,49.53
Sorbus aucuparia,0.198026316,59.77889504
Aphanamixis polystachya,0.173529412,172.2821657
Dysoxylum excelsum,0.886523438,9.100844511
Acronychia pedunculata,0.294,91.167
Canarium album,0.211538462,77.80496427
Acer davidii,0.238794886,108.3036705
Acer truncatum,0.257219251,59.2477843
Rhodoleia championii,0.305,46.556
Dicranopteris linearis,0.1968,75.1
Acacia auriculiformis,0.28647,60.96
Gordonia axillaris,0.5399,17.68
Cunninghamia lanceolata,0.55809,48.68
Magnolia baillonii,0.5745,19.33
Endospermum chinense,0.74889,6.57
Cryptocarya chinensis,0.98223,7.51
Abies fargesii,0.294540991,31.0175474
Abies fargesii,0.316529811,25.86934664
Abies fargesii,0.260288154,33.19223551
Abies fargesii,0.256497349,26.84355543
Abies fargesii,0.255547392,31.42458097
Abies fargesii,0.255431065,44.10332638
Abies fargesii,0.28025092,25.54120579
Abies fargesii,0.28014428,27.24959904
Quercus robur,0.217899036,32.6153977
Quercus robur,0.214008015,40.61539673
Quercus robur,0.268482749,40.92308967
Quercus robur,0.191406459,22.88661242
Quercus robur,0.207031487,37.11341534
Quercus robur,0.289062757,42.37114608
Acer negundo,0.24,39.3
Acer negundo,0.22,45.8
Acer negundo,0.22,48.47
Acer rubrum,0.24,42.25
Acer rubrum,0.27,46.63
Acer rubrum,0.26,49.71
Acer saccharum,0.23,39.96
Acer saccharum,0.2,50.14
Acer saccharum,0.24,45.17
Carya glabra,0.18,99.01
Carya glabra,0.16,81.28
Carya glabra,0.14,92.64
Juglans nigra,0.32,14.34
Juglans nigra,0.25,24.87
Juglans nigra,0.27,21.37
Liriodendron tulipifera,0.66,10.2
Liriodendron tulipifera,0.68,7.55
Pinus strobus,0.19,58.7
Pinus strobus,0.28,23.6
Pinus strobus,0.31,18.02
Pinus virginiana,0.23,35.51
Pinus virginiana,0.21,34.31
Pinus virginiana,0.25,29.62
Populus tremuloides,0.17,61.61
Populus tremuloides,0.16,64.89
Populus tremuloides,0.17,68.97
Quercus alba,0.21,37.93
Quercus alba,0.16,81.12
Quercus alba,0.15,92.23
Quercus rubra,0.15,70.28
Quercus rubra,0.15,67.37
Quercus rubra,0.2,54.94
Sassafras albidum,0.44,14.07
Sassafras albidum,0.56,15.15
Sassafras albidum,0.62,12.17
Pinus elliottii,0.31,50.24666667
Pinus elliottii,0.313333333,42.66666667
Pinus elliottii,0.316666667,47.61333333
Pinus elliottii,0.313333333,47.51666667
Pinus elliottii,0.31,48.20333333
Salix gordejevii,0.14,191.69
Artemisia halodendron,0.36,16.32
Caragana microphylla,0.41,25.04
Pinus sylvestris,0.28118,37.14224201
Pinus sylvestris,0.2998,31.77032902
Pinus sylvestris,0.24323,39.69512859
Pinus sylvestris,0.275875,34.10184768
Pinus sylvestris,0.288825,33.13753691
Pinus sylvestris,0.27282,33.15591119
Pinus sylvestris,0.36115,24.50542736
Pinus sylvestris,0.3472,26.67207009
Pinus sylvestris,0.29815,29.74783476
Pinus sylvestris,0.33768,23.38915612
Pinus sylvestris,0.34134,22.75353781
Pinus sylvestris,0.314925,21.28931401
Pinus sylvestris,0.326755556,21.18796564
Pinus sylvestris,0.288611111,26.75887283
Pinus sylvestris,0.25466,38.394499
Pinus sylvestris,0.28378,33.33028524
Pinus sylvestris,0.28862,36.80789014
Pinus sylvestris,0.31838,30.6856032
Pinus sylvestris,0.34926,32.59487474
Pinus sylvestris,0.42388,26.7465868
Pinus sylvestris,0.38606,27.68299078
Pinus sylvestris,0.39246,26.02177348
Pinus sylvestris,0.34764,34.47544114
Pinus sylvestris,0.36534,28.67741112
Pinus sylvestris,0.3744,25.90437706
Pinus sylvestris,0.34174,37.29363652
Pinus sylvestris,0.38152,31.07990984
Pinus sylvestris,0.3196,37.38172844
Pinus sylvestris,0.40258,28.07065808
Pinus sylvestris,0.47286,21.32683038
Cupressus funebris,0.356493654,20.64308905
Cupressus funebris,0.374026214,23.24759153
Cupressus funebris,0.409091246,23.05466635
Cupressus funebris,0.3740264,19.38907312
Cunninghamia lanceolata,0.43,13.8
Cunninghamia lanceolata,0.375308898,13.59336325
Cunninghamia lanceolata,0.487243204,14.2655628
Cunninghamia lanceolata,0.238016529,15.92307692
Cunninghamia lanceolata,0.297520661,12.46153846
Chamaecyparis obtusa,0.302511446,46.1327245
Chamaecyparis obtusa,0.485159913,14.55377788
Chamaecyparis obtusa,0.353881515,27.18535798
Acer pictum,0.290969928,80.20067539
Acer pictum,0.309699051,86.88964402
Acer pictum,0.340468304,91.90636946
Acer pictum,0.331103775,89.89968331
Acer pictum,0.300334564,83.87962027
Acer pictum,0.319063674,85.21741425
Acer pictum,0.319063687,88.22744749
Acer pictum,0.340468376,91.23747991
Acer pictum,0.260200848,77.19066567
Acer pictum,0.270903196,77.85956251
Acer pictum,0.298996841,79.53180299
Acer pictum,0.31906373,82.876283
Acer pictum,0.309699191,84.21407508
Acer pictum,0.31906374,84.54852327
Acer pictum,0.319063744,84.88297142
Acer pictum,0.300334661,88.56189862
Acer pictum,0.331103878,93.24416936
Acer pictum,0.340468423,92.90972153
Acer pictum,0.340468425,93.57861738
Acer pictum,0.368562054,98.59533578
Acer pictum,0.28963234,88.56189907
Acer pictum,0.331103888,89.23079491
Acer pictum,0.33110389,90.90303443
Acer pictum,0.360535308,91.57193025
Platycladus orientalis,0.33,21.39
Platycladus orientalis,0.34,21.16
Platycladus orientalis,0.35,22.12
Platycladus orientalis,0.34,18.51
Platycladus orientalis,0.35,18.17
Platycladus orientalis,0.35,18.49
Juglans mandshurica,0.252000148,144.2696858
Juglans mandshurica,0.303000162,80.89891871
Fraxinus mandshurica,0.279000212,126.0674546
Fraxinus mandshurica,0.303000212,105.168591
Phellodendron amurense,0.507000078,27.64053705
Phellodendron amurense,0.525000064,25.61807058
Larix gmelinii,0.324000221,43.82031734
Larix gmelinii,0.396000169,35.05627963
Pinus koraiensis,0.594000007,21.57314475
Pinus koraiensis,0.701999916,14.83157706
Picea koraiensis,0.336000219,57.97762273
Picea koraiensis,0.378000186,45.16864313
Larix gmelinii,0.351530183,32.48785382
Juglans mandshurica,0.292235989,94.82928822
Juglans mandshurica,0.296592052,94.78409231
Juglans mandshurica,0.2638846,80.750822
Larix gmelinii,0.350878012,31.81988097
Larix gmelinii,0.330827979,44.07054803
Acer saccharum,0.26,58.0
Juniperus monosperma,0.4,21.0
Liriodendron tulipifera,0.62,11.0
Picea glauca,0.23,39.0
Pinus edulis,0.38,20.0
Pinus elliottii,0.24,35.0
Pinus resinosa,0.25,32.0
Populus balsamifera,0.16,90.0
Quercus alba,0.16,81.0
Acer saccharum,0.07029462,60.68
Aesculus hippocastanum,0.09204845,19.4575
Aesculus parviflora,0.05444722,43.2
Asimina triloba,0.17697552,13.54666667
Catalpa bignonioides,0.14620989,37.2625
Cercidiphyllum japonicum,0.05889539,27.3525
Chionanthus virginicus,0.10320651,13.8825
Cornus florida,0.03740209,39.045
Diospyros virginiana,0.07677239,24.38
Fraxinus americana,0.13193054,38.9325
Gleditsia triacanthos,0.18058055,20.165
Halesia tetraptera,0.09352183,50.52666667
Hamamelis virginiana,0.04246862,24.295
Ilex opaca,0.09411828,44.4675
Juglans nigra,0.0534852,31.23
Koelreuteria paniculata,0.13930004,97.54
Liquidambar styraciflua,0.12212971,31.7225
Liriodendron tulipifera,0.06005206,15.1875
Magnolia acuminata,0.10065245,12.3825
Magnolia denudata,0.18879751,20.9
Magnolia grandiflora,0.12586501,9.09
Magnolia kobus,0.2333452,27.32
Magnolia macrophylla,0.19940411,12.9
Magnolia stellata,0.13506912,31.1625
Magnolia tripetala,0.18597379,17.9975
Magnolia virginiana,0.10884048,20.13
Nyssa aquatica,0.18002592,13.57333333
Platanus acerifolia,0.2820609,23.93
Populus deltoides,0.16859122,87.255
Prunus sargentii,0.04215448,81.44333333
Sassafras albidum,0.21953796,20.51333333
Styphnolobium japonicum,0.0869885,36.8175
Syringa reticulata,0.06142204,89.92
Ulmus americana,0.07658111,71.77
Mallotus paniculatus,0.2358,97.12113636
Blastus cochinchinesis,0.2030833,205.3856606
Sarcandra glabra,0.4829167,29.1342253
Machilus breviflora,0.6759,10.73371901
Cinnamomum tenuifolium,0.57465,20.0281388
Alchornea trewioides,0.2543,92.55217391
Cryptocarya chinensis,0.5575333,19.84454398
Calamus rhabdocladus,0.2187,103.2453571
Engelhardia roxburghiana,0.2007,109.69
Sterculia lanceolata,0.2757667,124.1122043
Cibotium barometz,0.24825,83.95513514
Psychotria asiatica,0.22545,94.5378
Castanopsis fissa,0.206975,123.0716216
Dicranopteris pedata,0.20445,80.98027027
Schima superba,0.2159,112.5094367
Machilus nanmu,0.439625,32.14708768
Syzygium jambos,0.22475,144.2353309
Blechnum orientale,0.2088,185.3453333
Elaeocarpus dubius,0.3381,40.48241379
Syzygium acuminatissimum,0.34,47.12491803
Schefflera heptaphylla,0.27055,157.4859091
Aporosa yunnanensis,0.26385,81.16178571
Caryota maxima,0.29225,57.57059687
Podocarpus neriifolius,0.2398667,106.9029829
Sorbus discolor,0.1932,127.9317391
Prunus alabamensis,0.1935,143.1475794
Eleutherococcus senticosus,0.2245,193.1835714
Deutzia grandiflora,0.4565,46.8823301
Nabalus tatarinowii,0.1784,342.7914286
Doellingeria scabra,0.2113,219.2008
Juglans mandshurica,0.2972333,56.65256117
Betula dahurica,0.3716667,61.94115385
Lespedeza bicolor,0.2449,138.6036364
Saussurea mongolica,0.2174,150.705102
Larix gmelinii,0.3311,46.3254009
Fraxinus chinensis,0.3622,47.05240566
Matteuccia struthiopteris,0.2915,95.76393258
Veratrum nigrum,0.39,92.22060241
Convallaria majalis,0.4366,83.10288557
Abelia biflora,0.5292,30.94705706
Asparagus schoberioides,0.3427,119.765
Agrimonia pilosa,0.2088,226.2263889
Veronica spuria,0.1867,226.9158333
Astilbe rubra,0.1717,216.4679545
Syringa reticulata,0.31645,83.5084058
Corylus sieboldiana,0.1873667,161.1786312
Quercus wutaishanica,0.3723,34.8373773
Populus cathayana,0.2108667,174.6927381
Aster tataricus,0.197,297.11
Acer pictum,0.3017,65.282
Vitis amurensis,0.3263,80.11659794
Prunus armeniaca,0.443,33.74603524
Populus cathayana,0.3844,135.8284967
Rubus crataegifolius,0.1511,283.6918182
Rhamnus davurica,0.1805,180.7463913
Spiraea pubescens,0.3721,150.1653333
Euonymus alatus,0.2840667,101.1982282
Galium aparine,0.1891,240.5986667
Deutzia grandiflora,0.20025,265.7504412
Saussurea nivea,0.2677,117.4566
Ulmus pumila,0.2159,133.5935135
Betula platyphylla,0.2703,73.47430164
Prunus padus,0.1471,246.2047059
Rosa acicularis,0.2912,55.8341358
Salix raddeana,0.1209,331.0473003
Salix viminalis,0.1407333,318.6970162
Rubus irritans,0.177,192.6685185
Spiraea dahurica,0.1222667,290.9055016
Populus cathayana,0.1566,216.1510417
Populus koreana,0.11565,404.583515
Juniperus sabina,0.3998,38.21711538
Larix gmelinii,0.3705,36.00470726
Pinus pumila,0.2823,53.1400472
Betula fruticosa,0.2803,48.76427618
Pinus sylvestris,0.2335,71.22180723
Sarcandra glabra,0.518375,31.84202629
Liquidambar formosana,0.3075667,45.51151685
Diplospora dubia,0.3013,83.34823529
Magnolia odora,0.5982,24.68228448
Styrax suberifolius,0.27965,54.45407407
Iris japonica,0.4238,68.55555556
Daphniphyllum pentandrum,0.2725333,63.17596899
Cinnamomum austrosinense,0.45255,28.12288557
Litsea elongata,0.3189333,48.22580247
Cinnamomum porrectum,0.40055,48.09963415
Rubus rosifolius,0.1182833,319.4613514
Chloranthus henryi,0.462,37.27738562
Magnolia chapensis,0.6367333,23.06436937
Dryopteris lepidopoda,0.1998667,122.6113953
Dryopteris sparsa,0.2196333,131.0412245
Castanopsis faberi,0.2048375,118.927973
Trachelospermum axillare,0.28415,69.95675676
Alniphyllum fortunei,0.2681333,91.81550725
Choerospondias axillaris,0.29845,54.41443396
Alniphyllum fortunei,0.2812333,86.5843956
Cryptomeria japonica,0.3974833,50.72764606
Machilus nanmu,0.5219833,24.53237451
Smilax trinervula,0.3091333,109.7159016
Strobilanthes dimorphotricha,0.2688,136.4411732
Strobilanthes villosum,0.2319556,187.4048069
Alpinia japonica,0.16895,246.0725
Cunninghamia lanceolata,0.3738583,60.90875525
Magnolia maudiae,0.66375,16.44043478
Castanopsis fargesii,0.2027,114.7843243
Castanopsis eyrei,0.1946333,102.2997561
Elaeocarpus sylvestris,0.2392333,82.85767857
Embelia vestita,0.20785,96.43036364
Parthenocissus quinquefolia,0.1757667,152.6108108
Blastus pauciflorus,0.1627833,242.4380923
Dendropanax dentiger,0.1273,223.2676
Trachelospermum axillare,0.29865,85.08024691
Ardisia japonica,0.2301,101.4998413
Oreocnide frutescens,0.2392,94.0809434
Betula platyphylla,0.3478,121.6424342
Syringa reticulata,0.2088,199.3514809
Abies nephrolepis,0.4152333,27.04585714
Ulmus davidiana,0.2789667,152.6998485
Philadelphus incanus,0.2011,109.7769281
Betula costata,0.3284333,111.4147338
Actinidia kolomikta,0.23,224.5237681
Deutzia glabrata,0.184,214.6035484
Juglans mandshurica,0.2217,106.656829
Picea koraiensis,0.2969333,46.82073894
Pinus koraiensis,0.3935333,22.28955321
Acer caudatum,0.2359,87.39493519
Phellodendron amurense,0.4916333,42.5135018
Veratrum nigrum,0.2892,160.4064634
Convallaria majalis,0.4035,55.08335277
Euonymus verrucosus,0.2293,164.0066066
Caltha palustris,0.2098,346.6829091
Acer tegmentosum,0.34824,76.06995076
Populus koreana,0.223,106.681
Acer pictum,0.2908,82.61784845
Filipendula palmata,0.183,220.6077778
Larix gmelinii,0.4224667,22.36121931
Saussurea amurensis,0.2011,245.9616667
Adiantum pedatum,0.2284333,116.5385412
Tilia amurensis,0.2074,131.046438
Fraxinus mandshurica,0.2561,91.71619755
Lithocarpus cleistocarpus,0.274125,68.80162393
Sanicula orthacantha,0.194725,151.7144068
Corylus ferox,0.2532,68.29596537
Astilbe rivularis,0.38425,36.77078652
Cornus controversa,0.65355,14.69760833
Quercus serrata,0.1831875,128.324
Quercus multinervis,0.231575,77.13546392
Rhododendron hypoglaucum,0.142675,163.4402532
Pinus armandii,0.2882125,47.3779098
Salvia chinensis,0.1592,329.3590909
Cornus ulotricha,0.6110875,13.28886489
Pteridium aquilinum,0.2511,109.2390984
Dryopteris sparsa,0.177875,248.7854167
Euptelea pleiosperma,0.3194083,60.28073226
Coriaria nepalensis,0.44,31.30576369
Quercus oxyodon,0.181225,173.8745652
Lespedeza thunbergii,0.2289,116.4530579
Fagus engleriana,0.184175,93.53339118
Schoepfia jasminodora,0.19095,81.48262136
Acer davidii,0.287225,74.36800694
Quercus aliena,0.2042625,113.6647347
Lindera obtusiloba,0.261375,92.51081301
Populus cathayana,0.215925,144.1070455
Cunninghamia lanceolata,0.5798,16.65387795
Actaea cimicifuga,0.1747,195.4544444
Cornus kousa,0.37895,51.5947027
Anaphalis aureopunctata,0.13695,479.155
Cotoneaster adpressus,0.24365,88.57128378
Prunus avium,0.2005625,142.0840804
Solidago decurrens,0.248225,202.88375
Litsea ichangensis,0.4037375,61.46794831
Pinus tabuliformis,0.182325,129.8223077
Acer campbellii,0.18975,79.07241758
Tilia oliveri,0.206975,149.6261111
Hosta ventricosa,0.40705,60.45922807
Osmunda japonica,0.418775,23.52217391
Betula platyphylla,0.2041,115.9356707
Syringa reticulata,0.2351,137.3144615
Phlomoides umbrosa,0.24455,122.8399898
Acer tataricum,0.2331333,172.4784783
Dioscorea nipponica,0.2018,264.2472414
Rubus idaeus,0.1632,187.6849057
Adenocaulon himalaicum,0.1734,192.9116901
Juglans mandshurica,0.2815667,73.77576908
Sorbus discolor,0.21445,113.9467816
Larix gmelinii,0.2842667,53.78890778
Philadelphus incanus,0.1793,243.7697917
Rosa xanthina,0.1844,186.3612731
Lonicera chrysantha,0.2605,171.9445946
Cotoneaster acutifolius,0.2034,102.698
Lonicera chrysantha,0.24655,170.1563313
Rubus idaeus,0.1989,155.7729091
Caulophyllum robustum,0.3578,91.70646617
Actaea cimicifuga,0.3594,38.77167905
Quercus wutaishanica,0.3603,52.3664428
Anaphalis hancockii,0.1787,319.8579487
Agrimonia pilosa,0.2442,97.37914894
Corylus sieboldiana,0.2259,104.507722
Artemisia mongolica,0.1661,195.6701563
Cotoneaster multiflorus,0.22965,146.1748496
Artemisia igniaria,0.1672,204.1528571
Cornus bretschneideri,0.3345333,54.856512
Vitis amurensis,0.2238,127.9060759
Populus cathayana,0.2204,154.2140741
Crataegus pinnatifida,0.21435,105.2808225
Duchesnea indica,0.1938,204.2005085
Adina pilulifera,0.1376,580.271875
Thalictrum simplex,0.1997,259.0515625
Sambucus williamsii,0.2885,154.1714103
Populus koreana,0.3062,61.289375
Lamium album,0.1354,327.7189189
Ulmus davidiana,0.1635,155.4958081
Acer barbinerve,0.2523,143.6789729
Pinus koraiensis,0.3456833,35.1293428
Juglans mandshurica,0.1692,146.9701911
Phellodendron amurense,0.4477333,47.23529245
Quercus mongolica,0.2233,131.8906555
Acer triflorum,0.2341,110.6332214
Acer pictum,0.2373,80.30968331
Fraxinus mandshurica,0.1988,119.6229501
Pinus massoniana,0.2909,59.85230769
Castanopsis carlesii,0.1827,123.4213043
Schima superba,0.2106333,126.9396875
Castanopsis faberi,0.1975,133.9614
Fraxinus mandshurica,0.252904855,128.181834
Juglans mandshurica,0.26171904,103.1250247
Betula platyphylla,0.23710301,92.96877668
Larix gmelinii,0.336688997,42.99174745
Picea koraiensis,0.300781569,67.50000606
Pinus koraiensis,0.420896008,25.29363582
Pinus sylvestris,0.331570852,54.36906441
Malus domestica,0.182033333,49.6822337
Malus domestica,0.1704,79.39593278
Malus domestica,0.201066667,40.11459888
Prunus persica,0.1306,82.66571076
Prunus persica,0.1461,100.6111898
Prunus persica,0.1628,45.50720373
Vitis vinifera,0.1306,0.0529
Vitis vinifera,0.146066667,0.0359
Vitis vinifera,0.1628,0.0591
