"shifts","delta_rd","delta_srl"
"AM_to_AM",0.00248061867544547,0.00652481633616686
"AM_to_AM",-0.054448122905566,0.2346651752398
"AM_to_AM",0.0315893774346401,-0.0563661432698637
"AM_to_AM",0.00354355871399303,-0.00609536489004769
"AM_to_AM",0.070699187586069,-0.0724165721979393
"AM_to_AM",0.0200777422866558,-0.0136655624869744
"AM_to_AM",0.0969257922367933,-0.076016386431931
"AM_to_AM",0.00499639739872371,-0.00489538293865799
"AM_to_AM",0.00339201040853343,-0.0150569362106641
"AM_to_AM",0.00562473752410741,-0.0527107190259741
"AM_to_AM",-0.00900361641862046,-0.0103243464830634
"AM_to_AM",-0.0300658031857812,-0.00741900591838363
"AM_to_AM",-0.000384268580897684,-0.051461193217389
"AM_to_AM",-0.00476109475123909,-0.110570085788013
"AM_to_AM",0.0554274889631967,-0.22008722850064
"AM_to_AM",0.0458806051670262,-0.290595724826086
"AM_to_AM",2.22044604925031e-16,0
"AM_to_AM",0.590617999812468,-0.758658369861984
"AM_to_AM",0,0
"AM_to_AM",0,0
"AM_to_AM",-0.0197317553169369,0.092100220449975
"AM_to_AM",-0.00225625574432198,-0.0552557998317527
"AM_to_AM",-0.0400125800574394,0.139321684189708
"AM_to_AM",-0.00702305174682372,0.0185584131721876
"AM_to_AM",0.00195952983090142,0.068288772729769
"AM_to_AM",-0.0485781691975726,-0.0168321418059296
"AM_to_AM",-0.00978727496472631,0.00913824673294172
"AM_to_AM",0.00611527557027935,0.104757263857914
"AM_to_AM",-0.243714236978816,-0.238529144088963
"AM_to_AM",-0.0370745666272414,0.0603697259812801
"AM_to_AM",0.408312662623314,-0.259128839359695
"AM_to_AM",-0.342432393129603,1.31795626457245
"AM_to_NMAM",0.228324115736742,0.0128835344281306
"AM_to_AM",-0.010762634944621,0.656166855737769
"AM_to_AM",-0.163065790394448,-0.647764239489151
"AM_to_AM",-0.0105600476015142,-0.111916958554116
"AM_to_AM",-0.0210340921288956,-0.327630663474114
"AM_to_AM",-0.190842733993361,-0.757565510577902
"AM_to_AM",-0.000771966017338865,0.0329853355080738
"AM_to_AM",-0.190454805713722,-0.158005940638847
"AM_to_AM",-0.190842733993361,-0.757565510577902
"AM_to_AM",0.00578823124176731,-0.00658112872524974
"AM_to_AM",0.0128078421453455,0.0284108792504538
"AM_to_AM",-0.000472729194597288,-0.025435963114953
"AM_to_AM",6.81968320737081e-06,-0.121990562097692
"AM_to_AM",0.0310421168311682,-0.00379478341716855
"AM_to_AM",0.00812830553370569,0.0174480954418677
"AM_to_AM",0.00375246464304546,0.015690760896212
"AM_to_AM",-0.0183605122350641,0.0448026002876336
"AM_to_AM",-0.00242156745460487,0.0266550326810391
"AM_to_AM",-0.0132775195472085,0.112309601441541
"AM_to_AM",0.0665871005034271,0.314202389450688
"AM_to_AM",-0.0510688170482977,-0.0907057643884777
"AM_to_AM",-0.103708172561897,0.109792091064733
"AM_to_AM",0.201425423823963,0.0447997021082864
"AM_to_AM",0.0474122678718107,-0.063037513810186
"AM_to_AM",0.0411049754094033,0.252527623503066
"AM_to_AM",-0.00730202979400474,-0.271820012086338
"AM_to_AM",-0.000771903496426307,-0.00112424830092639
"AM_to_AM",0.00211113041135746,-0.000251661057435015
"AM_to_AM",0.078226398579335,-0.100420343018972
"AM_to_AM",0.0879518552663219,-0.065806151015706
"AM_to_AM",-0.0943624192698955,0.136582161358849
"AM_to_AM",-0.0599519590515537,-0.0118638752622386
"AM_to_AM",0.0550570638897886,-0.536567606973146
"AM_to_AM",0.0590779365464408,-0.166594750749213
"AM_to_AM",-0.1284434929107,-0.166299443204601
"AM_to_AM",-0.320654263783531,0.11052589041211
"AM_to_AM",-0.118925003238411,-0.199319987790043
"AM_to_AM",0.117786919173236,0.155712650033609
"AM_to_AM",0.0144459415924629,-0.052741583047597
"AM_to_AM",0.0368423556644741,-0.0848366366490216
"AM_to_AM",0.00202857507024623,0.00170647718311656
"AM_to_AM",0.0783401733241704,-0.0909720645556797
"AM_to_AM",0.210130010164519,0.00698039611813872
"AM_to_AM",-0.159995667346815,0.0561109031119997
"AM_to_AM",0.158932930800274,-0.118087698506849
"AM_to_AM",-0.0111668526723379,-0.310133674952377
"AM_to_AM",-0.0288234307226449,-0.135530551985799
"AM_to_AM",0.126827161014614,-0.327050279711349
"AM_to_AM",-0.0301665266695941,0.155118703824288
"AM_to_AM",-0.259916543124543,0.300677237051837
"AM_to_AM",-0.0327966437272533,0.443553295841142
"AM_to_AM",0.00702424784255207,-0.095067238906779
"AM_to_AM",0.359210134919468,1.59650816658389
"AM_to_AM",-0.0923784720899059,-0.0159252548300088
"AM_to_AM",0.109386275740508,0.496162248594604
"AM_to_AM",0.0113149881956287,-1.02491952900252
"AM_to_AM",-0.283766601375008,-0.650860571942305
"AM_to_AM",0.16014578788153,-0.4989050608804
"AM_to_AM",0.0195326120318183,0.693642323437743
"AM_to_NMAM",-0.315640141746866,0.18022613647967
"AM_to_AM",0.0141905227330041,-0.486826959342496
"AM_to_AM",-0.453032925704094,-1.30753933902716
"AM_to_AM",0.728477410887299,2.26966387731938
"AM_to_AM",0.105694071093088,-1.03009109588083
"AM_to_EcMAM",-0.322745044844755,1.46512491253012
"AM_to_EcMAM",-0.764272934563636,2.56608929462543
"AM_to_EcMAM",-0.420407765413633,0.920961451465975
"EcMAM_to_AM",1.04059009154577,-3.74626049353947
"EcMAM_to_AM",0.774497565089477,-3.3421133445825
"AM_to_AM",0.988994538732343,0.592937281045943
"AM_to_AM",-0.269106909299709,2.41935506548878
"AM_to_AM",-0.308258609662103,-1.20120030967605
"AM_to_AM",-0.0682012596579322,-2.22208663445227
"AM_to_AM",-0.019036272551854,5.9908252121843
"AM_to_AM",-0.217646318547707,-0.781502724759051
"AM_to_AM",0.107009227417394,0.836812029791568
"AM_to_AM",-0.136151425189779,-0.708529374633762
"AM_to_AM",-0.102321347786704,0.232954277423349
"AM_to_AM",0.175343397626374,-0.37311027882424
"AM_to_AM",0.00679594792993843,-0.0188037291693339
"AM_to_AM",0.0180183339171491,-0.00554891153392756
"AM_to_AM",0.0277574462764894,-0.0221172350895564
"AM_to_AM",0.0242329825016048,-0.0191246008501134
"AM_to_AM",-0.109168617783902,-0.206954323655627
"AM_to_AM",-0.0269136763683184,-0.0115518224732973
"AM_to_AM",0.0153976257718436,0.0885909590333629
"AM_to_AM",2.22044604925031e-16,0
"AM_to_AM",-0.198894591359283,0.00125029713287717
"AM_to_AM",0.491969483186094,-0.243604678353229
"AM_to_AM",-2.22044604925031e-16,8.88178419700125e-16
"AM_to_AM",-0.141483080959955,-0.00373337055495071
"AM_to_AM",-0.000632869315549511,0.000177361953577204
"AM_to_AM",0.166364910230431,-0.485112633212427
"AM_to_AM",0.09737203874348,-0.0179219453433062
"AM_to_AM",-0.330704845399009,0.519648067760983
"AM_to_AM",-0.128778640475098,-0.024339025712055
"AM_to_AM",-0.0659353339907962,0.420557938227974
"AM_to_AM",0.280403262514081,-0.124917314963276
"AM_to_AM",-0.100317547947534,0.0297159351016534
"AM_to_AM",0.117461198711185,-0.0436599472896919
"AM_to_AM",-0.13018936578253,-0.0379210642007539
"AM_to_AM",-0.0338825825068179,0.0963024303318187
"AM_to_AM",1.44717451122656e-05,0.000726602485783268
"AM_to_AM",0.0639463536620382,-0.37734804700313
"AM_to_AM",-0.183666325699349,1.30877928236602
"AM_to_AM",-0.122404481669187,-0.929517374138255
"AM_to_AM",0.332091174166724,-0.854841394931798
"AM_to_AM",-0.0937300138889375,0.629876965975735
"AM_to_AM",-0.366159869410034,0.968124321567676
"AM_to_AM",-0.169189084467049,-0.232643416122412
"AM_to_AM",0.0716897263694551,0.142248186658014
"AM_to_AM",0.525139578350283,-1.29687834540331
"AM_to_AM",0.215958311269687,0.0345243646702178
"AM_to_AM",0.0739529180792564,-0.560311466763696
"AM_to_AM",-0.0150053088755211,0.583795281240772
"AM_to_AM",-0.0644566241514875,0.492817262185171
"AM_to_AM",0.445551893753534,0.0365369075797002
"AM_to_AM",-0.21435479733977,0.278594778526095
"AM_to_AM",-0.145816788718543,-0.266338402597553
"AM_to_AM",0.381200306605727,-0.173808026947246
"AM_to_AM",-0.103969277969662,-0.378054063595127
"AM_to_AM",0,8.88178419700125e-16
"AM_to_AM",0.339235863405204,-1.03674755318017
"AM_to_AM",-0.263664439306963,0.437847182246621
"AM_to_AM",0.269160667521182,-0.732633317279508
"AM_to_AM",-0.334019480643862,0.752281547706454
"AM_to_AM",0.174909680849361,-0.318907813119024
"AM_to_AM",-0.551346511758744,1.67167294972224
"AM_to_AM",-0.663620573685639,0.848436894398538
"AM_to_AM",-0.315764040520492,-0.309831857480425
"AM_to_AM",0.331735568286537,-0.700235128987347
"AM_to_AM",-0.126916003840472,1.08437712118125
"AM_to_AM",0,0
"AM_to_AM",0.652951623226599,-1.76326144781284
"AM_to_AM",-0.578743392837539,1.04926563444839
"AM_to_AM",-2.22044604925031e-16,4.44089209850063e-16
"AM_to_AM",-0.113961707572955,0.763216215420498
"AM_to_AM",0.00013933473258243,-0.000677123974469396
"AM_to_AM",0.103836877865788,-0.588323612434787
"AM_to_AM",-0.0676388667965042,-0.0193853439572935
"AM_to_AM",0.0223459640317192,-0.100022536185534
"AM_to_AM",0.533230130627862,-1.03179952803233
"AM_to_AM",-0.170823215816183,-0.190489996759543
"AM_to_AM",0.0354306916654266,-0.467628897155825
"AM_to_AM",-0.406509845412821,3.01606475735641
"AM_to_AM",0.401591255327237,-0.542486303308681
"AM_to_AM",0.16893156655788,-1.36703542397914
"AM_to_AM",-0.0102287259824492,-0.987397009028639
"AM_to_AM",0.166811779554528,-0.543405134200523
"AM_to_AM",-0.156045068387297,0.393051647145193
"AM_to_AM",-0.00897953726315004,0.00282874985472414
"AM_to_AM",-0.080405912230723,0.0779416716996391
"AM_to_AM",0.070390074594711,0.0483425711941674
"AM_to_AM",0.00801008007625659,0.00228936430612503
"AM_to_AM",0.0692433494749427,-0.385881184097674
"AM_to_AM",0.000185756276557925,-0.00172945270949221
"AM_to_AM",-0.0090896173251882,-0.421233087240708
"AM_to_AM",0.0586177915374015,-0.451529763419601
"AM_to_AM",-0.123115702904999,0.460145290566776
"AM_to_AM",0.0268593743995005,-0.96886168492911
"AM_to_AM",0.169011008554533,-0.417679300651989
"AM_to_AM",0.043470336637099,-0.806590369914258
"AM_to_AM",0.0285463328500652,0.411968356483554
"AM_to_AM",-0.112988253998998,-0.423256881454774
"AM_to_AM",-0.275832781786501,0.833289099614135
"AM_to_AM",0.538670846348513,-0.600106752782314
"AM_to_AM",-0.15560910837611,2.57042063388746
"AM_to_AM",0.0264916034308817,0.134765154512193
"AM_to_AM",-0.0347589990255528,-0.155563028561802
"AM_to_AM",-0.0960656029314066,0.225045429020788
"AM_to_AM",-0.589646988106527,1.89053716032353
"AM_to_AM",-0.158346637874515,0.47188789868278
"AM_to_AM",-0.0711272815611412,-1.22267263378731
"AM_to_AM",0.103396928770795,-0.179918481904484
"AM_to_AM",-0.607328813250551,1.44912415608767
"AM_to_AM",0.469895555692677,-1.30642944762981
"AM_to_AM",0.737990600024579,-1.9930029302567
"AM_to_AM",0.0470655118064589,-0.276138310235901
"AM_to_AM",-0.145913366062596,1.07396608669668
"AM_to_AM",-0.444860191898989,-0.0682806654360957
"AM_to_AM",0.0141595918125228,-0.326121404209012
"AM_to_AM",0.355987458253215,-0.933156262764314
"AM_to_AM",0.0931808936621998,-0.0503009198088336
"AM_to_AM",0.171117571570703,-0.540151656775124
"AM_to_AM",0.241040376076217,-0.734201125823288
"AM_to_AM",-0.274337942765281,3.07298839178667
"AM_to_AM",0.271299195809601,-0.461449890512544
"AM_to_AM",-0.611854858562998,0.939672349857126
"AM_to_NM",-0.465251384371123,0.806140957232603
"AM_to_AM",0.171255294779357,-1.1906934188227
"AM_to_AM",0.0303714797150205,-0.103317729256663
"AM_to_AM",0.808957438605196,-1.96914426627793
"AM_to_AM",-0.48626632782891,0.871413331547489
"AM_to_AM",-0.046889195546026,0.0693214401037747
"AM_to_AM",-0.0161523641618441,0.000501854904599863
"AM_to_AM",0.00639982873012868,-0.0812196508340781
"AM_to_AM",0.00907039626860495,-0.0196606466483491
"AM_to_AM",0.0839241196389551,-0.220466982657747
"AM_to_AM",0.147961579670991,-0.667096900741335
"AM_to_AM",-0.130329962582371,0.122659759555955
"AM_to_AM",-0.14330512721731,0.513656571582525
"AM_to_AM",-0.30498620118778,0.705294540944109
"AM_to_AM",0.200275586008812,-0.32997443450043
"AM_to_AM",0.155188086936948,-0.80161213288879
"AM_to_AM",0.382404971276686,-0.928004039909368
"AM_to_AM",-0.0325543716851349,0.296881871682261
"AM_to_AM",0.572140438238437,-1.07446654066047
"AM_to_AM",-0.628617549456452,1.5895135103204
"AM_to_AM",-0.0759681559735441,0.245471960702537
"AM_to_AM",0.00368683691406646,-0.000233883234526555
"AM_to_AM",0.18380748525299,-0.229448716072211
"AM_to_AM",0.157920534510099,-0.10502454637329
"AM_to_AM",0.779105286731297,-1.29518766783105
"AM_to_AM",-0.00815499487441329,0.0202605987925537
"AM_to_AM",0.0283170127397543,-0.0441307057391072
"AM_to_AM",0.191614067247008,-1.12658739285022
"AM_to_AM",0.030677681070076,0.780156368385526
"AM_to_AM",-0.669544521087509,1.43138266075598
"AM_to_AM",0.0605067712869709,-0.257036721114391
"AM_to_AM",-0.0839652056099673,0.629980629417406
"AM_to_AM",0.122608631429041,-0.794140429285968
"AM_to_AM",-0.337827982233575,0.51747873478073
"AM_to_AM",-0.0390074237579908,0.149960904530894
"AM_to_AM",-0.318169159341881,0.226782678487748
"AM_to_AM",0.257440491137006,0.00668380398135104
"AM_to_AM",-0.20225646785638,0.0791593020458179
"AM_to_AM",-0.111422042860995,0.0981409359535887
"AM_to_AM",0.196384660382652,0.220869012784802
"AM_to_AM",-0.296234561441351,-0.132920860936613
"AM_to_AM",-0.120007854037964,0.0736491259402081
"AM_to_AM",-0.00640167364204436,0.0280150374024615
"AM_to_AM",-0.0310336001031057,-0.00504091447721944
"AM_to_AM",-0.300088729728449,0.384657780189599
"AM_to_AM",-0.00929752883228008,0.0321276170956688
"AM_to_AM",-0.0236631607935605,0.0547627257625107
"AM_to_AM",0.0176154884572021,0.00472303607771973
"AM_to_AM",-0.361604877237004,0.399678470018152
"AM_to_AM",0.210940627651998,-0.201539785744443
"AM_to_AM",0.106764848902295,-0.166094832264057
"AM_to_AM",0.056593640951444,-0.942367622216681
"AM_to_AM",0.0461207753839863,0.782574076609303
"AM_to_AM",-0.0145267644068279,0.139624187396843
"AM_to_AM",-0.0367627244914964,0.0578456590221488
"AM_to_AM",-0.211276908251061,1.33094637093799
"AM_to_AM",-0.109702657385597,0.294172626186581
"AM_to_AM",0.058917670891684,0.0257491959932885
"AM_to_AM",0.0666822907681964,-1.09965285504021
"AM_to_AM",0.133186793152672,0.0198669110116692
"AM_to_AM",-0.11684430382644,-0.289369725612436
"AM_to_AM",-0.0229454410744275,0.281925691272179
"AM_to_AM",0.0259615497772578,-0.022264128558664
"AM_to_AM",-0.00415263967669888,0.00365732191941559
"AM_to_AM",-0.0422951658903352,-0.00222518273703898
"AM_to_AM",0.126680021848478,-0.504297586672759
"AM_to_AM",-0.595242691546631,0.479646127294726
"AM_to_AM",0.420831944508474,0.106164442260436
"AM_to_AM",0.113022039104435,-0.0991049544303126
"AM_to_AM",-0.0274011631233679,0.059148927336715
"AM_to_AM",-0.0110913836198026,-0.00676945156177666
"AM_to_AM",0.0063573963841157,-0.00598636098769356
"AM_to_AM",0.0563223057957956,-0.233236484977509
"AM_to_AM",-0.0106014035691413,0.061967583818801
"AM_to_AM",-0.00515733154804088,0.0289980677350137
"AM_to_AM",0.0516131652760257,0.0868044768195588
"AM_to_AM",-0.0232184002262883,0.163474368807929
"AM_to_AM",0.0423825768624349,-0.0598884152443939
"AM_to_AM",0.0551976383906663,-0.250962893430392
"AM_to_AM",-0.0148573468077777,-0.0911511157357068
"AM_to_AM",0.00971940848217168,-0.0357475220352503
"AM_to_AM",-0.0168549097137871,0.242362745436679
"AM_to_AM",0.0962506723364391,-0.747264012249512
"AM_to_AM",0.0130491050302521,-0.117619999552148
"AM_to_AM",0.227043918654939,-0.375257784789254
"AM_to_AM",-0.121654139891593,0.0926371550634082
"AM_to_AM",0.00575330741970137,-0.151697697092859
"AM_to_AM",-0.0866200127113139,0.213276049660569
"AM_to_AM",0.0371521796885008,-0.241477293837455
"AM_to_AM",-0.0633292667718328,0.546421446379643
"AM_to_AM",2.22044604925031e-16,-4.44089209850063e-16
"AM_to_AM",-0.0481153972566333,-0.842748193636479
"AM_to_AM",-0.240444967718657,1.72581448305213
"AM_to_AM",0.155212779351859,0.267491490924809
"AM_to_AM",0.270987264080089,-1.45209502121357
"AM_to_AM",-0.317418970135038,0.389581761053123
"AM_to_AM",0.0132366324343618,-0.0129952865483864
"AM_to_AM",0.624580488489954,-1.7968432312765
"AM_to_AM",-0.35577754798906,1.53294142285355
"AM_to_AM",-0.122661759582692,0.935133740371668
"AM_to_AM",-0.0316216175981381,0.124511895774391
"AM_to_AM",0.0131356630194339,0.0802995684886167
"AM_to_AM",-0.101808959822057,0.478455358421257
"AM_to_AM",-0.185946354452049,1.69734201651524
"AM_to_AM",0.00690002258958533,-0.0702640065195723
"AM_to_AM",0.16796942525838,-1.82165388870984
"AM_to_AM",-0.0246985284871218,0.36270399483633
"AM_to_AM",0.161060217586436,0.240799783056482
"AM_to_AM",0.0266915203586533,-0.109377309829519
"AM_to_AM",0.0131703569511008,-0.0207831803667093
"AM_to_NMAM",0.71488910879204,-2.43114825278219
"AM_to_AM",-0.248361316450387,1.69495474714534
"AM_to_AM",-0.0731154698414713,-0.0445997119869701
"AM_to_AM",0.209988509077421,-1.42605804728421
"AM_to_AM",-0.393625577086925,1.31404125574729
"AM_to_AM",-0.0885560135976,1.26380153075006
"AM_to_AM",-0.461370656020116,-0.170266713980802
"AM_to_NM",0.453493637778552,-0.595284654872593
"AM_to_AM",-0.00113989207245813,0.000609067833745147
"AM_to_AM",-0.00155563078193421,0.00236694126655213
"AM_to_AM",0.0394623258229199,-0.129466052202232
"AM_to_AM",0.167681652786021,-0.618432689492306
"AM_to_AM",0.182958944842281,-0.561610650977315
"AM_to_AM",0.0355373102338947,-0.244233187186603
"AM_to_AM",-0.298637990763315,1.13707988527484
"AM_to_AM",-0.41208376852532,0.75991593816145
"AM_to_AM",-0.547840174421778,0.767805109272255
"AM_to_AM",0.00639565095081973,-0.00599158417566636
"AM_to_AM",-0.328634646560645,0.203785314845166
"AM_to_AM",0.589479674506821,-0.448150580204628
"AM_to_AM",0.0667722709161231,-0.595660008498731
"AM_to_AM",0.0297033886288705,-0.138608858103032
"AM_to_AM",0.0445073956643345,-0.218906209285613
"AM_to_AM",0.128068664157109,-0.535688383147872
"AM_to_AM",0.0560324239857071,-0.294123703032583
"AM_to_NMAM",0.0717189300070709,-0.281904279612064
"NMAM_to_NMAM",-0.0504772780550631,-0.858804345550231
"NMAM_to_NMAM",0.288364175158357,-0.0762533072959917
"AM_to_AM",-0.114196318943097,0.191224260202786
"AM_to_AM",0.00726055831497163,0.0919090560990012
"AM_to_AM",-0.66974042012569,1.45553092772661
"AM_to_AM",0.161163706033176,-0.319739671626065
"AM_to_AM",0.194681745035389,-0.880092980582146
"AM_to_AM",0.322554883928565,-0.146075218006334
"AM_to_AM",-0.117089171699855,0.32706424855228
"AM_to_AM",-0.125380744142578,-0.0222803840531229
"AM_to_AM",0.075879211199305,0.0557278682520992
"AM_to_AM",-0.00885789305508533,0.0415790250937675
"AM_to_AM",0.035631474321604,0.559801920508813
"AM_to_AM",-0.14380090464475,-0.0520536975606296
"AM_to_AM",0.146741907343421,-0.527504005625415
"AM_to_AM",-0.113836269770927,0.51596507396282
"AM_to_AM",0.0119386050068547,-0.0675736882827818
"AM_to_AM",-0.0580345069331349,0.152633562605889
"AM_to_AM",-0.139650364786097,0.381792043816748
"AM_to_AM",-0.00319276500069232,0.0130657776281451
"AM_to_AM",-0.0205645835518879,-0.0352154694837425
"AM_to_AM",0.220592632645095,-0.540388053314973
"AM_to_AM",-0.294383004668536,0.414026992434315
"AM_to_AM",-0.000833872937072266,0.0173158087815297
"AM_to_AM",-0.201996417162645,0.524195841384222
"AM_to_AM",0.169980835423512,0.140624500873989
"AM_to_AM",-0.118005471585722,0.275687939220136
"AM_to_AM",-0.00388536376844573,0.377963742446949
"AM_to_AM",0.25504562733857,-0.37021169817885
"AM_to_AM",0.0168415405914485,-0.00748867168444312
"AM_to_AM",0.0080383403073101,-0.0286257406822097
"AM_to_AM",-0.282552310536661,0.661858433100992
"AM_to_AM",-0.320888706735313,0.131387721393777
"AM_to_AM",0.153678962779418,-0.444753440053877
"AM_to_AM",0.264665360195207,-1.01242164539656
"AM_to_AM",-0.000154249306757892,0.000724193907440718
"AM_to_AM",-0.0503404438437867,0.0573099735339291
"AM_to_AM",-0.00447514125374671,0.0130463634168732
"AM_to_AM",-0.0352798291443546,0.136065972100264
"AM_to_AM",-0.154839030787077,0.483628103290435
"AM_to_AM",0.0476123453344913,-0.0700800917199254
"AM_to_AM",0.0289648409429,-0.218606345373227
"AM_to_AM",-0.425575569471485,0.274797617049491
"AM_to_AM",0.457229490554036,-0.0343452603641388
"AM_to_AM",0.516308233735894,-1.43156581480082
"AM_to_AM",-0.119448879017405,0.582273677093799
"AM_to_AM",-0.00491149768920263,-0.000975978375546749
"AM_to_AM",0.0446520328879982,-0.166800374643593
"AM_to_AM",0.0915066350342728,-0.125948525462791
"AM_to_AM",0.190935355049428,-0.530691293485569
"AM_to_AM",-0.00445291207813669,-0.104276072369783
"AM_to_AM",0.0455501289428284,-0.213743267935349
"AM_to_AM",0.0279884810372155,-0.0019904660711525
"AM_to_AM",0.0148295962191827,-0.104187958038213
"AM_to_NMAM",0.0942234417016472,-0.10411807558024
"NMAM_to_NMAM",0.199331485923143,-0.0211438860076063
"NMAM_to_NMAM",0.13827710493052,-0.351917808027561
"AM_to_AM",-0.41824795199815,0.381742402733741
"AM_to_AM",0.512458668580496,0.161159927286263
"AM_to_AM",-0.281498054907548,-1.30798944887772
"AM_to_AM",-0.320815032432738,0.909288432693178
"AM_to_AM",-0.000494084374040193,0.00796808093330714
"AM_to_AM",-0.00915276653083708,0.0167546642990835
"AM_to_AM",-0.215640970930944,0.515064970362899
"AM_to_AM",-0.431366601181453,0.669319514173577
"AM_to_AM",0.521737670509107,-0.890574450544638
"AM_to_AM",0.0643988082454405,-0.384001343658864
"AM_to_AM",0.0643988082454405,0.164151650946627
"AM_to_AM",-0.0295432447097259,0.00239506444457716
"AM_to_AM",0.218033609380108,0.127961544981448
"AM_to_AM",-0.0557788863636786,0.310172449345381
"AM_to_AM",-0.0518816383222571,0.166718876980137
"AM_to_AM",0.173236513060552,-0.0472646189882169
"AM_to_AM",-0.0436533753392592,0.0471374938323557
"AM_to_AM",0.668926183603254,-1.02551650943295
"AM_to_AM",-0.490258798803862,0.235935485064209
"AM_to_AM",0.747680059305478,-0.630582546271219
"AM_to_AM",-0.0282360338225076,0.0423265303710281
"AM_to_AM",-0.23651083999723,0.135955138131841
"AM_to_AM",-0.640867001028898,1.21080996566885
"AM_to_AM",0.284344986115223,-1.00586798590505
"AM_to_AM",-0.380327514716692,1.1181947469879
"AM_to_AM",0.271646490506677,-0.170065948330572
"AM_to_AM",-0.623799701279462,1.04596382150477
"AM_to_AM",0.105039005904233,-0.273660213811413
"AM_to_AM",0.671329865488931,-1.35374701866996
"AM_to_AM",-0.0107684849584235,0.784669997623837
"AM_to_AM",0.104686260938369,-0.974056640120916
"AM_to_AM",-0.592542447651514,1.09318138049246
"AM_to_AM",-0.0412412953884955,-0.0339193314348938
"AM_to_AM",-0.11509285201953,0.311868143336708
"AM_to_AM",0.0278375888247114,0.0103287596313195
"AM_to_AM",-0.0428943932681743,-0.193537352636912
"AM_to_AM",-0.120105379127102,0.330120309607122
"AM_to_AM",-0.0819779609422302,0.385902050559312
"AM_to_AM",0.0688449287923535,-0.349804744419429
"AM_to_AM",0.126420726902704,-0.396978665953775
"AM_to_AM",0.0302644779258767,0.0642812669084578
"AM_to_AM",-0.17750074567761,0.941962648210734
"AM_to_AM",0.264668993397704,-0.756818684671653
"AM_to_AM",-0.263451047376046,0.419485081853839
"AM_to_AM",0.145802804410674,-0.879636277934972
"AM_to_AM",-0.0719507913016086,0.171789815335467
"AM_to_AM",0.0369128956540059,0.320290779989021
"AM_to_AM",-0.102623857924061,-0.452196743405731
"AM_to_AM",0.0504166972682087,0.248118609072013
"AM_to_AM",0.166624563112562,-0.949726830612562
"AM_to_AM",-0.100344467741677,1.2759148985278
"AM_to_AM",-0.299930957191661,0.151981038066521
"AM_to_AM",-0.440135320146153,1.21448367904326
"AM_to_AM",0.0167285392238581,-0.0418711340198947
"AM_to_AM",-0.00661449291672978,0.00418487816434077
"AM_to_AM",0.00426567608673456,-0.00868161545260593
"AM_to_AM",-0.00169019313541585,-0.00504720300092432
"AM_to_EcM",-0.414748274682811,1.38025802748928
"AM_to_AM",0.361547153589572,-1.53912558670952
"AM_to_AM",0.16583581168247,-0.18306150628559
"AM_to_AM",-0.00143836357271487,0.0555126206208216
"AM_to_AM",0.0649473118191797,-0.0983168507071204
"AM_to_AM",0.15360007425358,0.228703068256802
"AM_to_AM",-0.0869983362139255,-0.329524379443783
"AM_to_AM",-0.000876254767495421,0.00135740516006466
"AM_to_AM",-0.00192168215588495,0.00447116471469844
"AM_to_AM",0.00946408989670489,0.00240851815163756
"AM_to_AM",0.230694436418518,-0.549715095642939
"AM_to_AM",0.821027861842575,-0.93231323808779
"AM_to_AM",-0.0978464347187498,0.0712534999430812
"AM_to_AM",-0.481497843334652,-0.124854357489901
"AM_to_AM",-0.0239020551958913,0.304615624406059
"AM_to_AM",0.0358194927901072,-0.0327966326769102
"AM_to_AM",0.00607757310096879,0.0664927549373817
"AM_to_AM",-0.0142450820322202,0.0563206872285913
"AM_to_AM",0.202015465403354,-0.227096723642639
"AM_to_AM",-0.381316849149385,0.93599942639808
"AM_to_AM",0.206178783054489,-0.62701730624212
"AM_to_NM",0.313953687498131,-0.509288443911714
"AM_to_AM",-0.185530907125462,0.259387649734135
"AM_to_AM",-0.298883707827712,0.391065078288641
"AM_to_AM",0.0203757790675816,-0.0230407863288646
"AM_to_AM",-0.112956977745641,0.134090468986628
"AM_to_AM",-0.0409736384115392,0.0131457813417848
"AM_to_AM",0.0250132716297358,0.00580066277953284
"AM_to_AM",0.208804157463998,-0.243372354087171
"AM_to_AM",-0.0534342553225062,0.176027274257089
"AM_to_AM",-0.0415575014176952,0.195828494511648
"AM_to_AM",0.0152529196537101,-0.207925015534421
"AM_to_AM",-0.0320857101166186,0.287244991527438
"AM_to_AM",-0.209827498956317,0.608435409224166
"AM_to_AM",-0.246811006164812,0.467194871364199
"AM_to_AM",-0.51922390644267,0.991674733287992
"AM_to_AM",-0.109192334355154,0.197012375653641
"AM_to_AM",-0.127233259120464,0.254540960861068
"AM_to_AM",0.145639818845395,-0.282253533961597
"AM_to_AM",-0.388652029237886,0.877353353425036
"AM_to_AM",0.479071420759097,-1.04114569797932
"AM_to_AM",0.101599601871694,-0.227872907522497
"AM_to_AM",-0.0529557708557882,0.122157322745608
"AM_to_AM",0.224481090998526,-0.813569153038663
"AM_to_AM",0.115122997852273,-0.178595977655605
"AM_to_AM",-0.115142726663056,0.0472399766848857
"AM_to_AM",0.0957405978526533,-0.682451090886749
"AM_to_AM",0.531328258465294,-0.163879562585842
"AM_to_AM",-0.409380999258879,-0.705375925082505
"AM_to_AM",-0.83639459603749,1.80554538167508
"AM_to_AM",0.887487781682467,-0.539425467874196
"AM_to_AM",0.0846380211613762,-0.0877278286358121
"AM_to_AM",0.265918268526203,-1.01090664583292
"AM_to_AM",-0.0497497210321185,-0.286823763732698
"AM_to_AM",0.287570049088147,-0.170217561461052
"AM_to_AM",-0.291650441308571,0.146692737001997
"AM_to_AM",0.204679935553725,-0.263117419736745
"AM_to_AM",0.00458874699843492,0.0585888780569745
"AM_to_AM",0.0933159494031688,-0.0614744323494851
"AM_to_AM",-0.247280875533401,0.316835184717614
"AM_to_AM",-0.283656739743288,0.388116325193717
"AM_to_AM",0.0320953482750013,-0.085848940237252
"AM_to_AM",0.308379114173683,-0.731807100287454
"AM_to_AM",-0.295628231983001,0.697700920358175
"AM_to_AM",-0.330711768165258,0.511093656454774
"AM_to_AM",-0.000345078292443235,-0.00101972259181116
"AM_to_AM",0.0976314030392242,-0.190774556676322
"AM_to_AM",-0.166640061681804,-0.164729963539819
"AM_to_AM",0.192635493873546,0.113934144801083
"AM_to_AM",-0.134975700290008,0.208033945145333
"AM_to_AM",1.08655856074202,-1.23153893682319
"AM_to_AM",-0.270469215704356,1.2295823155768
"AM_to_AM",0.791453982373933,0.00456611701961274
"AM_to_AM",-0.793471345615148,0.00460503452542538
"AM_to_NMAM",0.0152084853086711,-0.000488332259697799
"NMAM_to_NMAM",0.138109711035005,-0.326103609032296
"NMAM_to_NMAM",-0.0635779523220592,-0.0233324024002046
"NMAM_to_NMAM",-0.636910791840807,1.23959440663308
"NMAM_to_NMAM",0.0504125419531407,-0.139719211987215
"NMAM_to_NMAM",0.181914853809316,-2.19170223710209
"NMAM_to_NMAM",0.225156852311621,0.978421593103069
"NMAM_to_NMAM",-0.191162128578927,1.29754678287452
"NMAM_to_NMAM",0.203115788372825,-1.2456020219717
"NMAM_to_NMAM",0.186066833218635,-0.201528773336712
"NMAM_to_NMAM",-4.44089209850063e-16,-8.88178419700125e-16
"NMAM_to_AM",-0.0336430257409632,-0.0885693296865711
"NMAM_to_NMAM",0.209214109829467,-0.268522847413985
"NMAM_to_NMAM",0.405325029369193,-0.0363405955409837
"NMAM_to_NMAM",-0.0665668499150252,-0.39844992124566
"NMAM_to_NMAM",-0.207201718953892,0.459233203119738
"NMAM_to_NMAM",-0.0999420868188228,0.344127496890651
"NMAM_to_NMAM",0.0624475154629704,-0.177875304478561
"NMAM_to_NMAM",2.22044604925031e-16,0
"NMAM_to_EcM",-0.259154708671005,0.864558819217126
"EcM_to_NMAM",0.353805610115695,1.14904472903826
"EcM_to_NMAM",0.26143228998468,-2.11410391950793
"NMAM_to_NMAM",0.309762281061636,-1.70866292189128
"NMAM_to_NMAM",0.0323094942527888,0.254686149321529
"NMAM_to_EcM",-0.374561384412415,0.841409279849558
"NMAM_to_EcM",-0.221738281556926,0.422943549119014
"NMAM_to_NMAM",-0.337646997598286,1.0648702784412
"AM_to_AM",-0.00475788754273543,0.314710127649629
"AM_to_AM",0.565075397156445,-0.969750980202519
"AM_to_AM",-0.0108672434680575,0.0304805993180159
"AM_to_NMAM",-0.619232742226859,1.6271244076212
"AM_to_AM",0.0553122512648951,-0.0454321797113497
"AM_to_AM",0.0167217618737039,-0.0125618504279599
"AM_to_AM",0.00593172456092583,-0.00041640612005045
"AM_to_AM",0.00545240338595354,-0.0333496215762041
"AM_to_AM",-0.000223076427759539,-0.010200174990675
"AM_to_AM",0.0112036118345431,-0.00914147516775587
"AM_to_AM",-0.1307712981147,0.25977984001483
"AM_to_AM",-0.0736895576244851,0.148331120256557
"AM_to_AM",0,4.44089209850063e-16
"AM_to_AM",-0.197466468919846,0.514665321493698
"AM_to_AM",0.190158734179696,-0.556525355819569
"AM_to_AM",-0.0664769513265026,0.00670424292848448
"AM_to_AM",0.00107286110942928,-0.0150935539080739
"AM_to_AM",-0.00271406014668418,-0.0823166160963518
"AM_to_AM",0.0188719475810357,-0.171258326251835
"AM_to_AM",0.148501495467892,-0.411414831832504
"AM_to_AM",0.0794584936068445,-0.59806152577235
"AM_to_AM",0.0188187321593309,-0.0758160922305375
"AM_to_AM",0.0277010609009825,-0.3153134810549
"AM_to_AM",-0.0112007135551524,-0.242857054214686
"AM_to_AM",0.0361463635751484,-0.158794271829672
"AM_to_AM",-0.0129654638781656,-0.873083666436686
"AM_to_AM",-0.0060594703161494,-0.471715102993469
"AM_to_AM",-0.0118359578684546,0.289360352212227
"AM_to_AM",0.00908297753816067,-0.00304022711681018
"AM_to_AM",0.00586181832353039,-0.00528143318964336
"AM_to_AM",0.179192795120012,0.274603874102428
"AM_to_AM",0.150001570966345,-0.279338596918415
"AM_to_AM",0.109390496987677,-0.314991113787793
"AM_to_AM",0.100026829361476,-0.0095453745820997
"AM_to_AM",-0.328624468997436,0.441843534998744
"AM_to_AM",-0.142830397054327,-0.00575432938360176
"AM_to_AM",-0.228877631257535,0.64204215555811
"AM_to_AM",0.13299295172496,-0.454618182388485
"AM_to_AM",-0.0741374813359477,-0.413111041845108
"AM_to_AM",0.130359466087312,0.30498284281181
"AM_to_AM",0.0353320349536796,-0.121337373588566
"AM_to_AM",-0.0794883764384136,-0.56509807806786
"AM_to_AM",0.15905824892334,0.751578219827703
"AM_to_AM",0.0479616501436722,-0.534689491893332
"AM_to_AM",0.21555045799934,0.519253596297636
"AM_to_AM",0.186547783197365,-0.791118603067419
"AM_to_AM",-0.202793815635615,0.432583527897933
"AM_to_AM",0.0121044352016189,-0.637099838823574
"AM_to_AM",-0.156786782998601,0.377441727615656
"AM_to_AM",-0.216032427766223,1.05785494619433
"AM_to_AM",0.125361466204893,-0.782322405938069
"AM_to_AM",0.0323451439249141,0.434470371176486
"AM_to_AM",0.130002411107741,-0.154119173802441
"AM_to_AM",-0.0028528707979385,0.033007770518048
"AM_to_AM",-0.116592655361068,-0.334476362248872
"AM_to_AM",0,1.77635683940025e-15
"AM_to_AM",-2.22044604925031e-16,-8.88178419700125e-16
"AM_to_AM",0.0241378128910279,0.110898729233082
"AM_to_AM",0.0777707451193608,-0.031856794676675
"AM_to_AM",-0.309994785889403,0.533540567032497
"AM_to_AM",0.379582400758278,0.410017204421878
"AM_to_AM",0.12282954686084,-1.40605317325322
"AM_to_AM",-0.211134328195128,1.16763928724003
"AM_to_AM",0.240172264061257,-0.521455868225488
"AM_to_AM",-0.102264737184598,1.26368424254194
"AM_to_AM",0.29312321410574,-0.454266864576873
"AM_to_AM",-0.294370273497266,0.292808747803466
"AM_to_AM",0.130102364311036,-0.0367409971289896
"AM_to_AM",0.0367167721560089,-0.16968712241786
"AM_to_AM",-0.361275052351308,-0.811065908408147
"AM_to_AM",-0.193175957894518,-1.10911620039754
"AM_to_AM",-0.232728165681309,-1.10283241277288
"AM_to_AM",0.297866032034321,0.947731614737002
"AM_to_AM",0.285471200101472,-1.82045727233061
"AM_to_AM",0.245066031393213,-1.6973514150182
"AM_to_AM",0.515199046996321,-0.493328357486064
"AM_to_AM",-0.0103278792186183,3.0841264848392
"AM_to_AM",-0.250010752000626,3.52871285192171
"AM_to_AM",0.262446155635213,1.24640858562016
"AM_to_AM",0.092810987609675,0.389515716697084
"AM_to_AM",-0.489469153532612,-1.25425795140847
"AM_to_AM",-0.849722978009817,0.509777690932193
"AM_to_AM",0.0631425243321853,0.531755510581014
"AM_to_AM",-0.100924170781231,-0.526721549277773
"AM_to_AM",0.00720352644281641,-0.0120125140929472
"AM_to_AM",0.033565604696174,-0.251457886711973
"AM_to_AM",-0.438299243039452,2.10529213925242
"AM_to_AM",0.0310515656525933,-1.01727504575801
"AM_to_AM",-0.0635030521604034,0.00787412122032904
"AM_to_AM",0.320547330709426,-1.38891603489452
"AM_to_AM",0.251504418346153,-0.817000014623801
"AM_to_AM",0.0920983136808073,-0.148922949712736
"AM_to_AM",0.0848297085408363,-0.112682243944734
"AM_to_AM",0.220210543793714,-0.405647242725637
"AM_to_AM",-0.015511789727356,0.831731019982196
"AM_to_AM",0.123342431461063,-0.0325173864245647
"AM_to_AM",-0.470184909872495,-0.763679930023363
"AM_to_AM",0.249262557873088,-0.311682032506293
"AM_to_AM",-0.0155144756647907,-0.0260935544676331
"AM_to_AM",0.259611510411001,0.19985418271575
"AM_to_AM",-0.593266237137032,0.39646069675412
"AM_to_AM",0.127427550283064,-0.491631220280532
"AM_to_AM",0.19876551948734,-1.53238012951575
"AM_to_AM",-0.29711624659733,1.64919857558875
"AM_to_AM",0.0712399221345048,-0.128618610166645
"AM_to_AM",-0.00958471772096536,0.0415673405136938
"AM_to_NM",0.19775759102217,-1.35206898170981
"AM_to_AM",-0.0419852231367773,0.452191894647428
"AM_to_AM",-0.540660811398226,1.77882316529558
"AM_to_AM",-0.050802685822529,0.40271638030981
"AM_to_AM",0.028843391117106,0.042100249778759
"AM_to_AM",0.0508097686935061,-0.0402993956443827
"AM_to_AM",0.024452633195159,0.0972083227018659
"AM_to_AM",0.197432474131694,0.337173464015983
"AM_to_AM",-0.255758515634756,0.621404459775178
"AM_to_AM",0.00332165134898321,0.814199931070526
"AM_to_AM",0.571104110255479,-2.1345988278472
"AM_to_AM",0.604397838354942,-3.25633735042038
"AM_to_AM",0.277846921061097,-0.177755503960465
"AM_to_AM",-0.575038688953951,1.82716236319698
"AM_to_AM",-0.00615188446567949,0.0117417613054114
"AM_to_AM",-0.813169460175017,1.78504733498676
"AM_to_AM",-0.679558624966444,1.44813601589438
"AM_to_AM",-0.154955965506203,0.0549259548722429
"AM_to_AM",-0.13643865836661,1.54403287943631
"AM_to_AM",-0.471200007515417,0.77820543501312
"AM_to_AM",0.733459504873295,-1.48152923870834
"AM_to_AM",0.0294746852935207,-0.128961548969251
"AM_to_AM",0.0614456932371139,-0.151198483249329
"AM_to_AM",0.0607031220926961,-0.11887166161382
"AM_to_EcMAM",0.164999212169508,-0.490669804443387
"EcMAM_to_EcMAM",0.0696749610508451,-0.120665127098476
"EcMAM_to_EcMAM",-0.212249128650414,0.128807494540647
"AM_to_EcMAM",0.346058205353044,-0.699018193530061
"AM_to_EcMAM",0.196298511765795,-0.607862222678122
"EcMAM_to_AM",0.0678548714933374,0.399021535323862
"EcMAM_to_AM",0.0291967146935805,0.221494381960414
"AM_to_AM",-0.390714382095539,0.693582544481526
"AM_to_AM",0.0889613051475376,-0.66182466466572
"AM_to_AM",0.713064618600499,-0.898846997110597
"AM_to_AM",0.345164984080317,-0.712670615968126
"AM_to_AM",-0.519444018470096,1.92126631626184
"AM_to_AM",-0.672383311111057,0.81114898326459
"AM_to_AM",-0.108609930881922,0.822166660776153
"AM_to_AM",-0.168058290828839,0.318339179743604
"AM_to_AM",0.0178581199589563,-0.0288713675382524
"AM_to_AM",0.1327920749227,-0.211284278138841
"AM_to_AM",0.0274933549389427,-0.116416669040555
"AM_to_AM",0.0296817379412841,-0.13872357069291
"AM_to_AM",0.00176097069809811,-0.0295289250810296
"AM_to_AM",-0.0315848385141309,0.00604593134253939
"AM_to_AM",-0.00429679380191517,-0.00938191588535098
"AM_to_AM",0.00712610994345608,-0.0249609056755853
"AM_to_AM",0.0162622652239626,-0.0633378069878061
"AM_to_AM",-0.0415005010844691,0.0770898064943921
"AM_to_AM",-0.0187925035331737,0.0223451321843102
"AM_to_AM",0.119978180900634,0.0873758405562732
"AM_to_AM",-0.36254159276734,0.201042969192566
"AM_to_AM",0.142007671887716,-0.0890670284652435
"AM_to_AM",0.314319394688572,-0.896519832781849
"AM_to_AM",0.00736721336308332,-0.0135288343961104
"AM_to_AM",0.00798906187220805,-0.0117638635436652
"AM_to_AM",-0.0320666936784531,0.0952675672836074
"AM_to_AM",-0.31013701960217,0.474639227400162
"AM_to_AM",0.03438895182614,0.344586099151964
"AM_to_AM",0.431075305484582,-1.09599358108567
"AM_to_AM",-0.0566375203298428,0.0765982918681853
"AM_to_AM",-0.229141181774599,0.419402678481914
"AM_to_AM",0.187093152191801,-0.362535654224706
"AM_to_AM",-0.072250821365855,-0.0360000390195205
"AM_to_AM",-0.0972423140743568,0.0412717815888586
"AM_to_AM",-0.207702213258216,0.426433561318421
"AM_to_AM",-0.608337823459198,-0.08008818190455
"AM_to_AM",0.254040345755423,-0.716094228196742
"AM_to_AM",-0.0487218118099175,0.178910768864423
"AM_to_AM",-0.0731539440202655,0.419669710691993
"AM_to_AM",-0.0210361211471288,0.0635653052722374
"AM_to_AM",-0.58484230917347,1.54152857982004
"AM_to_AM",0.0752367133605691,-0.181896308033689
"AM_to_AM",-0.0792514212153121,0.241936733468542
"AM_to_AM",0.377651583984725,-0.963364949827267
"AM_to_AM",0.00780914740057193,-0.0079108139469195
"AM_to_AM",0.38469395702221,-0.922112511657759
"AM_to_AM",0.139575765384904,-0.00854554062716595
"AM_to_AM",-0.0239416566620851,0.249747134234653
"AM_to_AM",-0.359803016098297,1.12313467450686
"AM_to_AM",0.172450774364846,0.831228222170464
"AM_to_AM",0.0293621976981193,-0.103743997627586
"AM_to_AM",0.118957126761306,-0.713546492338733
"AM_to_AM",0.00472214695139583,-0.105161942291629
"AM_to_AM",-0.435556021855888,-0.830238058856304
"AM_to_AM",0.495143858306686,-0.496779647839307
"AM_to_AM",0.255006730473015,-0.483193791294122
"AM_to_AM",0.0188407049384005,0.057960421380411
"AM_to_AM",-0.0296747622545261,1.19762050464909
"AM_to_AM",0.174291785362964,-0.752729316896245
"AM_to_AM",0.360927654853288,-1.09496742281341
"AM_to_AM",0.0700951536851635,-0.207302523983105
"AM_to_AM",0.000709966265253659,-0.0017675867590583
"AM_to_AM",-0.109668663551745,0.719985834763271
"AM_to_AM",0.00644226332796061,-0.0101191287381042
"AM_to_AM",-0.00806755640294932,0.0774688240435273
"AM_to_AM",0.00434938093663484,0.0650660294663483
"AM_to_AM",0.20760829951703,-0.443146576125805
"AM_to_AM",0.210977238378063,-0.0699159021661644
"AM_to_AM",-0.0347704154836228,-0.306203214638564
"AM_to_AM",-0.353227543061634,1.27685089143938
"AM_to_AM",-0.049434709765255,0.0649091624285512
"AM_to_AM",0.322408899033578,-1.13711049163042
"AM_to_AM",-0.3764949480999,1.20812699320664
"AM_to_AM",0.0255314050735933,-0.0877781170396901
"AM_to_AM",0.168627804047691,-0.916196544599974
"AM_to_AM",0.00180120601627309,-0.318930068629679
"AM_to_AM",0.0303465772463654,0.0996734361449629
"AM_to_AM",-0.0877217297478048,0.0823923061422995
"AM_to_AM",0.0928365559272508,-0.0655926421653463
"AM_to_AM",0.000183632400350575,0.000136244395215979
"AM_to_AM",-0.0384155898211767,0.093831279815447
"AM_to_AM",-0.257245663644332,0.606348250563978
"AM_to_AM",-0.159343466263304,0.819313691302785
"AM_to_AM",-0.263141801149517,0.176517294361576
"AM_to_AM",0.279143245957791,-0.641843734189907
"AM_to_AM",0.048812349749827,-0.497735337076713
"AM_to_AM",0.077674201344988,0.206900428995958
"AM_to_AM",0.0628823608753533,-0.105754073994481
"AM_to_AM",-0.220769981999659,0.0233977605782454
"AM_to_AM",0.568496889219552,-0.608196686129047
"AM_to_AM",-0.290807344286813,0.61319864528692
"AM_to_AM",0.160978206842548,-0.937811989149613
"AM_to_AM",0.56210749450073,-0.3634210076004
"AM_to_AM",-0.550850416509549,0.297840560967352
"AM_to_AM",0.0207507645826281,-0.0676766120995245
"AM_to_AM",0.243972114898365,-0.52620161561192
"AM_to_AM",-0.0176231526340229,0.0354421649841141
"AM_to_AM",-0.0108798946368622,0.0222730334990073
"AM_to_AM",0.124873834018977,-0.0279301141045654
"AM_to_AM",-0.0313046492215661,0.116257566945889
"AM_to_AM",-0.109849704037646,0.0626399085660241
"AM_to_AM",-0.539536576165814,0.7101290103158
"AM_to_AM",0.122830772287902,-0.472509676859073
"AM_to_AM",0.457158061384554,-0.0425346392377532
"AM_to_AM",0.0905816262010339,-0.106815167602781
"AM_to_AM",0.256055421190906,0.114804642525627
"AM_to_AM",0.0211712955490002,-0.441714408385
"AM_to_AM",-0.134938287508247,0.189721850570162
"AM_to_AM",-0.202239768704697,0.210625333528794
"AM_to_AM",-0.77760108196235,1.16702086967675
"AM_to_AM",0.535760152394832,-1.10393098643286
"AM_to_AM",0.0626184921144104,0.122786533638147
"AM_to_AM",0.0637862806301688,-0.0323017023928651
"AM_to_AM",0.0407354415476417,0.00389040909450067
"AM_to_AM",-0.0219133351367096,0.0154030514635974
"AM_to_AM",-0.117084344353281,0.311978211486576
"AM_to_AM",-0.110513023280423,0.32479310609906
"AM_to_AM",0.0479160580185083,-0.109998598508332
"AM_to_AM",0.772295887548226,-1.55625885217746
"AM_to_AM",-0.245699875519018,0.347377619065254
"AM_to_AM",-0.609008724693307,1.42026404209442
"AM_to_AM",-0.0458591791245202,0.0824041251221117
"AM_to_NMAM",0.00506199934294749,-0.607655102408874
"AM_to_AM",0.0571043342125761,-0.0119741243962848
"AM_to_AM",0.00444292774887045,0.00170583707639649
"AM_to_AM",-0.241852499728961,0.846742732981924
"AM_to_AM",0.454192280341179,-0.765216070601635
"AM_to_AM",0.575830934938607,-0.249434496099042
"AM_to_AM",0.214105775897635,-0.421215768604206
"AM_to_AM",0,0
"AM_to_AM",-0.219352648898885,0.121741747546026
"AM_to_AM",-0.023527771220033,0.146238323183569
"AM_to_AM",-0.00904640161135051,0.0482376617036504
"AM_to_AM",-0.31276617870666,1.06832626464015
"AM_to_AM",0.134343523016021,-0.116932320922983
"AM_to_AM",0.100565786318075,-0.514560460425311
"AM_to_AM",0.0530542353189083,-0.117417977216547
"AM_to_AM",-0.00293030208246714,-0.13904890987063
"AM_to_AM",-0.407072004806663,-0.11544498383011
"AM_to_AM",0.492462868351842,-0.521957023328926
"AM_to_AM",0.213214425478739,0.103545650549532
"AM_to_AM",-0.0537636406199486,0.140615102401815
"AM_to_AM",-0.0385040853062724,0.1903154748023
"AM_to_AM",0.127201049150143,-0.443815235862496
"AM_to_AM",0.334306307463667,-1.16071806954351
"AM_to_AM",-0.234918880187751,0.813946916530746
"AM_to_AM",-0.230600502875618,0.810416770835854
"AM_to_AM",-0.368722476629969,0.865420372581895
"AM_to_AM",0.00124939384885647,-0.00260039831328074
"AM_to_AM",-0.274909799565303,0.414839592585868
"AM_to_AM",0.104410442433612,0.0388933836599596
"AM_to_AM",0.193058641301278,0.0733188316651869
"AM_to_AM",-0.157143788131837,-0.0599403789850506
"AM_to_AM",-0.342685566684544,0.253090331701026
"AM_to_EcM",0.0310990135479132,-0.0490772380972464
"EcM_to_EcM",0.023040911485972,-0.0324915209918615
"EcM_to_EcM",0.0372630322753549,-0.0723761087513544
"EcM_to_EcM",0.0851319954868923,-0.207959156243668
"EcM_to_EcM",0.00954682094514481,-0.00490742820613832
"EcM_to_EcM",0.0404308540052367,0.0565629509055894
"EcM_to_EcM",-0.0579920363108706,0.386355180530012
"EcM_to_EcM",-0.22188854326981,0.199465037160111
"EcM_to_EcM",-0.63461811800378,0.522663109847315
"EcM_to_EcM",0.227094198427933,-0.15632254731098
"EcM_to_EcM",0.603395968808391,-0.392478227699313
"EcM_to_EcM",0.0766097769960394,-0.312903012728827
"EcM_to_EcM",-0.0781705133637953,0.236895642768184
"EcM_to_EcM",0.125063210208294,-0.428422973782107
"EcM_to_EcM",0.0323844051309046,-0.0655223839426622
"EcM_to_EcM",0.191479590326349,0.223136217500646
"EcM_to_EcM",-0.0124379402588521,-0.0367989545164464
"EcM_to_EcM",-0.0380624243467076,0.0277236056448062
"EcM_to_EcM",-0.00611406181846519,-0.0373794666956995
"EcM_to_EcM",-0.0108912991699237,-0.0011031903670542
"EcM_to_EcM",0.0817790980520363,-0.308980789771099
"EcM_to_EcM",-0.0568126714637209,0.118533303400581
"EcM_to_EcM",-0.00014446784039257,-0.0131742378067008
"EcM_to_EcM",-0.088066060023928,0.197215667175919
"EcM_to_EcM",0.0277138751488608,-0.276297477248786
"EcM_to_EcM",-0.0446946907885855,0.392006007118451
"EcM_to_EcM",0.00196963749046852,-0.0331974961805601
"EcM_to_EcM",0.0704947822029898,-0.0333130204058252
"EcM_to_EcM",-0.0472882534533938,-0.357824259046208
"EcM_to_EcM",0.0290230258541408,-0.225654115140416
"EcM_to_EcM",-0.0845695677541234,-0.0163985373141529
"EcM_to_EcM",-0.0660113697588738,0.510662803145571
"EcM_to_EcM",-0.250970139817586,0.645141732483152
"EcM_to_EcM",0.208007184488715,-0.312781060680699
"EcM_to_EcM",-0.037469647793273,-0.871419823865214
"EcM_to_EcM",0.270999046767324,-0.266092546734649
"EcM_to_EcM",0.0864504140470381,-0.0458320234177245
"EcM_to_EcM",-2.22044604925031e-16,0
"EcM_to_EcM",0.40795733391915,-0.631571076321931
"EcM_to_AM",0.00842401997252407,0.0599743888164643
"AM_to_AM",-0.0110068639640681,0.774317710299643
"AM_to_AM",0.0192866375946958,-0.715370276098958
"EcM_to_EcM",-0.373946008947174,0.474730131829602
"EcM_to_EcM",0.0261105574382616,-0.0314037818772848
"EcM_to_EcM",0.853939846567587,-0.9165577007708
"EcM_to_EcM",-0.484416568663432,0.472123358634676
"EcM_to_EcM",-0.410555233448808,0.494781065295422
"EcM_to_EcM",-0.0282126354835035,0.197878941297523
"EcM_to_EcM",0.0841967119915408,-0.00494034431540458
"EcM_to_EcM",0.00722300615879679,-0.00619349457233698
"EcM_to_EcM",0,1.33226762955019e-15
"EcM_to_EcM",-2.22044604925031e-16,0
"EcM_to_EcM",-0.668565429253635,1.73676277475941
"EcM_to_EcM",0,-8.88178419700125e-16
"EcM_to_EcM",0,4.44089209850063e-16
"EcM_to_EcM",2.22044604925031e-16,4.44089209850063e-16
"EcM_to_EcM",-0.579501179227372,0.102541023467807
"EcM_to_EcM",0.525788764193978,-0.429532810283646
"EcM_to_EcM",-0.26357727410651,0.299270335090383
"EcM_to_EcM",2.22044604925031e-16,4.44089209850063e-16
"EcM_to_EcM",0.257149498025487,-0.864661594406088
"EcM_to_EcM",0.431274355476949,-1.12213983771783
"EcM_to_EcM",-0.0140075808356945,0.0430236750800792
"EcM_to_EcM",0.212011374385438,0.103447990324921
"EcM_to_EcM",0.000767027455318647,-0.00192396691819408
"EcM_to_EcM",-0.0151964922982295,0.112234912255506
"EcM_to_EcM",-0.0650009220203758,0.0845731184414755
"EcM_to_EcM",0.034511031633621,-0.310108854749333
"EcM_to_EcM",-0.0124116322388605,0.00654456553708771
"EcM_to_EcM",0.577324705202019,-0.493342857465383
"EcM_to_EcM",-0.132356647959065,0.5720575215106
"EcM_to_EcM",0.184048256095675,-0.637559662563834
"EcM_to_EcM",-0.449501031353356,-0.227002576154403
"EcM_to_EcM",-0.25135367023716,0.917303039612459
"EcM_to_EcM",0.500709927203722,-0.758973628374658
"EcM_to_EcM",-0.573906673644415,1.09363828142754
"EcM_to_EcM",-0.778978545836816,1.54117549802435
"EcM_to_EcM",0.289682852166031,-1.12471518461027
"EcM_to_EcM",0.187900247221628,-0.57424359657227
"EcM_to_EcM",-0.29716370816061,1.12362722334928
"EcM_to_EcM",0.608355949319574,-0.315318991321687
"EcM_to_EcM",0.193431882059011,-0.779817470352648
"EcM_to_EcM",-0.0766758549028324,0.192823979304574
"EcM_to_EcM",-0.110717816869266,0.297298678992126
"EcM_to_EcM",-0.185256637738811,0.0581241585830656
"EcM_to_EcM",0.270555862987391,-0.310366494291643
"EcM_to_EcM",0.353726239283545,-0.992256800978415
"EcM_to_EcM",0.0318859424275635,0.0133381800834513
"EcM_to_EcM",-0.503955736635412,1.39246459866979
"EcM_to_EcM",0.478758859801727,-0.885270789661043
"EcM_to_EcM",-0.0246027916884355,0.0267131574777224
"EcM_to_EcM",0.137456282486791,-0.142450786598944
"EcM_to_EcM",0.195603175809077,-0.549350032539111
"EcM_to_EcM",-0.00320990731108828,-0.00574731094405756
"EcM_to_EcM",-0.0111666159123742,-0.00644588337162055
"EcM_to_EcM",-0.255226894711974,0.0907267321722962
"EcM_to_EcM",0.0633890182038508,-0.0865097517989559
"EcM_to_EcM",-0.119440874826075,-0.147581100449491
"EcM_to_EcM",-0.11577076830283,0.0850479474579551
"EcM_to_EcM",0.0992522398871563,-0.105458235016057
"EcM_to_EcM",0.195153654414069,0.0872064173305853
"EcM_to_EcM",0.0191058539431936,-0.140268240251878
"EcM_to_EcM",0.149918445757716,-0.062898817795987
"EcM_to_EcM",0.000817246859986298,-0.00728931108838804
"EcM_to_EcM",0.107107357993814,-0.0637600288030526
"EcM_to_EcM",-0.0813020544774439,-0.166406514833779
"EcM_to_EcM",0.0697088197513287,0.197039685340093
"EcM_to_EcM",0.41201155441865,0.129366631801998
"EcM_to_EcM",-0.251823616703723,0.26232663008047
"EcM_to_EcM",-1.11022302462516e-16,0
"EcM_to_EcM",-0.0494640125114292,0.00517652479111286
"EcM_to_EcM",-0.414713273398022,0.804807057823835
"EcM_to_EcM",0.361313794272393,-0.799218677231734
"EcM_to_EcM",-0.295653076020885,0.451206584993464
"EcM_to_EcM",0,8.88178419700125e-16
"EcM_to_EcM",1.11022302462516e-16,-1.77635683940025e-15
"EcM_to_EcM",-0.31678927695615,0.417677803649078
"EcM_to_EcM",0.533899540239845,-0.889725056261377
"EcM_to_EcM",1.11022302462516e-16,-1.33226762955019e-15
"EcM_to_EcM",-0.134273148705214,0.0520155752688796
"EcM_to_EcM",-0.401162611871224,0.704800169736834
"EcM_to_EcM",-0.129523053755962,0.133391196030155
"EcM_to_EcM",-2.22044604925031e-16,4.44089209850063e-16
"EcM_to_EcM",0.646840953285482,-0.950425054394032
"EcM_to_EcM",-0.532508957258116,0.606966461277376
"EcM_to_EcM",-0.125811654445048,0.35528108588491
"EcM_to_EcM",0.0258338939638392,-0.105516651102446
"EcM_to_EcM",0,4.44089209850063e-16
"EcM_to_EcM",0.235193942070839,-0.609381153589329
"EcM_to_EcM",-4.44089209850063e-16,0
"EcM_to_EcM",-0.0233860612021743,-0.0436176689118031
"EcM_to_EcM",-0.0216042690099847,0.201797171928954
"EcM_to_EcM",-0.183905357313129,0.425476890365003
"AM_to_AM",-0.0139765525624096,-0.00259102666232369
"AM_to_AM",0.000803402153705113,-0.00169462446423685
"AM_to_AM",0.0159391392389787,0.0146461518343104
"AM_to_AM",0.0425805160300259,-0.030288697825549
"AM_to_AM",0.000481087567653526,-0.00118507196226103
"AM_to_AM",0.0737927898270299,-0.126274541774238
"AM_to_AM",0.430912061963819,-0.647549043379585
"AM_to_AM",0.0519714845076846,-1.85474321181085
"AM_to_AM",0.443781093161075,1.10975569403437
"AM_to_AM",0.205179740676113,-0.542911412778176
"AM_to_AM",-0.215154527545651,0.0182740427430046
"AM_to_AM",0.216619011866469,-0.0221491097890318
"AM_to_AM",-0.00117517314067372,-0.00192112156974611
"AM_to_EcMAM",0.028581879974519,-0.0731390738865021
"EcMAM_to_EcMAM",0.128857780964921,-0.276072005248944
"EcMAM_to_EcMAM",0.339497146531642,-0.565305034478688
"EcMAM_to_EcMAM",-2.22044604925031e-16,0
"EcMAM_to_EcMAM",0.151653639385661,-0.384767695318853
"EcMAM_to_EcMAM",0.0136141626921775,-0.11382908666472
"EcMAM_to_EcMAM",-0.327621727437943,0.0927143804376263
"EcMAM_to_EcMAM",0.147331621159655,-0.0429592173129754
"EcMAM_to_EcMAM",-0.0116125525962316,-0.488152775123433
"EcMAM_to_EcMAM",0.192251397856237,0.435481777902273
"EcMAM_to_EcMAM",0.301236083526366,-0.682961486507573
"EcMAM_to_EcMAM",-0.691857139797057,1.57060249372588
"EcMAM_to_EcMAM",0.306211057923469,-0.521347399300377
"EcMAM_to_EcMAM",0.170040398316619,-0.54290224059032
"EcMAM_to_EcMAM",-0.0286325115297417,0.0556571707292424
"EcMAM_to_EcMAM",-0.189419936309071,0.526210466725868
"EcMAM_to_EcMAM",-0.0898207896946017,0.048788098791273
"EcMAM_to_EcMAM",-0.0988784865486743,0.195903905691993
"EcMAM_to_EcMAM",-0.437391562823811,0.0957318333101211
"EcMAM_to_EcMAM",-0.447398957185089,1.65726747563124
"EcMAM_to_EcMAM",0.553437298421435,-1.71521358497131
"EcMAM_to_EcMAM",0.337045310038573,0.225918059121937
"EcMAM_to_EcMAM",0.0423710887139501,-0.393028406940938
"EcMAM_to_EcMAM",0.0391991800452955,-0.0789233841985704
"EcMAM_to_EcMAM",0.00770560576021029,-0.460441898474713
"EcMAM_to_EcMAM",0.0721928065758679,-0.0488757370216
"EcMAM_to_EcMAM",0.0568127183257394,-0.0637020736630109
"EcMAM_to_EcMAM",0.173931708567067,0.40382081521424
"EcMAM_to_EcMAM",0.25764986643308,-0.887737834016735
"EcMAM_to_EcMAM",-0.227651507032841,0.371091866865191
"EcMAM_to_AM",-0.713511070009801,1.51731949008842
"AM_to_AM",-0.137961774041526,-0.108590290319088
"AM_to_AM",0.128816464165761,0.000833040558192888
"AM_to_AM",0.268516451364639,-0.493713684972901
"AM_to_AM",-0.257331576524542,0.493786016211306
"AM_to_AM",-0.278226682191713,-0.109703118493373
"AM_to_AM",-0.0124611889689279,0.0555679967907965
"AM_to_AM",-0.149432186872215,0.469460093303177
"AM_to_AM",-0.0917800499705985,0.296649538797267
"AM_to_AM",-0.0398800004110326,0.118335608100631
"AM_to_AM",-0.262317951936259,0.751537148078111
"AM_to_AM",0.167084510030889,-0.478171383322338
"AM_to_AM",-0.125540820639097,0.279262549734782
"AM_to_AM",0.212981959439139,-0.529506275449194
"AM_to_AM",-0.00113249392560721,0.0077514345702121
"AM_to_AM",0.390499654490958,-0.939956950562963
"AM_to_AM",-0.548950298543315,2.02448356232505
"AM_to_AM",-0.0312963247697324,0.0470157483998879
"AM_to_AM",-0.197446100053468,0.302340143558224
"AM_to_AM",-0.207267182939078,0.359285301560333
"AM_to_AM",-0.32696441601067,1.23110111761042
"AM_to_AM",-0.0975411449707981,0.0821491919192812
"AM_to_AM",-0.536234513400649,0.897812766887503
"AM_to_AM",-0.111621574801656,-0.352188106220051
"AM_to_AM",0.336694648281729,-0.61220648350617
"AM_to_AM",0.020767395546968,0.0111264574768422
"AM_to_AM",0.345957436569454,-0.462743155495847
"AM_to_AM",0.377910587976306,-0.228659671343276
"AM_to_AM",-0.15098432521736,-0.0748706586742802
"AM_to_AM",-0.459038170099827,0.827268011140146
"AM_to_AM",0.378225203004666,-0.966403413481396
"AM_to_AM",0.28986399790141,-0.620580986375515
"AM_to_AM",-0.238015380430408,0.488102556830856
"AM_to_AM",0.224749759141456,-0.354318309135456
"AM_to_AM",-0.0122457614038005,-0.121389900161818
"AM_to_AM",-0.0284976954695073,-0.0659522443633782
"AM_to_AM",-0.0340474538381259,0.0901025780375524
"AM_to_AM",-0.196834449811106,0.274700627045853
"AM_to_AM",-0.312397571974945,0.287043409035381
"AM_to_AM",0.0246650080571811,0.114513918991157
"AM_to_AM",0.0682275006854678,-0.0931035873120303
"AM_to_AM",0.112287143774359,-0.0755549264194286
"AM_to_AM",0.23176417766706,-0.377845104533313
"AM_to_AM",0.117948193587682,-0.128307043684893
"AM_to_AM",-0.0573745131105048,0.0295537813720887
"AM_to_AM",-0.0438552111610355,-0.328504770465143
"AM_to_AM",0.0551567027282218,-0.0748878628008711
"AM_to_AM",0.0264592240613182,-0.013823875615306
"AM_to_AM",-2.22044604925031e-16,0
"AM_to_AM",0.0350729699220631,0.223939432633093
"AM_to_AM",0.260093413468842,0.0617360101205611
"AM_to_AM",-0.250175533642317,0.00158923396942123
"AM_to_AM",0.284355467286689,-0.358120120871027
"AM_to_AM",-0.203159077610855,0.00492770953262411
"AM_to_AM",-0.128171048546479,0.0465206260473061
"AM_to_AM",-0.211983063816912,0.0905770877356145
"AM_to_AM",-0.126326368950357,0.428030637841748
"AM_to_AM",-0.400384857843459,0.757542552885387
"AM_to_AM",0.0472777370553441,-0.0607359715650908
"AM_to_AM",0.558929216677869,-1.35943167049923
"AM_to_AM",0.120597212939953,0.0264814851797599
"AM_to_AM",0.0830525325129785,-0.521799864317882
"AM_to_AM",-0.152248705092332,0.449327603166603
"AM_to_AM",-0.00712915091767197,0.127312793950209
"AM_to_AM",-0.365695574879675,0.972995023723345
"AM_to_AM",-0.113408206252977,-0.667892937605298
"AM_to_AM",0.00331798696250241,-0.0137300582814168
"AM_to_AM",0.0143814046045063,0.0515652145957195
"AM_to_AM",0.0481967381381434,-0.00315332802254886
"AM_to_NM",0.657837285553896,-1.73209891067547
"NM_to_NM",-0.000397695573945311,-0.00755493401545237
"NM_to_NM",-0.000589348158305691,-0.00705331958532973
"NM_to_NM",0.000552166984510105,-0.00412390870212764
"NM_to_NM",-0.0532696082985327,-0.736746258903471
"NM_to_NM",0.165472757290569,-0.101253033910264
"NM_to_NM",-0.180550812823908,0.0307466001444405
"NM_to_NM",-0.00553285517784174,-0.585768124095905
"NM_to_NM",0.0487937825658153,0.0956308860031978
"NM_to_NM",0.000929486269766855,0.002553038158565
"NM_to_NM",0.212561910281519,-0.499443930729925
"NM_to_NM",-0.0935103172245098,0.826445275234533
"NM_to_NM",0.181204491988211,0.260738919508705
"AM_to_AM",-0.131972146472452,0.597449893861031
"AM_to_AM",-0.0127831475192193,0.0168209274615827
"AM_to_AM",0.0890883918811549,-0.545289356963788
"AM_to_AM",2.22044604925031e-16,-8.88178419700125e-16
"AM_to_AM",-0.116593708919475,0.037889385623938
"AM_to_AM",-0.116506232448484,0.160580229541369
"AM_to_AM",-0.0103871857321075,-0.0747529443239503
"AM_to_AM",0.00810924807726343,-0.000400872607588809
"AM_to_AM",0.257677151979939,-0.623528990397745
"AM_to_AM",0.00310110788738061,0.610637676673073
"AM_to_AM",-0.258197520330591,-0.137250676613309
"AM_to_AM",-0.154573564010793,0.229779662717164
"AM_to_AM",0.144738236500112,-0.1707825955638
"AM_to_AM",-0.226371656746665,0.292133875071024
"AM_to_AM",0.202077606207909,-0.369273177764371
"AM_to_AM",-0.895664934345439,1.52455371343192
"AM_to_AM",0.0684393423768797,-0.114916928206946
"AM_to_AM",0.0920942962262146,-0.0874931363546407
"AM_to_EcM",0.12351858315527,-0.504076734113418
"EcM_to_EcM",4.44089209850063e-16,0
"EcM_to_EcM",0.38308806697476,0.121799659134324
"EcM_to_EcM",0.117771177851943,-0.0924244777969268
"EcM_to_EcM",-0.000578841003009201,0.00244734387411771
"EcM_to_EcM",-0.117192336848934,0.089977133922809
"EcM_to_EcM",-0.132998553606813,0.850434276127304
"EcM_to_EcM",0.27893387740498,-0.65642406405308
"EcM_to_EcM",0.159690257785488,-0.433859089316176
"EcM_to_EcM",-0.609636456508284,-0.169487492218487
"EcM_to_EcM",0.0195258733430279,-0.114860321013498
"AM_to_AM",0.0976214994789404,0.602705432394655
"AM_to_AM",0.299899583559267,-0.773680987204827
"AM_to_AM",0.026687833495691,-0.0524777192526003
"AM_to_AM",0.00677485886259732,-0.033849339128178
"AM_to_AM",-0.548946380460455,0.215994284569923
"AM_to_AM",1.01809934228387,-1.06511291618425
"AM_to_EcM",-0.217495948839545,0.755469169410487
"EcM_to_EcM",-0.228354984747114,0.326561015184668
"EcM_to_EcM",-0.467922133356427,1.39290882558424
"EcM_to_EcM",0.347623088219016,-1.11028728813352
"EcM_to_EcM",-0.0692824417151727,-0.147483755888068
"EcM_to_EcM",0.131977615950998,-0.0527608692258323
"EcM_to_EcM",0.00507057175574477,0.0616531187200482
"EcM_to_EcM",1.11022302462516e-16,-4.44089209850063e-16
"EcM_to_EcM",0.0125299028353555,-0.252602256211368
"EcM_to_EcM",0,0
"EcM_to_EcM",1.11022302462516e-16,-4.44089209850063e-16
"EcM_to_EcM",-0.0944980746033237,1.21641576382139
"EcM_to_EcM",0.106753518957024,-1.31051032276299
"EcM_to_EcM",0.306704650186966,-1.70197312449183
"EcM_to_EcM",-0.311597268271599,1.64763344957723
"EcM_to_EcM",-0.0357249731535257,0.147866288656591
"EcM_to_EcM",0.0159221230137837,-0.0867947631429211
"EcM_to_EcM",-1.11022302462516e-16,0
"EcM_to_EcM",-0.203303525703658,-0.0332760269537498
"EcM_to_EcM",2.22044604925031e-16,-4.44089209850063e-16
"EcM_to_EcM",-1.11022302462516e-16,4.44089209850063e-16
"EcM_to_EcM",0.0152525242065503,-0.260401823821677
"EcM_to_EcM",0.000721799821364666,0.000148604715403344
"EcM_to_EcM",0.125076109843504,0.0326905552312513
"EcM_to_EcM",-0.00707568431552608,-0.00839653473681734
"EcM_to_EcM",0.0453689741854627,-0.0787245014502376
"EcM_to_EcM",0.0293383741528562,0.318640025181968
"EcM_to_EcM",-0.014623978719947,0.0745041611774959
"EcM_to_EcM",0.101791777834625,-0.141984063757714
"EcM_to_EcM",-0.116415756554572,0.21648822493521
"EcM_to_EcM",0.0560885249860273,0.613121936537553
"AM_to_AM",-0.135668774435624,1.47983242029166
"AM_to_AM",-0.0762824125778871,0.105341927556841
"AM_to_AM",-0.005605707181771,0.00763685970477468
"AM_to_AM",-0.146076877925291,0.182971575124467
"AM_to_AM",-0.0668768627459193,-0.0654980898217858
"AM_to_AM",0,4.44089209850063e-16
"AM_to_AM",-0.154724964792666,-0.118401155131241
"AM_to_AM",-0.172093899886598,0.175733273583307
"AM_to_AM",0.205238156289715,-0.23763080283534
"AM_to_AM",0.496001693517365,-0.996276319846871
"AM_to_AM",-0.0016693479168356,0.00501517150522668
"AM_to_AM",-0.585186015289403,1.72692152125868
"AM_to_AM",-0.176532577570165,-0.0202574587034152
"AM_to_AM",0.573015957245825,-1.09568761602867
"AM_to_AM",-0.0836155033944785,0.200982780038783
"AM_to_AM",-0.0341712878157697,-0.166801091994969
"AM_to_AM",-0.310318011049583,0.28737749610637
"AM_to_AM",-0.369282307447876,0.821207032279079
"AM_to_AM",-0.0375840786295625,0.043839848807
"AM_to_AM",0.0754689012059242,-0.0850910558308628
"AM_to_AM",0.00700197935499791,-0.00481553417814684
"AM_to_AM",-0.272010629093469,0.897505660924759
"AM_to_AM",-0.223961224214925,1.08199613154674
"AM_to_AM",-0.142794156272629,0.128122132063778
"AM_to_AM",1.16753363586425,-2.47127803540423
"AM_to_AM",0.116274623430638,-0.366709097631291
"AM_to_AM",-0.00300256130893611,0.00339562096667478
"AM_to_AM",-0.416359167610831,0.522108337965066
"AM_to_AM",-0.37795337960136,0.376186171918508
"AM_to_AM",-0.237882641769024,0.642545580553924
"AM_to_AM",0.16221413321359,-0.185948689848528
"AM_to_AM",0.08100455425468,-0.0267118422127819
"AM_to_AM",0.0931543119598877,-0.431915260549112
"AM_to_AM",0.00600005537156822,-0.0184007916148019
"AM_to_AM",0.00917351700559976,-0.0510553809751384
"AM_to_AM",-0.00474524050056058,0.000695991485379466
"AM_to_AM",0.0334090406193821,-0.058639265975521
"AM_to_AM",0.000568384879396033,0.000185179382880207
"AM_to_AM",0.0288050640823949,-0.0547309904976441
"AM_to_AM",0.235049020283545,-0.46389522912424
"AM_to_AM",0.00378849924014002,0.0100925930967541
"AM_to_AM",0.0491490927504388,0.611744125705877
"AM_to_AM",-0.0574208685151347,-0.559638754594179
"AM_to_AM",-0.0227640650895131,0.0322797605203524
"AM_to_AM",0.00337665549795996,-0.0885396720845426
"AM_to_AM",0.0116793139769686,-0.00173739974890275
"AM_to_AM",0.268607707090105,0.0369366359452652
"AM_to_AM",-0.229646134194365,-0.0427325094956625
"AM_to_AM",-0.0461974002039702,-0.108979901586276
"AM_to_AM",-0.233397862613844,0.45805343773808
"AM_to_AM",0.0786008031121621,-0.285648876211468
"AM_to_AM",-0.0643763024867612,-0.316784965728591
"AM_to_AM",0.134239314412961,0.0628907298517651
"AM_to_AM",-0.0380785024896222,0.109567506853148
"AM_to_AM",-0.241785375738142,0.316383736337449
"AM_to_AM",0.00859358930877696,0.354604905210635
"AM_to_AM",0.00464820673943467,-0.0161895323146197
"AM_to_AM",0.0168262798548915,-0.0354439838517058
"AM_to_AM",0.0685220615150974,0.442002332753392
"AM_to_AM",0.00458740291721194,-0.145511652202138
"AM_to_AM",0.0200515232422958,-0.159075823018798
"AM_to_AM",-0.00483902560283034,-0.32346205420457
"AM_to_AM",0.104987813920507,-0.510404937121376
"AM_to_AM",-0.0367429219233211,0.46603640053178
"AM_to_AM",-0.0683699754271458,0.143273556659357
"AM_to_AM",0.128835679108208,0.432113411409428
"AM_to_AM",-0.124077508842201,0.448341591131602
"AM_to_AM",0.153605938692459,-0.349303571194266
"AM_to_AM",0.00871135024414205,-0.0557451340228168
"AM_to_AM",-0.0397295596331562,0.123560255884184
"AM_to_AM",0.280882865113636,0.0956240741922851
"AM_to_AM",0.373369209402288,-0.409694732404044
"AM_to_AM",-0.159401431830215,0.21413567984036
"AM_to_AM",0.549785844448273,-0.874079735911237
"AM_to_AM",-0.709187276278489,1.0882154157516
"AM_to_AM",-0.419663667024644,0.147709066710889
"AM_to_AM",0.173499398242707,-0.70258176429623
"AM_to_AM",0.117595387901052,-0.158550449920601
"AM_to_AM",0.462946030457164,-0.845523814878014
"AM_to_AM",-0.0373271395112846,0.0834890727891522
"AM_to_AM",-0.00308019625166622,0.0046263865554228
"AM_to_AM",-0.278862493309233,0.610372670273497
"AM_to_AM",-0.153839431651697,0.0548004899225289
"AM_to_AM",-0.344902578065291,1.36990217672122
"AM_to_AM",0.0940689419327164,-1.28055053259765
"AM_to_AM",0.0697037199119427,0.0910138084860468
"AM_to_AM",0.149298563230007,-0.255618498233461
"AM_to_AM",-0.279217118569197,1.10930162305091
"AM_to_AM",0.353718413825669,-1.23685750033399
"AM_to_AM",-0.0812871968624421,0.569256554606452
"AM_to_AM",0.193813586840742,-0.614813537323666
"AM_to_AM",0.0687644706518298,0.0523440363152381
"AM_to_AM",0.0070373318855359,-0.0928222550030302
"AM_to_AM",-0.0138420612731276,0.0167948845671404
"AM_to_AM",0.0250213939193842,-0.0628058851684754
"AM_to_AM",0.00846799712181801,-0.0118867540030561
"AM_to_AM",0.348189857449613,-0.696120605232876
"AM_to_AM",0.194258331009957,-0.71019416462603
"AM_to_AM",-0.0968474459132671,0.0326567600593402
"AM_to_AM",0.124348925333505,-0.133200145258274
"AM_to_AM",0.0990053934985253,0.169445843248411
"AM_to_EcMAM",0.043327674991203,0.18050736997412
"EcMAM_to_EcMAM",-0.000602642812195242,-0.00835356509049978
"EcMAM_to_EcMAM",0.0597746475376695,-0.0439235926077939
"EcMAM_to_EcMAM",-0.300515730567833,0.560733124235735
"EcMAM_to_EcMAM",0.683853106121328,-0.842417005425361
"EcMAM_to_EcMAM",-0.238856459031268,-0.222266735517804
"EcMAM_to_EcMAM",0.0685501742198916,-0.568980230842675
"EcMAM_to_EcMAM",-0.32987346865066,0.325807089101172
"EcMAM_to_EcMAM",0.00117553922448921,0.0125521061025169
"EcMAM_to_AM",0.0981719146653941,0.145656392081093
"AM_to_AM",-0.00130885886474874,0.00942768636450309
"AM_to_AM",0.270743181513456,-0.141699167390551
"AM_to_AM",-0.429816931435615,1.28750446655798
"AM_to_AM",0.57086121752712,-0.546211216125184
"EcMAM_to_EcMAM",-0.00735834173863603,0.00259726104279423
"EcMAM_to_EcMAM",-0.00451746239755835,0.00316732999492597
"EcMAM_to_AM",-0.09641076777572,0.0587857066129081
"AM_to_AM",0,4.44089209850063e-16
"AM_to_AM",0,0
"AM_to_AM",2.22044604925031e-16,4.44089209850063e-16
"AM_to_AM",-0.358896720430902,0.398222639713206
"AM_to_AM",-0.470187858601564,0.621136739804265
"AM_to_AM",-0.228794668072795,0.437801789448739
"AM_to_AM",0,-8.88178419700125e-16
"AM_to_AM",0,0
"AM_to_AM",0.00355900338145831,-0.00885457388496835
"AM_to_AM",0.142102445889412,-0.278972991855634
"AM_to_AM",0.030065220379266,-0.0201819181698433
"AM_to_AM",0.438038100033285,-0.773902370016159
"AM_to_AM",0.269667307949066,0.226927859218184
"AM_to_AM",0.223234557122169,-0.0339764975152361
"AM_to_AM",0.232284996941619,-0.969815024649072
"AM_to_AM",0.398663164379867,0.270808319301802
"AM_to_AM",0.115658861905825,-1.37706299940185
"AM_to_AM",0.0187191490463647,-0.574378107872446
"AM_to_AM",0.847457787189595,-0.990430386430492
"AM_to_AM",-0.853403064856318,0.831250179536924
"AM_to_AM",-0.297457005809857,0.600245613467997
"AM_to_AM",0,4.44089209850063e-16
"AM_to_AM",-0.660489201466771,1.2408294062259
"AM_to_AM",-0.383575586781443,0.725560427827703
"EcMAM_to_EcMAM",0.00609498474628012,0.0400952050133587
"EcMAM_to_EcMAM",0.025921051850593,-0.0116025368162593
"EcMAM_to_EcMAM",-0.0241098817549716,0.0235171255020323
"EcMAM_to_AM",0.137245820172865,-0.191122522451977
"AM_to_AM",-0.0214313384177882,0.0233960873823547
"AM_to_AM",-0.0676108245863558,0.0740197683124486
"AM_to_AM",-0.19824933687393,0.38354550002193
"AM_to_AM",-0.446078529433025,0.32273612295814
"AM_to_AM",0.0638657918405566,-0.335746413759668
"AM_to_AM",-0.0662273477251334,0.337454990478899
"AM_to_AM",0.470459190964868,-0.515814430523904
"AM_to_AM",0.337802217436855,-0.39059348231603
"AM_to_AM",-0.025041356258209,-0.392190702728743
"AM_to_AM",0.0244053398335173,-0.22234146969094
"AM_to_AM",-0.0449624613585076,-0.0996184055583544
"AM_to_AM",-0.427222990735908,1.00402114503005
"AM_to_AM",-0.0762104681189634,0.244368369670867
"AM_to_AM",-0.13946283370034,0.269373574007631
"AM_to_AM",0.0232628255971682,0.103220995173974
"AM_to_AM",-0.211239292641542,0.331658534976755
"AM_to_AM",0.222036250315799,-1.53524407180267
"AM_to_AM",0.235340032327458,0.853174899819112
"AM_to_AM",-0.0675709482878881,0.813807970301038
"AM_to_AM",-0.0845374058587407,-0.337485014387159
"AM_to_AM",0.0944874567470322,-2.22056597406061
"AM_to_AM",-0.808391484701346,-0.629437627277729
"AM_to_AM",0.639953367632276,5.09628011153221
"AM_to_AM",0.390174454408211,-2.12763407647797
"AM_to_AM",0.105519754674824,-0.131690043445439
"AM_to_AM",0.108366037146094,-0.141418882213657
"AM_to_NMAM",0.108219186602949,-0.380178126808992
"NMAM_to_NMAM",0.149652208803528,-0.107140862849878
"NMAM_to_NMAM",-0.0514283766534234,-0.0622604286575354
"NMAM_to_NMAM",-0.421366225378894,0.86385917337623
"NMAM_to_NMAM",0.384178389136381,-0.908879661596345
"AM_to_AM",0.805411983294376,-0.677351571514298
"AM_to_AM",-0.0380699507097118,0.0553946119377664
"AM_to_AM",-0.0150683324103245,0.000560940721311187
"AM_to_AM",-0.0178730286115842,0.000982905689241864
"AM_to_AM",-0.0252014971860786,-0.00291929078493425
"AM_to_AM",0.211154581551716,0.640419396269942
"AM_to_AM",-0.554339547775466,-0.680173253035975
"AM_to_AM",-0.225369231240931,0.0753260270922596
"AM_to_AM",0.0279105106480551,-0.0119060206945476
"AM_to_AM",0.005236972937259,0.00550573221381256
"AM_to_AM",-0.0231678232706705,0.182850981807373
"AM_to_AM",-0.00249858144290127,-0.00780242705703271
"AM_to_AM",-0.139028234439192,0.343400442345636
"AM_to_AM",0.156755376660475,-0.613098333121855
"AM_to_AM",-0.20750823490793,0.738458149728778
"AM_to_AM",0.14124628642697,-0.620321972757901
"AM_to_AM",0.0479196710378023,0.183939006725804
"AM_to_AM",0.124907794747771,0.0497101632446419
"AM_to_AM",-0.00475162131201246,-0.371829077696164
"AM_to_AM",0.239617372796365,0.465299744362233
"AM_to_AM",0.00234749332319972,0.0351421355100867
"AM_to_NM",0.00956264109206117,-0.485445102904922
"NM_to_NM",0.0708222213119962,-0.0187246955449512
"NM_to_NM",-0.117246835381372,0.317915747728204
"NM_to_NM",0.615171153512709,-0.449562017623685
"NM_to_NM",-0.445135585350565,-0.0405044454934043
"NM_to_NM",0,0
"NM_to_NM",-0.0155513396844087,0.12989286289202
"NM_to_NM",0.0195399801268612,-0.188560868226515
"NM_to_NM",0,8.88178419700125e-16
"NM_to_NM",-2.22044604925031e-16,0
"NM_to_NM",-0.0659821933113005,-0.00363852973250367
"NM_to_NM",-0.0122672059052589,0.0427794872516252
"NM_to_NM",-0.0265251642130219,0.128099632864637
"NM_to_NM",-0.0271898231930198,-0.0760775770355124
"NM_to_NM",0.0061465970745721,0.177702943740587
"NM_to_NM",-0.0537149874060416,0.123481019811269
"NM_to_NM",0.0559076242977361,-0.344565116703096
"AM_to_AM",-0.00287434596166836,0.75835808363728
"AM_to_AM",0.272655160489751,-0.304195980328719
"AM_to_AM",-0.272972478693088,0.387916182348792
"AM_to_AM",0.0427036111766693,-0.129458553659474
"AM_to_AM",0.0499174428724305,-0.169570478740318
"AM_to_AM",0.242841284205134,-0.474187057195182
"AM_to_AM",-0.00575725869087562,0.0382450761606057
"AM_to_AM",-0.0271964072696596,0.181176450580321
"AM_to_AM",-0.104751914565482,2.26870632790419
"AM_to_AM",-0.21336716187251,0.38112183261745
"AM_to_AM",-0.0409164866639358,-0.127799410092875
"AM_to_AM",-0.0679099732476568,0.322187991141527
"AM_to_AM",0.010321649778565,-0.0688989735160899
"AM_to_NMAM",0.248147629903288,-1.3937689903404
"AM_to_AM",0.00686641907970564,-0.308498242519788
"AM_to_AM",0.258614547446432,-1.008813380722
"AM_to_AM",0.0434359290849733,-0.124226076327798
"AM_to_AM",0.166364881336883,-0.694172837924032
"AM_to_AM",-0.191916148643801,0.294506746197595
"AM_to_AM",0.0360471242630288,-0.0383089318477983
"AM_to_AM",0.3361042243656,0.342814778055076
"AM_to_AM",0.117602854464461,-0.824990094869209
"AM_to_AM",-0.698538879724041,0.840876754477697
"AM_to_AM",0.125155222363292,-0.318782389417409
"AM_to_AM",0.0903619253403507,-0.348313781446978
"AM_to_AM",0.0016827397948993,-0.0231899287580086
"AM_to_AM",0.000473390523344719,-0.0127202668577855
"AM_to_AM",-0.0881710885241579,0.0618308004243784
"AM_to_AM",0.02257371892424,-0.170581661469616
"AM_to_AM",-0.0161426937600871,-0.0293688715096483
"AM_to_AM",-0.00592901018998404,0.00549622217303369
"AM_to_AM",-0.0234428314571309,0.0259625443217182
"AM_to_AM",0.00849875544285095,-0.0441149827546363
"AM_to_AM",-0.0252504151117051,-0.122100216025685
"AM_to_AM",0.178267907818588,-0.672176557475301
"AM_to_NMAM",-0.220544808521734,0.903764901035837
"AM_to_AM",-0.00875676733511566,-0.00676672815621249
"AM_to_AM",0.0316745214831877,-0.145444216371248
"AM_to_AM",-0.067385889554941,0.297857437721206
"AM_to_AM",0.0384970714586583,0.0603502844226602
"AM_to_AM",-0.184646479855551,0.585655705808819
"AM_to_AM",0.223479738082265,-0.989526668762467
"AM_to_AM",0.118780556514904,-0.377123021802656
"AM_to_AM",-0.189934645614302,0.220808419330684
"AM_to_AM",0.224537397050646,-0.330670627146848
"AM_to_AM",-0.81812351422298,1.2361560936235
"AM_to_AM",-0.0270750853820291,0.10736477770128
"AM_to_AM",-0.0376571947125661,-0.00955656035762198
"AM_to_AM",0.0494668933171295,-0.0693324162563318
"AM_to_AM",0.0166534676436245,-0.0127025069180737
"AM_to_AM",0.130793116445231,-0.119493811433408
"AM_to_AM",-4.44089209850063e-16,0
"AM_to_AM",0.072230351540991,-0.0994236444196339
"AM_to_AM",0.00809416001625762,0.00709140106873374
"AM_to_AM",0.0397159410042258,-0.128196192848891
"AM_to_AM",0.0430055529371316,-0.171047244304947
"AM_to_AM",0.0555314309175328,-0.253851544087055
"AM_to_AM",0.0165516861747681,-0.123244763169839
"AM_to_AM",0.0382828828954589,-0.168547826439381
"AM_to_AM",0.0708525320690465,-0.178590965554415
"AM_to_AM",0.00189383966887036,-0.0675217550950595
"AM_to_AM",-0.000766673557995645,-0.000764801330512377
"AM_to_AM",-0.0265442392820656,0.0153443646954683
"AM_to_AM",-0.031885163959275,0.158436108145765
"AM_to_AM",-2.22044604925031e-16,0
"AM_to_AM",0.057996381176288,0.645217933883316
"AM_to_AM",4.44089209850063e-16,0
"AM_to_AM",-0.0756803497233252,-0.0972792666336195
"AM_to_AM",0.17287665717471,-0.0152305287766046
"AM_to_AM",2.22044604925031e-16,-8.88178419700125e-16
"AM_to_AM",-0.256644593787691,-0.860458586411135
"AM_to_AM",-2.22044604925031e-16,0
"AM_to_AM",-0.075629483729774,-0.150138605490943
"AM_to_AM",0.121060021493238,0.756256993912233
"AM_to_AM",-0.0477851513130323,-0.0579449561565584
"AM_to_AM",-0.110839074079998,-0.191236294276692
"AM_to_AM",0.289574280411939,0.0410005808985572
"AM_to_AM",-0.302559683745753,-0.0634049579998539
"AM_to_AM",-0.0439440876999677,0.0102021160350478
"AM_to_AM",0.0508333577520177,-0.469254291360404
"AM_to_AM",0.00377080212630521,-0.0146253105769665
"AM_to_NMAM",-0.0636780985761312,-1.27237066621407
"AM_to_AM",0.0527492361814257,0.00477041105792608
"AM_to_AM",0.210093368590969,-0.475416169247414
"AM_to_AM",0.119961443306673,0.505264888174513
"AM_to_AM",0.0189547381084934,0.0840856497214153
"AM_to_AM",-0.0265166241974515,0.287874109165158
"AM_to_AM",-0.0274427781868138,0.170896700055028
"AM_to_AM",-2.22044604925031e-16,8.88178419700125e-16
"AM_to_AM",2.22044604925031e-16,-8.88178419700125e-16
"AM_to_AM",0,0
"AM_to_AM",0.0127092900968955,-0.741491378312541
"AM_to_AM",-4.44089209850063e-16,8.88178419700125e-16
"AM_to_AM",-0.115124081412989,-0.392836676384646
"AM_to_AM",2.22044604925031e-16,-8.88178419700125e-16
"AM_to_AM",-0.13296399954132,-0.265541083860564
"AM_to_AM",0.092342990516213,-1.0953500417358
"AM_to_AM",0.279994734641031,-0.162552338903114
"AM_to_AM",-0.451596318034202,4.82724936260401
"AM_to_AM",0.180590162736056,-1.33471441077622
"AM_to_AM",0.130160921070167,-0.665540274813087
"AM_to_NMAM",0.252511006240793,0.235566292425315
"AM_to_AM",-0.0185596358923144,-0.0552149485601614
"AM_to_AM",-2.86624513383682e-05,-7.90875679790304e-05
"AM_to_AM",0.00380000885464371,-0.00286083264817538
"AM_to_AM",0.0952752621095188,-0.00804454768477481
"AM_to_AM",0.0287760659847547,0.11968286453822
"AM_to_AM",-0.0141858650802016,0.106201661239182
"AM_to_AM",0.0685058507649117,0.119721211326694
"AM_to_AM",-0.0319298147303397,-0.349925948078002
"AM_to_AM",0.054295611859261,-0.138759963033465
"AM_to_AM",-0.171373519804375,-0.0603644476798477
"AM_to_AM",-0.0250646393740237,0.128127050229547
"AM_to_AM",-0.102003488882038,-0.172885408397398
"AM_to_AM",0.00868177745176713,0.0196510875134663
"AM_to_AM",0.000255798219833459,0.0177317968629449
"AM_to_AM",-0.0753520191143005,0.583961581495444
"AM_to_AM",0.389499332230299,-0.290496886929516
"AM_to_AM",-0.000575292673455241,0.00061333812761788
"AM_to_AM",-0.280765419064523,0.42319753766752
"AM_to_AM",-0.126825215996901,0.0113480223202433
"AM_to_AM",0.095220489791233,-0.645310243492919
"AM_to_AM",0.018340559128839,-0.0562321106972208
"AM_to_AM",-0.039275523287907,-0.109238441444048
"AM_to_AM",-0.009122990468309,0.205129301822349
"AM_to_AM",0.0328100890979974,-0.0467884642331029
"AM_to_AM",0.0117152202013064,-0.026324748086564
"AM_to_AM",0.00568936884609594,-0.00564756030595959
"AM_to_AM",0.0493057937943657,0.263013954109755
"AM_to_AM",0.0960749354878181,-0.407326347655656
"AM_to_AM",0.0462614826717072,-0.293455028096477
"AM_to_AM",0.100745775842151,-0.103701039455155
"AM_to_AM",0.312044250822895,-0.311684671882694
"AM_to_AM",0.00650251346801145,-0.00980941886246534
"AM_to_AM",0.105590383353842,-0.238628490351908
"AM_to_AM",0.000497169760592886,-0.406332660748565
"AM_to_AM",0.118717120318508,0.136914886455437
"AM_to_AM",-0.126390864365586,0.291631432996728
"AM_to_AM",0.116191594788645,0.153997165537835
"AM_to_AM",-0.201256987927937,0.0422808061665529
"AM_to_AM",-0.685741997527985,1.21468352426199
"AM_to_AM",-0.00923875388764439,-0.217813224977437
"AM_to_AM",0.0351122218031745,-0.056298155679178
"AM_to_AM",0.028360576713097,-0.151267431272486
"AM_to_AM",0.271127902407041,-0.274679545357826
"AM_to_AM",-0.151262031869301,-0.364651682526228
"AM_to_AM",-0.0036838425914556,0.310044715701934
"AM_to_AM",0.136261319392398,-0.119461650640992
"AM_to_AM",-0.139274854757275,0.373091031447991
"AM_to_AM",-0.192149248677272,-0.0823934994341018
"AM_to_AM",0.201764800435087,-0.352627106371978
"AM_to_AM",-0.0231852833022284,0.0801201860560612
"AM_to_AM",-0.506576583290418,0.191742860980155
"AM_to_AM",0.450905305724318,0.000637497647848484
"AM_to_AM",0.096757441611846,-0.303786159243615
"AM_to_AM",-0.122664896710156,0.661574352842369
"AM_to_AM",-0.0168533688495678,0.278447734355562
"AM_to_AM",-0.0685246616772477,0.332210997593023
"AM_to_AM",2.22044604925031e-16,-8.88178419700125e-16
"AM_to_AM",0.162171672468888,-1.4632194348234
"AM_to_AM",0.24073399497199,-0.733197303116255
"AM_to_AM",-0.619528905432502,3.24661706339304
"AM_to_AM",0.225064237723828,-0.389721986587023
"AM_to_AM",-0.000168026466093263,-0.0217807028073547
"AM_to_AM",-0.295424810633289,-0.0122003943442954
"AM_to_AM",0.289251634476729,-0.788007563184734
"AM_to_AM",-0.159130547350546,0.759495540777463
"AM_to_AM",-0.0518970097167288,0.810625259859421
"AM_to_AM",0.463903096936608,-1.00978038358146
"AM_to_AM",-0.04967461973527,0.0709501963050148
"AM_to_AM",0.00565110669941227,0.0100428106556469
"AM_to_AM",0.00120012230433519,-0.0720845818510485
"AM_to_AM",0.067999552492193,-0.174480586094425
"AM_to_AM",0.110548661154703,-0.334833386325538
"AM_to_AM",0.0827026579633545,-0.313749499216922
"AM_to_AM",0.0209846558575579,-0.427762631985536
"AM_to_AM",0.198851862302132,-0.406232298537215
"AM_to_AM",0.186244340461162,-0.332699008729162
"AM_to_AM",-0.181697241507189,0.743664060054717
"AM_to_AM",-0.133510939189769,0.260208484159979
"AM_to_AM",0.0857350611461776,-0.359811516146926
"AM_to_AM",-0.0400247828201568,0.0370877411008159
"AM_to_AM",0.00110654800596688,0.0921516502574757
"AM_to_AM",0.108541915839009,0.100211242508495
"AM_to_AM",-0.105671558179875,0.138827817425751
"AM_to_AM",-0.0181891874305848,-0.0424151698085202
"AM_to_AM",-0.0354874048277387,-0.337512166257659
"AM_to_AM",-0.0490930568835175,0.140279900679177
"AM_to_AM",0.207774019505636,-0.41802650985997
"AM_to_AM",-0.501659714300443,1.32543668460672
"AM_to_AM",0.00518225928658445,0.0180851632351633
"AM_to_AM",0.00573385467496279,0.00204219466709965
"AM_to_AM",0.0518513394036908,-0.0750925977901158
"AM_to_AM",-0.0218336908272521,-0.0045435087755088
"AM_to_AM",-0.00747998019529805,-0.0328178952952065
"AM_to_AM",-0.608887811075992,1.1807095815021
"AM_to_AM",0.0109375246678483,-0.0267638660013088
"AM_to_AM",0.0838039122801186,-0.0624354286133215
"AM_to_AM",-0.136895992319672,0.0902533794415019
"AM_to_AM",0.306668584396441,-0.216737027575697
"AM_to_AM",0.299128513549799,-1.16353712213901
"AM_to_AM",-0.13924669425669,0.191379740845874
"AM_to_NMAM",0.349745238682048,-0.152379490496598
"AM_to_AM",-0.030502388749861,0.181323377434136
"AM_to_AM",0.0977548205548759,-0.745933051512962
"AM_to_AM",0.334641858052794,-0.577283278923911
"AM_to_AM",-0.0953942508255552,0.102790753314939
"AM_to_AM",0.0474791197136517,-0.176331386301698
"AM_to_AM",-0.0200261777981572,0.0287762243988476
"AM_to_AM",0.127247987230395,-0.42698432962466
"AM_to_AM",-0.360881126262486,0.796706106358347
"AM_to_AM",-0.154099135381381,1.13662999329148
"AM_to_AM",0.084557040497651,0.73300362472792
"AM_to_AM",-0.338405208250743,-0.290742357635975
"AM_to_NMAM",-0.45818939417304,0.667600156258122
"AM_to_NMAM",-0.0488492753260181,0.0513675708688188
"NMAM_to_NMAM",-0.0386700226212119,0.0130641780625753
"NMAM_to_NMAM",-0.0261794992013699,-0.00141333414934186
"NMAM_to_NMAM",0.0993736769808504,0.0923261399271893
"NMAM_to_NMAM",0.175073743885738,-0.110985932771774
"NMAM_to_NMAM",-2.22044604925031e-16,8.88178419700125e-16
"NMAM_to_NMAM",2.22044604925031e-16,8.88178419700125e-16
"NMAM_to_NMAM",0,-8.88178419700125e-16
"NMAM_to_NMAM",0.247561893532944,-1.5291738031577
"NMAM_to_NMAM",-0.0826797933376329,1.78759489888767
"NMAM_to_NMAM",2.22044604925031e-16,-8.88178419700125e-16
"NMAM_to_NMAM",-0.677386901084326,5.13103958672819
"NMAM_to_NMAM",-0.332563498622326,-0.106743873980455
"NMAM_to_NMAM",-0.153200526084404,0.954053056137433
"NMAM_to_NMAM",0.0449412279975725,-0.157312796098942
"NMAM_to_NMAM",-0.692260288401118,0.0658492548725773
"NMAM_to_NMAM",0.685466543667906,-1.41570140469472
"NMAM_to_NMAM",0.227540106678508,-1.40514639044775
"NMAM_to_NMAM",-0.210192993768095,1.20648642946474
"NMAM_to_NMAM",0.394575985679507,-2.73784039402507
"NMAM_to_NMAM",0.691984504987124,-1.88425616626168
"NMAM_to_NMAM",-0.191374222582539,0.320582082796422
"NMAM_to_NMAM",-0.280187221848042,-0.213649655648692
"NMAM_to_NMAM",-0.0144779693117545,0.0310359235945601
"NMAM_to_NMAM",-0.182839396050028,0.129238517244899
"NMAM_to_NMAM",0.18006609763934,-0.123293493068811
"NMAM_to_NMAM",0.0137506423093727,0.00576102687168545
"NMAM_to_NMAM",0.12891582036514,0.315116406563743
"NMAM_to_NMAM",-0.0769362338390084,-0.293338820614029
"AM_to_AM",0.0663310610644148,-0.100369509873378
"AM_to_AM",0.667109419593039,-1.37334529871295
"AM_to_AM",-0.00860614804021842,0.193242801067254
"AM_to_AM",-0.045064438670861,0.0945938642700743
"AM_to_AM",-0.294745844961085,0.53672495700408
"AM_to_AM",-0.0945622143641524,0.20430319228587
"AM_to_AM",-0.164789613801014,0.267970127934325
"AM_to_AM",0.172773219112239,-0.20856772245105
"AM_to_AM",0.417617453110834,-0.698070155096348
"AM_to_AM",0.0108136173097614,-0.0701637966223672
"AM_to_AM",-0.0388378986814312,0.477086543599248
"AM_to_AM",0.207235283568989,-1.15495834282678
"AM_to_AM",-0.211871101572574,1.21190494558268
"AM_to_AM",0.0472186622499051,-0.462323898565355
"AM_to_AM",0.0271828436613681,-0.356420761061216
"AM_to_AM",0.00188712072660491,0.0717930603467405
"AM_to_AM",0.607389209533617,-1.65021639783819
"AM_to_AM",-0.0294948927013614,0.0507210514790524
"AM_to_AM",-0.0444698093153187,0.081734136303151
"AM_to_AM",-0.0708379039012178,0.14283158499488
"AM_to_AM",-0.104959441767645,0.329951362019597
"AM_to_AM",-0.00165722672605195,0.0065331798285313
"AM_to_AM",-0.0676348208990308,0.149924356920593
"AM_to_AM",0.0533622481688735,-0.144070054725685
"AM_to_AM",-0.0396487982106307,0.144632408693351
"AM_to_AM",-0.107114759379799,0.00147761827822057
"AM_to_AM",0.0508550137725776,0.203748842216765
"AM_to_AM",0.28445046429047,-0.858893734335199
"AM_to_AM",-0.371443315938759,0.940250994874024
"AM_to_AM",0.0193035998774843,0.0592310191725725
"AM_to_AM",0.0190817458377298,-0.00999355020915438
"AM_to_AM",0.00636885560082101,0.000710674693549684
"AM_to_AM",0,0
"AM_to_AM",-1.11022302462516e-16,8.88178419700125e-16
"AM_to_AM",-1.11022302462516e-16,-8.88178419700125e-16
"AM_to_AM",1.11022302462516e-16,0
"AM_to_AM",0,-4.44089209850063e-16
"AM_to_AM",-2.22044604925031e-16,0
"AM_to_AM",-0.39466477660583,0.176172673462206
"AM_to_AM",0.349229249431207,0.668236020772674
"AM_to_AM",-1.11022302462516e-16,4.44089209850063e-16
"AM_to_AM",0.00735382874033663,-0.129243616637311
"AM_to_AM",0.134337098742253,-0.397166040552695
"AM_to_AM",-0.530587537232887,0.390527845569643
"AM_to_AM",-0.331333304962489,0.424800546789897
"AM_to_AM",-0.0148813591581074,-0.0082653760118796
"AM_to_AM",1.54023490971249,-0.0834056807580317
"AM_to_AM",-0.0367789061042603,-0.0196925134013779
"AM_to_AM",-0.0155280313929165,-0.0193985144804683
"AM_to_AM",0.211030476657608,-0.481368707602812
"AM_to_AM",-0.000790999746825172,-0.00140708316347204
"AM_to_AM",0.0488054452867673,-0.618644223467668
"AM_to_AM",-0.000126221773770863,-0.000707001911032012
"AM_to_AM",-0.00933992218091784,-0.00469375033639841
"AM_to_AM",0.0629651455880156,0.0744999727299729
"AM_to_AM",0.997348845809004,0.40747711081879
"AM_to_AM",-0.0497240687702838,0.42077367751697
"AM_to_AM",-0.0339969699578079,-0.00719915883051181
"AM_to_AM",0.00378478988926945,-0.501206198626135
"AM_to_AM",-0.279384352162705,0.098464965890011
"AM_to_AM",-0.0794777294575653,0.394252137122289
"AM_to_AM",-0.131329475044529,-0.0374782831118452
"AM_to_AM",0.131329475044529,0.0374782831118452
"AM_to_AM",1.11022302462516e-16,-4.44089209850063e-16
"AM_to_AM",0,4.44089209850063e-16
"AM_to_AM",0,0
"AM_to_AM",0,4.44089209850063e-16
"AM_to_AM",-0.283150691003676,-0.0542172863727717
"AM_to_AM",0.0763873405819889,-0.0801795488486579
"AM_to_AM",-0.0390620649065251,-0.198895210334197
"AM_to_AM",-0.138698289040262,-0.0511181103384502
"AM_to_AM",-0.147860192076665,-0.0931602603213784
"AM_to_AM",1.11022302462516e-16,-4.44089209850063e-16
"AM_to_AM",0,4.44089209850063e-16
"AM_to_AM",-0.392500558166206,0.144283968715217
"AM_to_AM",-0.192907410912714,-0.235643853002529
"AM_to_AM",-0.124333204188391,-0.102638930941603
"AM_to_AM",-0.0556327310613639,-0.0799136947926575
"AM_to_AM",-0.0554367616665984,-0.0344066234702742
"AM_to_AM",-0.158626991661628,0.0726579728739192
"AM_to_AM",0.0546845015881976,-0.137169499359311
"AM_to_AM",-0.0791265114234201,0.112105447235081
"AM_to_AM",-0.00464353636721493,-0.264471891838665
"AM_to_AM",-0.0337912600829694,0.318925828552498
"AM_to_AM",-0.484741505847414,1.40380373245953
"AM_to_AM",-0.184119551241062,0.241923722690076
"AM_to_AM",-0.0135135999142791,0.0178034226791026
"AM_to_AM",0.00732877533878107,0.0430361032328905
"AM_to_AM",0.209711120057719,-0.373513644438912
"AM_to_AM",-0.0190642041122456,0.0464622617336818
"AM_to_AM",-0.0069668719023982,0.0250481951567121
"AM_to_AM",-0.00947046366601778,0.0361508375388895
"AM_to_AM",0.314941133394594,-0.265362518494015
"AM_to_AM",-0.000518513462717252,0.000768925046003233
"AM_to_AM",-0.578068183896875,0.94584714442165
"AM_to_AM",0.0163162086786205,-0.0323524373378539
"AM_to_AM",0.000208338926185658,-0.0270906359326291
"AM_to_AM",0.134201078217297,-0.291139164383352
"AM_to_AM",-0.126402711289821,0.241327423486
"AM_to_AM",0.0663694893085068,-0.0659022682634012
"AM_to_AM",-0.0738952798021658,0.0802704697916568
"AM_to_AM",0.159321081544494,-0.254761162702478
"AM_to_AM",0.00418836745927587,-0.224503722722094
"AM_to_AM",-0.0341054160386181,-0.21618924861061
"AM_to_AM",0.0391723441029329,-0.0554068384720843
"AM_to_AM",-0.00812583022700719,0.4942937469197
"AM_to_NMAM",-0.143274952575661,0.493848275695882
"AM_to_AM",0.00756304239722849,-0.0276617887106529
"AM_to_AM",-0.000204086236554657,-0.00692691427197101
"AM_to_AM",0.00155434964862278,-0.0031225861188795
"AM_to_AM",-0.00547401358862387,0.0316041668873277
"AM_to_AM",-0.00288952886655736,0.0242273055839104
"AM_to_AM",-0.407048144103708,0.736654182339888
"AM_to_AM",0.387500113929137,-0.572753379657453
"AM_to_AM",-0.110734308991356,0.580738441634537
"AM_to_AM",0.0011616436065196,-0.00449804969079803
"AM_to_AM",0.136776186936975,-0.325159081576379
"AM_to_AM",0.142192003575357,-0.755045531985025
"AM_to_AM",-0.0919544683410396,-0.00692633648020458
"AM_to_AM",-0.0162014320986531,-0.24272180322201
"AM_to_AM",-0.0436856417393622,0.238210896555915
"AM_to_AM",0.022615475565506,-0.0501267962250624
"AM_to_AM",0.0323335758482816,-0.0639785951755951
"AM_to_AM",0.111634008584316,-0.194549811494621
"AM_to_AM",0.52456361573664,-1.06429735249046
"AM_to_AM",-0.456129372122129,0.852040914441891
"AM_to_AM",0.00972814474629846,-0.0189155903937785
"AM_to_AM",-0.0118713718822664,0.0708496188907155
"AM_to_AM",0.0204373795157677,0.0289763029389469
"AM_to_AM",0.000547483377106639,-0.00601232619200243
"AM_to_AM",0.00522794865202769,-0.014530221884991
"AM_to_AM",-0.0175479294450813,0.0436700761838407
"AM_to_AM",0.0731709947016986,-0.211381825547614
"AM_to_AM",-0.118009168441002,0.321296449625027
"AM_to_AM",-0.0809968196019988,-0.0325834011208674
"AM_to_AM",0.0738589688324567,0.0520171971598051
"AM_to_AM",0.118133096802367,-0.308119599665686
"AM_to_AM",-0.0376066672768021,-0.0286071542134461
"AM_to_AM",-0.00156428722150648,0.20582081528303
"AM_to_AM",-0.0393491243111579,-0.0284755099586169
"AM_to_AM",0.132774971329928,-0.320816985069365
"AM_to_AM",-0.151829372824254,0.372340021472608
"AM_to_AM",-0.208474632468849,0.438231136602671
"AM_to_AM",-0.0642805116285066,-0.000750188774786498
"AM_to_AM",0.0195710808697711,0.0947331565163729
"AM_to_AM",0.0914463858816266,-0.159155691920723
"AM_to_AM",0.270121574829819,-0.462694665697357
"AM_to_AM",-0.236999983254935,0.405048977748137
"AM_to_AM",-0.500812088071125,0.430250439975974
"AM_to_AM",-0.521176112625216,0.683112557482325
"AM_to_AM",-0.646262976711758,0.831379620681119
"AM_to_AM",-0.0545731109985267,0.0485599849106451
"AM_to_AM",-0.0175748566480368,-0.00949332521199509
"AM_to_AM",-0.0253502292263441,-0.135914929153142
"AM_to_AM",-0.105684303040052,0.0651346403736262
"AM_to_AM",-0.18023720133881,0.372886315896038
"AM_to_AM",-0.0539949294245247,0.209852994459686
"AM_to_AM",-0.0425240851361499,0.143842025228565
"AM_to_AM",-0.0475000894996904,0.0697149970299717
"AM_to_AM",-0.0693735016563464,0.126973810718565
"AM_to_AM",-0.0638086492369381,0.151578153837999
"AM_to_AM",-0.0307560887339304,-0.13772678908411
"AM_to_AM",-0.0572985134967277,0.0410830942801224
"AM_to_AM",0.0312647085313542,-0.0941722116476207
"AM_to_AM",1.11022302462516e-16,8.88178419700125e-16
"AM_to_AM",-0.370649598074247,0.676691483168034
"AM_to_AM",0.302261759201111,-0.361287033733622
"AM_to_AM",0.370649598074246,-0.676691483168034
"AM_to_AM",-0.402224341902013,0.605717709370657
"AM_to_AM",-0.396942859961001,0.853314330425599
"AM_to_AM",-0.297880617866004,0.270379913651341
"AM_to_AM",0.894068975220712,-1.66717429821904
"AM_to_AM",-0.227901397153959,0.463024348179074
"AM_to_AM",0.0135892101807656,-0.0378923905162818
"AM_to_AM",0.04025234157783,0.0338175073156295
"AM_to_AM",1.11022302462516e-16,-4.44089209850063e-16
"AM_to_AM",0.059356571137024,-0.329253319256865
"AM_to_AM",-0.0112681225431998,0.0919564075011592
"AM_to_AM",-0.0327665568808857,0.250169409721812
"AM_to_AM",0.0300058021507891,-0.229813391139269
"AM_to_AM",0.110718540226427,-0.428365737839248
"AM_to_AM",-0.0993215720760253,0.341076756655277
"AM_to_AM",0.00022096918005976,0.0451532334426905
"AM_to_AM",0.00884021291955039,-0.00306958302657101
"AM_to_AM",0.0408093894224114,-0.0313143213812133
"AM_to_AM",-0.133075807819488,-0.0615815830687572
"AM_to_AM",0.026821350432737,-0.116693058198268
"AM_to_AM",-0.0511936199369806,0.105414652576371
"AM_to_AM",0.597610939393218,-0.264890747549205
"AM_to_AM",-0.147906223569037,0.22931616378532
"AM_to_AM",-0.0152110318416989,-0.117052026914195
"AM_to_AM",-0.00481789463093135,0.148105193390979
"AM_to_AM",-0.0238818420852461,0.0428633709218027
"AM_to_AM",-0.238663650726686,0.36686933923132
"AM_to_AM",-0.204709191316065,0.416074254410864
"AM_to_AM",-0.0406528801201557,-0.0389082270491241
"AM_to_AM",0.188290612096842,-0.213247009810772
"AM_to_AM",-0.267041211938609,0.419071471182376
"AM_to_AM",-0.09312473596075,0.119204801715784
"AM_to_AM",0.0756903241686935,-0.0918447379044505
"AM_to_AM",0.158278150931027,-0.320679271703626
"AM_to_AM",0.0393521560538705,-0.103663162450802
"AM_to_AM",0.0493788251012235,-0.0138154457221011
"AM_to_AM",-0.00254182675980941,0.0489809165760127
"AM_to_AM",-0.0144333232095978,0.259627990913558
"AM_to_AM",-0.043890912439994,0.166635034756146
"AM_to_AM",-0.0713133306909617,0.134126561229256
"AM_to_AM",0.0163769974415413,-0.0885819523468263
"AM_to_AM",0.0620091245088759,-0.633430651942216
"AM_to_AM",0.0615089994671935,-0.0346696277991572
"AM_to_AM",-0.182938621373163,0.837638717732217
"AM_to_AM",0.0620605918357153,-0.0165365804773585
"AM_to_AM",0.0565346625841257,0.348091237062772
"AM_to_AM",-0.00181951830755911,0.104393112129909
"AM_to_AM",0.181492230471651,-1.16070090165636
"AM_to_AM",0.00139705538436041,-0.409645133831282
"AM_to_AM",-0.0532266694108907,0.237490577579124
"AM_to_EcM",0.122064180517677,-0.131024606214981
"EcM_to_EcM",0.0145886451402359,-0.0144448643415824
"EcM_to_EcM",0.0514263522608077,-0.034177371532369
"EcM_to_EcM",0.1095965214367,-0.050597401037296
"EcM_to_EcM",0.0570566484283017,-0.0718651203323271
"EcM_to_EcM",0.0266325319152036,-0.034319492454721
"EcM_to_EcM",-0.200424098081223,-0.0175108338901921
"EcM_to_EcM",-0.0390706798265417,0.0324744534380597
"EcM_to_EcM",-0.315117727839294,0.187951245476973
"EcM_to_EcM",-0.263923804777113,0.227310757580925
"EcM_to_EcM",0.136141715648981,-0.151095423819917
"EcM_to_EcM",0.136876937228164,-0.00980894320006254
"EcM_to_EcM",0.250106798125562,-0.29513097876759
"EcM_to_EcM",0.317236004880663,-0.00231482441521491
"EcM_to_EcM",0.00217199062821871,-0.00251505296662158
"EcM_to_EcM",0.0282271873568616,-0.0855007362811944
"EcM_to_EcM",-0.00275926830993334,-0.0535720398740658
"EcM_to_EcM",-0.0204387460104154,0.0486477721007876
"EcM_to_EcM",-0.0229617305998104,0.088223909894475
"EcM_to_EcM",-0.0298712206469802,0.0515675357760337
"EcM_to_EcM",-0.304629680063055,-0.00287553707318411
"EcM_to_EcM",0.283156984839064,0.0399444601097438
"EcM_to_EcM",0.0813283705427592,-0.485984318369091
"EcM_to_EcM",0.411927282591296,-0.884692780110258
"EcM_to_EcM",-0.218454265827306,0.673306091513775
"EcM_to_EcM",0.243041858202048,-0.138563876396352
"EcM_to_EcM",-0.436862928957174,0.735947072869672
"EcM_to_EcM",0.0146840027221038,0.0264594558593143
"EcM_to_EcM",0.084180969568812,-0.188566769058323
"EcM_to_EcM",-0.0433817664325868,-0.0638211854070465
"EcM_to_EcM",0.155409825414751,-0.192636460469783
"EcM_to_EcM",-0.0404073585775211,0.0137948873815779
"EcM_to_EcM",-0.372968547727802,0.433905912287
"EcM_to_EcM",0.180958311607113,-0.36835449599451
"EcM_to_EcM",0.17945789084092,0.0447972463145905
"EcM_to_EcM",-0.115850761295171,0.370250991918778
"EcM_to_EcM",0.174948640160902,-0.16316985836041
"EcM_to_EcM",-0.00891042061059455,0.00380388680423449
"EcM_to_EcM",0.00349125098310177,-0.0533537601929557
"EcM_to_EcM",-0.135023723865057,0.178975658971266
"EcM_to_EcM",0.190322496672779,-0.530431442399251
"EcM_to_EcM",-0.0690237958213715,-0.0897319682263538
"EcM_to_EcM",0.0924028738903868,0.0245741528398034
"EcM_to_EcM",-0.254890449518994,0.650185633848586
"EcM_to_EcM",0.202973176529818,-0.642530732689575
"EcM_to_EcM",-0.326684786730609,0.588860627236022
"EcM_to_EcM",0.335573066499967,-0.15854646747445
"EcM_to_EcM",-0.199338969496189,0.0943434804817933
"EcM_to_EcM",0.0121570998214331,0.0518073490676225
"EcM_to_EcM",0.046256420351019,-0.062524751225459
"EcM_to_EcM",0.312034407118066,-0.395457265280544
"EcM_to_EcM",-0.0829453281606761,0.0857978155958512
"EcM_to_EcM",-0.27425893883409,0.376814566589709
"EcM_to_EcM",-0.146270023487535,0.00652122464669302
"EcM_to_EcM",-0.0626911053712678,0.0599942175416626
"EcM_to_EcM",0.0419541719880296,-0.159352692861653
"EcM_to_EcM",0.137511169352836,0.0209534976418704
"EcM_to_EcM",0.281420757892008,-0.0511734162124999
"EcM_to_EcM",-0.130998753932275,0.0740942241736948
"EcM_to_EcM",-0.280005055153989,-0.0739873293627928
"EcM_to_EcM",-0.137300980065816,0.273123770968333
"AM_to_AM",-0.000801281808854082,0.00328423876365891
"AM_to_AM",0.0237471603034475,0.047202360797058
"AM_to_AM",-0.157563723365761,2.03449860404616
"AM_to_EcM",0.36742775521584,-1.61735071675647
"AM_to_AM",-0.422713882736786,0.310730853048096
"AM_to_AM",0.0929801825813084,-0.253126062357138
"AM_to_AM",0.051723266744524,0.109799605735138
"AM_to_AM",0.0879373414166318,-0.0753366099346962
"AM_to_AM",-0.0547104086966463,-0.145013342729848
"AM_to_AM",0.0377591907908683,-0.148227846755267
"AM_to_AM",0.0375738412321431,-0.0794762700490139
"AM_to_AM",0.00797978749291772,-0.0280106824590352
"AM_to_AM",0.0556616421914999,-0.155598745416145
"AM_to_AM",0.143369085428207,0.00345997691735889
"AM_to_AM",0.123344619921009,-0.270518502864934
"AM_to_AM",0.11002587311449,-0.453960607650338
"AM_to_AM",0.10444386259591,-0.0164128131173777
"AM_to_AM",-0.178343347801111,0.744740548081007
"AM_to_AM",0.00393771647924646,-0.109753035974457
"AM_to_AM",0.0841960952700771,0.0231309416691392
"AM_to_AM",-0.0350067946890584,0.158001439347064
"AM_to_AM",-0.0919476425966568,0.568492224763728
"AM_to_AM",0,8.88178419700125e-16
"AM_to_AM",-2.22044604925031e-16,0
"AM_to_AM",-0.091463816640837,0.553472547119231
"AM_to_AM",2.22044604925031e-16,4.44089209850063e-16
"AM_to_AM",0.109206878821314,0.448469238109246
"AM_to_AM",0.366251981811205,-1.33654369421356
"AM_to_AM",-4.44089209850063e-16,4.44089209850063e-16
"AM_to_AM",-0.0289434596595028,0.126805231360464
"AM_to_AM",-0.178475193630466,0.616108118110716
"AM_to_AM",-0.308528321878665,0.407518634496152
"AM_to_AM",0.0385023008869871,-0.278232779170646
"AM_to_AM",0.055396888028211,-0.265413136821005
"AM_to_AM",0.0438709860112141,-0.451935588841413
"AM_to_AM",0.175038584194047,-0.392238012728828
"AM_to_AM",2.22044604925031e-16,-8.88178419700125e-16
"AM_to_AM",-0.175905051737989,0.248733250658461
"AM_to_AM",-0.00336046010186331,0.0848456977993655
"AM_to_AM",0.234797509077765,-0.458018713208861
"AM_to_AM",-0.163517610543276,-0.892508480527296
"AM_to_NMAM",-0.339315354212811,0.910483591897634
"AM_to_AM",0.206598375804175,-0.351599843959678
"AM_to_AM",0.0714906639035295,-0.833522953453062
"AM_to_AM",-0.148428063652331,0.346817064461887
"AM_to_AM",-0.218292888533071,0.414081169996564
"AM_to_AM",-0.144478721964421,0.298309572205608
"AM_to_AM",0,-8.88178419700125e-16
"AM_to_AM",3.22525744599345e-05,-0.167119880216686
"AM_to_AM",-0.0361575825509088,0.218412472311881
"AM_to_AM",-0.124512776222917,0.280381747826309
"AM_to_AM",-0.31668767953158,0.549521016445406
"AM_to_AM",0.441774434717776,-0.662864532723423
"AM_to_AM",0.174312314289856,0.0857941053767886
"AM_to_AM",-0.0349867041332403,0.375482152466964
"AM_to_AM",-0.0561342678430552,0.686566595437635
"AM_to_AM",0.0153246961390896,-0.248592620740903
"AM_to_AM",0.167765563332004,-0.286004434028154
"AM_to_AM",0.0906709408615685,-0.224773479747217
"AM_to_AM",0.128806403054067,-0.149388490428122
"AM_to_AM",-0.196324176139039,0.735941582850439
"AM_to_NMAM",0.0351778200561028,-0.582309177248689
"NMAM_to_NMAM",-0.31349711253116,0.131793164084264
"NMAM_to_NMAM",0.36319122807363,-0.954395004945533
"AM_to_NMAM",-0.0985810522003174,-0.259299531282317
