binominal,F01286,F01287,F01289,F01290,F00679,F00727,F00261,F00709
Populus trichocarpa,Populus,trichocarpa,Salicaceae,Malpighiales,0.142950958,447.1676483,18.47826496,0.169293748
Populus tremula,Populus,tremula,Salicaceae,Malpighiales,0.175513092,330.4245883,22.06521968,0.169293748
Populus tremula,Populus,tremula,Salicaceae,Malpighiales,0.184985288,328.5961384,24.32415889,0.149140971
Populus tremula,Populus,tremula,Salicaceae,Malpighiales,0.168168468,328.6006754,18.08927732,0.199656428
Populus trichocarpa,Populus,trichocarpa,Salicaceae,Malpighiales,0.142943921,321.8236924,19.85131269,0.224914195
Populus trichocarpa,Populus,trichocarpa,Salicaceae,Malpighiales,0.155556526,213.3910262,16.59806059,0.223711447
Altingia obovata,Altingia,obovata,Altingiaceae,Saxifragales,0.309778103,50.32260667,13.00971209,0.158620886
Cryptocarya chinensis,Cryptocarya,chinensis,Lauraceae,Laurales,1.17740979,9.677502988,18.68932154,0.248276303
Elaeocarpus sylvestris,Elaeocarpus,sylvestris,Elaeocarpaceae,Oxalidales,0.230710953,96.7742137,18.39805969,0.324138331
Endospermum chinense,Endospermum,chinense,Euphorbiaceae,Malpighiales,0.493753478,50.32263988,15.33980987,0.137931592
Fraxinus excelsior,Fraxinus,excelsior,Oleaceae,Lamiales,0.373682861,32.82298012,17.88461507,0.370786634
Acer pseudoplatanus,Acer,pseudoplatanus,Sapindaceae,Sapindales,0.266508286,62.63158463,14.23077151,0.380898991
Acer platanoides,Acer,platanoides,Sapindaceae,Sapindales,0.3277509,29.80862631,11.44231091,0.468539413
Carpinus betulus,Carpinus,betulus,Betulaceae,Fagales,0.266508286,41.19618489,15.57692458,0.458427058
Tilia cordata,Tilia,cordata,Malvaceae,Malvales,0.312476868,33.15790831,11.82692625,0.562921379
Acer saccharum,Acer,saccharum,Sapindaceae,Sapindales,0.344,60.677714,14.3391667,0.086
Aesculus hippocastanum,Aesculus,hippocastanum,Sapindaceae,Sapindales,0.45175,19.4551804,12.1345,0.16
Aesculus parviflora,Aesculus,parviflora,Sapindaceae,Sapindales,0.3575,43.1980697,13.0635,0.104
Asimina triloba,Asimina,triloba,Annonaceae,Magnoliales,0.87266667,13.5497083,25.1578333,0.167
Catalpa bignonioides,Catalpa,bignonioides,Bignoniaceae,Lamiales,0.424,37.2625294,27.365875,0.111
Cercidiphyllum japonicum,Cercidiphyllum,japonicum,Cercidiphyllaceae,Saxifragales,0.368,27.3518018,12.418875,0.16
Chionanthus virginicus,Chionanthus,virginicus,Oleaceae,Lamiales,0.71025,13.8829073,17.741875,0.164
Cornus florida,Cornus,florida,Cornaceae,Cornales,0.49175,39.0481292,16.490875,0.121
Diospyros virginiana,Diospyros,virginiana,Ebenaceae,Ericales,0.67,24.3812773,18.69375,0.124
Fraxinus americana,Fraxinus,americana,Oleaceae,Lamiales,0.3215,38.9314865,22.201195,0.14
Gleditsia triacanthos,Gleditsia,triacanthos,Fabaceae,Fabales,0.578,20.1666095,21.7725,0.134
Halesia tetraptera,Halesia,tetraptera,Styracaceae,Ericales,0.35533333,50.5249308,21.6178333,0.094
Hamamelis virginiana,Hamamelis,virginiana,Hamamelidaceae,Saxifragales,0.48775,24.2948197,12.6095,0.189
Ilex opaca,Ilex,opaca,Aquifoliaceae,Aquifoliales,0.34875,44.4679349,15.9265,0.107
Juglans nigra,Juglans,nigra,Juglandaceae,Fagales,0.437,31.2309868,26.1415,0.149
Koelreuteria paniculata,Koelreuteria,paniculata,Sapindaceae,Sapindales,0.3545,97.5361959,10.60925,0.062
Liquidambar styraciflua,Liquidambar,styraciflua,Altingiaceae,Saxifragales,0.4775,31.7217945,11.675,0.148
Liriodendron tulipifera,Liriodendron,tulipifera,Magnoliaceae,Magnoliales,0.85275,15.188097,20.488125,0.129
Magnolia acuminata,Magnolia,acuminata,Magnoliaceae,Magnoliales,0.98275,12.3825956,20.45075,0.141
Magnolia denudata,Magnolia,denudata,Magnoliaceae,Magnoliales,0.8045,20.901448,19.18475,0.111
Magnolia grandiflora,Magnolia,grandiflora,Magnoliaceae,Magnoliales,1.224,9.09111363,18.337,0.137
Magnolia kobus,Magnolia,kobus,Magnoliaceae,Magnoliales,0.6415,27.3247642,36.931,0.122
Magnolia macrophylla,Magnolia,macrophylla,Magnoliaceae,Magnoliales,1.099,12.8950057,31.934,0.134
Magnolia stellata,Magnolia,stellata,Magnoliaceae,Magnoliales,0.7315,31.1656067,26.25345,0.096
Magnolia tripetala,Magnolia,tripetala,Magnoliaceae,Magnoliales,0.82925,17.9964774,23.634125,0.135
Magnolia virginiana,Magnolia,virginiana,Magnoliaceae,Magnoliales,1.07975,20.1308844,24.71325,0.115
Nyssa sylvatica,Nyssa,sylvatica,Cornaceae,Cornales,0.87833333,13.5728051,16.4591667,0.157
Platanus occidentalis,Platanus,occidentalis,Platanaceae,Proteales,0.48675,11.9773904,9.219875,0.149
Populus deltoides,Populus,deltoides,Salicaceae,Malpighiales,0.3375,87.255293,13.853,0.066
Prunus sargentii,Prunus,sargentii,Rosaceae,Rosales,0.275,81.442106,19.3871667,0.103
Sassafras albidum,Sassafras,albidum,Lauraceae,Laurales,0.89225,20.51455,23.2033333,0.103
Styphnolobium japonicum,Styphnolobium,japonicum,Fabaceae,Fabales,0.4815,36.8176184,26.334125,0.154
Syringa reticulata,Syringa,reticulata,Oleaceae,Lamiales,0.303,89.918499,23.893875,0.078
Ulmus americana,Ulmus,americana,Ulmaceae,Rosales,0.243,71.7696306,16.32825,0.077
Ardisia quinquegona,Ardisia,quinquegona,Primulaceae,Ericales,0.42,20.1,18.2,0.36
Magnolia macclurei,Magnolia,macclurei,Magnoliaceae,Magnoliales,0.55537,17.04,26.13,0.24
Magnolia yunnanensis,Magnolia,yunnanensis,Magnoliaceae,Magnoliales,0.72074,17.24,18.45,0.21
Magnolia lotungensis,Magnolia,lotungensis,Magnoliaceae,Magnoliales,0.69685,12.01,21.26,0.24
Magnolia balansae,Magnolia,balansae,Magnoliaceae,Magnoliales,0.58004,20.16,21.71,0.23
Magnolia odora,Magnolia,odora,Magnoliaceae,Magnoliales,0.57602,13.82,20.57,0.24
Magnolia fulva,Magnolia,fulva,Magnoliaceae,Magnoliales,0.66407,19.39,21.11,0.23
Magnolia cavaleriei,Magnolia,cavaleriei,Magnoliaceae,Magnoliales,0.74241,15.4,21.1,0.22
Manglietia paruicula,Manglietia,paruicula,Magnoliaceae,Magnoliales,0.50389,21.82,22.15,0.19
Magnolia champaca,Magnolia,champaca,Magnoliaceae,Magnoliales,0.46352,19.9,16.22,0.29
Magnolia opipara,Magnolia,opipara,Magnoliaceae,Magnoliales,0.56288,12.67,26.76,0.19
Magnolia maudiae,Magnolia,maudiae,Magnoliaceae,Magnoliales,0.56276,17.86,17.3,0.29
Liriodendron chinense,Liriodendron,chinense,Magnoliaceae,Magnoliales,0.53111,19.09,15.52,0.19
Magnolia ernestii,Magnolia,ernestii,Magnoliaceae,Magnoliales,0.66861,17.82,21.83,0.22
Magnolia grandiflora,Magnolia,grandiflora,Magnoliaceae,Magnoliales,0.57981,9.74,21.64,0.24
Magnolia baillonii,Magnolia,baillonii,Magnoliaceae,Magnoliales,0.575,19.33,18.79,0.27
Magnolia dandyi,Magnolia,dandyi,Magnoliaceae,Magnoliales,0.6237,17.69,23.33,0.13
Magnolia chapensis,Magnolia,chapensis,Magnoliaceae,Magnoliales,0.5768,23.43,23.52,0.17
Cryptocarya chinensis,Cryptocarya,chinensis,Lauraceae,Laurales,0.75796,4.93,21.06,0.31
Machilus velutina,Machilus,velutina,Lauraceae,Laurales,0.45361,21.78,27.5,0.28
Machilus kwangtungensis,Machilus,kwangtungensis,Lauraceae,Laurales,0.42593,32.3,21.25,0.3
Litsea cubeba,Litsea,cubeba,Lauraceae,Laurales,0.40593,39.99,25.62,0.42
Cinnamomum camphora,Cinnamomum,camphora,Lauraceae,Laurales,0.41574,35.41,25.86,0.27
Litsea verticillata,Litsea,verticillata,Lauraceae,Laurales,0.52339,15.59,31.63,0.35
Cryptocarya concinna,Cryptocarya,concinna,Lauraceae,Laurales,0.48475,18.16,22.84,0.37
Machilus robusta,Machilus,robusta,Lauraceae,Laurales,0.47895,18.0,19.57,0.25
Cinnamomum micranthum,Cinnamomum,micranthum,Lauraceae,Laurales,0.3063,18.17,19.64,0.32
Cinnamomum cassia,Cinnamomum,cassia,Lauraceae,Laurales,0.53449,22.75,29.24,0.13
Litsea baviensis,Litsea,baviensis,Lauraceae,Laurales,0.70594,13.02,34.54,0.13
Cinnamomum porrectum,Cinnamomum,porrectum,Lauraceae,Laurales,0.44185,14.68,20.93,0.28
Ocotea lancifolia,Ocotea,lancifolia,Lauraceae,Laurales,0.35796,30.07,20.82,0.44
Orophea creaghii,Orophea,creaghii,Annonaceae,Magnoliales,0.39934,45.31,24.45,0.39
Helicia formosana,Helicia,formosana,Proteaceae,Proteales,0.18426,97.81,13.16,0.72
Syzygium hancei,Syzygium,hancei,Myrtaceae,Myrtales,0.14568,100.3,12.31,0.34
Syzygium levinei,Syzygium,levinei,Myrtaceae,Myrtales,0.1187,118.85,15.8,0.29
Eucalyptus urophylla,Eucalyptus,urophylla,Myrtaceae,Myrtales,0.14444,106.21,5.83,0.63
Syzygium globiflorum,Syzygium,globiflorum,Myrtaceae,Myrtales,0.19611,40.88,11.17,0.37
Microtropis discolor,Microtropis,discolor,Celastraceae,Celastrales,0.45889,79.59,22.46,0.33
Castanea henryi,Castanea,henryi,Fagaceae,Fagales,0.16803,40.96,19.06,0.49
Castanopsis fissa,Castanopsis,fissa,Fagaceae,Fagales,0.2037,63.81,17.6,0.54
Quercus asymmetrica,Quercus,asymmetrica,Fagaceae,Fagales,0.34704,45.18,15.11,0.21
Castanopsis hystrix,Castanopsis,hystrix,Fagaceae,Fagales,0.16749,70.61,13.35,0.55
Castanopsis echinocarpa,Castanopsis,echinocarpa,Fagaceae,Fagales,0.16343,81.68,12.01,0.53
Castanopsis wattii,Castanopsis,wattii,Fagaceae,Fagales,0.16121,92.32,22.63,0.51
Lithocarpus chiungchungensis,Lithocarpus,chiungchungensis,Fagaceae,Fagales,0.21954,75.71,21.95,0.43
Aporosa octandra,Aporosa,octandra,Phyllanthaceae,Malpighiales,0.36662,29.15,20.92,0.34
Macaranga sampsonii,Macaranga,sampsonii,Euphorbiaceae,Malpighiales,0.07259,67.1,23.33,0.33
Aporosa yunnanensis,Aporosa,yunnanensis,Phyllanthaceae,Malpighiales,0.25882,49.73,19.07,0.36
Endospermum chinense,Endospermum,chinense,Euphorbiaceae,Malpighiales,1.00963,5.37,17.04,0.21
Antidesma maclurei,Antidesma,maclurei,Phyllanthaceae,Malpighiales,0.40253,19.99,19.7,0.29
Engelhardia roxburghiana,Engelhardia,roxburghiana,Juglandaceae,Fagales,0.1523,103.48,18.92,0.4
Elaeocarpus dubius,Elaeocarpus,dubius,Elaeocarpaceae,Oxalidales,0.25778,76.3,17.32,0.36
Ficus variolosa,Ficus,variolosa,Moraceae,Rosales,0.13292,143.45,24.04,0.32
Artocarpus styracifolius,Artocarpus,styracifolius,Moraceae,Rosales,0.28296,34.54,11.2,0.59
Gironniera subaequalis,Gironniera,subaequalis,Cannabaceae,Rosales,0.1249,67.58,44.62,0.52
Celtis sinensis,Celtis,sinensis,Cannabaceae,Rosales,0.14043,113.0,19.21,0.62
Canarium album,Canarium,album,Burseraceae,Sapindales,0.17623,130.88,23.1,0.13
Pistacia chinensis,Pistacia,chinensis,Anacardiaceae,Sapindales,0.23907,90.48,13.57,0.65
Acronychia pedunculata,Acronychia,pedunculata,Rutaceae,Sapindales,0.28343,78.12,20.15,0.55
Melicope pteleifolia,Melicope,pteleifolia,Rutaceae,Sapindales,0.25397,97.19,23.59,0.21
Nephelium lappaceum,Nephelium,lappaceum,Sapindaceae,Sapindales,0.15885,58.45,14.07,0.5
Allophylus cobbe,Allophylus,cobbe,Sapindaceae,Sapindales,0.15617,75.07,14.88,0.6
Vaccinium mandarinorum,Vaccinium,mandarinorum,Ericaceae,Ericales,0.07812,106.71,11.38,0.53
Barringtonia racemosa,Barringtonia,racemosa,Lecythidaceae,Ericales,0.37056,26.71,15.5,0.35
Pentaphylax euryoides,Pentaphylax,euryoides,Pentaphylacaceae,Ericales,0.12066,97.84,5.55,0.53
Alniphyllum fortunei,Alniphyllum,fortunei,Styracaceae,Ericales,0.30253,89.09,19.9,0.18
Gordonia axillaris,Gordonia,axillaris,Theaceae,Ericales,0.54362,14.98,5.96,0.38
Schima wallichii,Schima,wallichii,Theaceae,Ericales,0.23986,98.43,14.45,0.37
Alstonia scholaris,Alstonia,scholaris,Apocynaceae,Gentianales,0.5237,25.76,16.38,0.17
Catunaregam spinosa,Catunaregam,spinosa,Rubiaceae,Gentianales,0.25699,80.24,29.15,0.38
Wendlandia uvariifolia,Wendlandia,uvariifolia,Rubiaceae,Gentianales,0.22417,45.27,18.79,0.43
Pertusadina metcalfii,Pertusadina,metcalfii,Rubiaceae,Gentianales,0.15444,99.96,20.23,0.29
Psychotria asiatica,Psychotria,asiatica,Rubiaceae,Gentianales,0.19185,81.04,17.78,0.2
Saprosma ternatum,Saprosma,ternatum,Rubiaceae,Gentianales,0.14506,116.95,27.53,0.34
Osmanthus didymopetalus,Osmanthus,didymopetalus,Oleaceae,Lamiales,0.71949,4.42,6.78,0.4
Olea rosea,Olea,rosea,Oleaceae,Lamiales,0.39436,28.91,13.75,0.29
Schefflera minutistellata,Schefflera,minutistellata,Araliaceae,Apiales,0.33263,37.91,22.53,0.35
Macropanax undulatus,Macropanax,undulatus,Araliaceae,Apiales,0.2637,28.7,14.53,0.32
Pterospermum acerifolium,Pterospermum,acerifolium,Malvaceae,Malvales,0.28074,25.66,14.68,0.24
Sterculia lanceolata,Sterculia,lanceolata,Malvaceae,Malvales,0.21389,72.15,15.93,0.4
Itea chinensis,Itea,chinensis,Iteaceae,Saxifragales,0.11926,110.33,13.55,0.54
Garcinia oblongifolia,Garcinia,oblongifolia,Clusiaceae,Malpighiales,0.19019,90.87,20.57,0.28
Cratoxylum cochinchinense,Cratoxylum,cochinchinense,Hypericaceae,Malpighiales,0.12092,32.53,8.98,0.41
Garcinia cowa,Garcinia,cowa,Clusiaceae,Malpighiales,0.29289,87.27,19.3,0.47
Eriobotrya japonica,Eriobotrya,japonica,Rosaceae,Rosales,0.31884,46.15,16.18,0.39
Rhaphiolepis indica,Rhaphiolepis,indica,Rosaceae,Rosales,0.14481,86.79,12.7,0.53
Archidendron lucidum,Archidendron,lucidum,Fabaceae,Fabales,0.26056,58.89,22.59,0.31
Acacia crassicarpa,Acacia,crassicarpa,Fabaceae,Fabales,0.22593,108.28,20.7,0.36
Acacia mangium,Acacia,mangium,Fabaceae,Fabales,0.25255,99.19,24.86,0.29
Acacia auriculiformis,Acacia,auriculiformis,Fabaceae,Fabales,0.38313,93.62,23.35,0.25
Archidendron clypearia,Archidendron,clypearia,Fabaceae,Fabales,0.27083,70.33,24.78,0.41
Millettia leptobotrya,Millettia,leptobotrya,Fabaceae,Fabales,0.34158,25.62,31.22,0.43
Carallia brachiata,Carallia,brachiata,Rhizophoraceae,Malpighiales,0.21426,109.24,16.92,0.21
Alangium chinense,Alangium,chinense,Cornaceae,Cornales,0.09315,169.91,18.73,0.32
Microcos paniculata,Microcos,paniculata,Malvaceae,Malvales,0.11685,115.38,15.79,0.52
Acer fabri,Acer,fabri,Sapindaceae,Sapindales,0.18574,67.16,15.42,0.53
Decaspermum gracilentum,Decaspermum,gracilentum,Myrtaceae,Myrtales,0.15535,63.99,14.13,0.42
Adiantum pedatum,Adiantum,pedatum,Pteridaceae,Polypodiales,0.36842516,210.1911064,16.3492098,0.050704322
Athyrium multidentatum,Athyrium,multidentatum,Athyriaceae,Polypodiales,0.223407236,136.9427611,10.31747311,0.097183429
Athyrium sinense,Athyrium,sinense,Athyriaceae,Polypodiales,0.265480361,116.2421463,9.841285275,0.105634186
Cystopteris sudetica,Cystopteris,sudetica,Cystopteridaceae,Polypodiales,0.339810499,251.5923562,16.50794771,0.046479318
Equisetum hyemale,Equisetum,hyemale,Equisetaceae,Equisetales,0.478689502,85.98739783,17.301598,0.067606073
Equisetum pratense,Equisetum,pratense,Equisetaceae,Equisetales,0.243316685,254.7770675,19.52381846,0.038028636
Matteuccia struthiopteris,Matteuccia,struthiopteris,Onocleaceae,Polypodiales,0.214458722,261.1464891,22.85714904,0.050704686
Onoclea sensibilis,Onoclea,sensibilis,Onocleaceae,Polypodiales,0.250080285,148.0892597,11.90477724,0.067606083
Athyrium spinulosum,Athyrium,spinulosum,Athyriaceae,Polypodiales,0.17606237,235.6688042,17.46032823,0.054930039
Juglans mandshurica,Juglans,mandshurica,Juglandaceae,Fagales,0.212903405,191.7611931,30.41138123,0.068148194
Juglans mandshurica,Juglans,mandshurica,Juglandaceae,Fagales,0.248848131,143.0225543,25.68392543,0.102963003
Fraxinus mandshurica,Fraxinus,mandshurica,Oleaceae,Lamiales,0.251613149,112.6198554,28.28933985,0.100000047
Fraxinus mandshurica,Fraxinus,mandshurica,Oleaceae,Lamiales,0.312442616,96.28791365,24.48063545,0.113333371
Phellodendron amurense,Phellodendron,amurense,Rutaceae,Sapindales,0.522580711,32.33185169,29.11553048,0.114074112
Phellodendron amurense,Phellodendron,amurense,Rutaceae,Sapindales,0.481106091,43.77707747,21.23758024,0.121481514
Chenopodium serotinum,Chenopodium,serotinum,Amaranthaceae,Caryophyllales,0.128382353,98.82889326,20.0,0.781655759
Cornus officinalis,Cornus,officinalis,Cornaceae,Cornales,0.404791173,29.36726272,14.9,0.264596802
Cornus bretschneideri,Cornus,bretschneideri,Cornaceae,Cornales,0.333528037,56.1492,19.7,0.203845839
Ardisia depressa,Ardisia,depressa,Primulaceae,Ericales,0.234375,64.31648438,16.7,0.360383799
Eurya japonica,Eurya,japonica,Pentaphylacaceae,Ericales,0.175657895,126.8491646,14.1,0.30314912
Diospyros strigosa,Diospyros,strigosa,Ebenaceae,Ericales,0.356122449,40.00319502,13.5,0.250967072
Barringtonia racemosa,Barringtonia,racemosa,Lecythidaceae,Ericales,0.48516129,16.30610484,12.9,0.331732186
Myrsine seguinii,Myrsine,seguinii,Primulaceae,Ericales,0.282291667,56.47293753,11.8,0.320954259
Betula albosinensis,Betula,albosinensis,Betulaceae,Fagales,0.210436893,57.21364621,23.4,0.502535489
Carpinus cordata,Carpinus,cordata,Betulaceae,Fagales,0.146527778,63.68610264,14.0,0.931162606
Quercus aliena,Quercus,aliena,Fagaceae,Fagales,0.145121951,88.85481998,19.0,0.680397825
Quercus variabilis,Quercus,variabilis,Fagaceae,Fagales,0.13962585,80.16390306,29.7,0.814703552
Quercus wutaishanica,Quercus,wutaishanica,Fagaceae,Fagales,0.130900621,78.57326541,18.6,0.945696778
Ginkgo biloba,Ginkgo,biloba,Ginkgoaceae,Ginkgoales,0.677,19.926,23.9,0.139
Fraxinus chinensis,Fraxinus,chinensis,Oleaceae,Lamiales,0.317857143,47.680269,19.1,0.264306278
Fraxinus chinensis,Fraxinus,chinensis,Oleaceae,Lamiales,0.4225,36.1542,20.5,0.197286758
Syringa reticulata,Syringa,reticulata,Oleaceae,Lamiales,0.285962567,105.8357065,25.5,0.147115875
Cryptocarya concinna,Cryptocarya,concinna,Lauraceae,Laurales,0.43775,33.09776591,23.4,0.200751656
Machilus breviflora,Machilus,breviflora,Lauraceae,Laurales,0.442438272,28.44444444,21.9,0.228669002
Ocotea lancifolia,Ocotea,lancifolia,Lauraceae,Laurales,0.339660494,37.86637931,26.2,0.291451485
Cinnamomum camphora,Cinnamomum,camphora,Lauraceae,Laurales,0.4109375,72.38667315,29.1,0.104159757
Lindera communis,Lindera,communis,Lauraceae,Laurales,0.395,38.76733436,20.5,0.21049898
Goniothalamus griffithii,Goniothalamus,griffithii,Annonaceae,Magnoliales,0.614634146,16.58542002,18.1,0.203212437
Liriodendron chinense,Liriodendron,chinense,Magnoliaceae,Magnoliales,0.585,23.294,21.6,0.16
Magnolia championii,Magnolia,championii,Magnoliaceae,Magnoliales,0.543,31.403,24.9,0.138
Magnolia macclurei,Magnolia,macclurei,Magnoliaceae,Magnoliales,0.485119048,27.7767778,22.6,0.165748844
Magnolia maudiae,Magnolia,maudiae,Magnoliaceae,Magnoliales,0.583,27.663,22.3,0.135
Magnolia ernestii,Magnolia,ernestii,Magnoliaceae,Magnoliales,0.813,13.978,26.75,0.138
Magnolia odora,Magnolia,odora,Magnoliaceae,Magnoliales,0.591,18.5,27.3,0.197
Knema erratica,Knema,erratica,Myristicaceae,Magnoliales,0.848165138,4.774158719,11.3,0.370725481
Populus cathayana,Populus,cathayana,Salicaceae,Malpighiales,0.145,110.6739334,17.6,0.547178187
Macaranga sampsonii,Macaranga,sampsonii,Euphorbiaceae,Malpighiales,0.20530303,159.4340401,27.8,0.189469084
Tilia mandshurica,Tilia,mandshurica,Malvaceae,Malvales,0.3544,75.74224494,20.2,0.133839568
Tilia mongolica,Tilia,mongolica,Malvaceae,Malvales,0.186502347,68.711451,22.0,0.532736437
Memecylon nigrescens,Memecylon,nigrescens,Melastomataceae,Myrtales,0.20275974,88.05012329,16.2,0.351735907
Syzygium hancei,Syzygium,hancei,Myrtaceae,Myrtales,0.133739837,88.70110748,19.3,0.802526722
Syzygium levinei,Syzygium,levinei,Myrtaceae,Myrtales,0.174,126.493,15.8,0.333
Larix gmelinii,Larix,gmelinii,Pinaceae,Pinales,0.322222222,41.727,11.53333333,0.293888091
Picea meyeri,Picea,meyeri,Pinaceae,Pinales,0.279044118,48.49432024,16.3,0.337189084
Picea wilsonii,Picea,wilsonii,Pinaceae,Pinales,0.264039409,66.49294054,13.9,0.274661055
Pinus armandii,Pinus,armandii,Pinaceae,Pinales,0.268060201,43.01400822,14.0,0.41194149
Pinus tabuliformis,Pinus,tabuliformis,Pinaceae,Pinales,0.314384921,37.3905492,16.4,0.344528273
Dacrycarpus imbricatus,Dacrycarpus,imbricatus,Podocarpaceae,Pinales,0.489705882,38.3874209,17.2,0.138309035
Ulmus macrocarpa,Ulmus,macrocarpa,Ulmaceae,Rosales,0.222440945,65.21726451,17.9,0.39456457
Ulmus davidiana,Ulmus,davidiana,Ulmaceae,Rosales,0.25474537,61.11342593,25.1,0.321041293
Malus baccata,Malus,baccata,Rosaceae,Rosales,0.235897436,71.42969735,19.0,0.320320604
Pyrus betulifolia,Pyrus,betulifolia,Rosaceae,Rosales,0.476089015,17.68724614,12.0,0.317594947
Sorbus aucuparia,Sorbus,aucuparia,Rosaceae,Rosales,0.198026316,59.77889504,18.4,0.543145802
Aphanamixis polystachya,Aphanamixis,polystachya,Meliaceae,Sapindales,0.173529412,172.2821657,24.9,0.396769825
Dysoxylum excelsum,Dysoxylum,excelsum,Meliaceae,Sapindales,0.886523438,9.100844511,22.3,0.178011471
Acronychia pedunculata,Acronychia,pedunculata,Rutaceae,Sapindales,0.294,91.167,22.0,0.162
Canarium album,Canarium,album,Burseraceae,Sapindales,0.211538462,77.80496427,23.1,0.365699305
Acer davidii,Acer,davidii,Sapindaceae,Sapindales,0.238794886,108.3036705,19.4,0.206165935
Acer truncatum,Acer,truncatum,Sapindaceae,Sapindales,0.257219251,59.2477843,18.6,0.324811257
Rhodoleia championii,Rhodoleia,championii,Hamamelidaceae,Saxifragales,0.305,46.556,14.6,0.294
Dicranopteris linearis,Dicranopteris,linearis,Gleicheniaceae,Gleicheniales,0.1968,75.1,10.87719544,0.6
Acacia auriculiformis,Acacia,auriculiformis,Fabaceae,Fabales,0.28647,60.96,33.15789977,0.22
Gordonia axillaris,Gordonia,axillaris,Theaceae,Ericales,0.5399,17.68,9.298260735,0.36
Cunninghamia lanceolata,Cunninghamia,lanceolata,Cupressaceae,Pinales,0.55809,48.68,19.47369865,0.21
Magnolia baillonii,Magnolia,baillonii,Magnoliaceae,Magnoliales,0.5745,19.33,25.26316962,0.28
Endospermum chinense,Endospermum,chinense,Euphorbiaceae,Malpighiales,0.74889,6.57,28.24562376,0.28
Cryptocarya chinensis,Cryptocarya,chinensis,Lauraceae,Laurales,0.98223,7.51,25.08773159,0.2
Acer negundo,Acer,negundo,Sapindaceae,Sapindales,0.24,39.3,22.14248419,0.55
Acer negundo,Acer,negundo,Sapindaceae,Sapindales,0.22,45.8,16.44802451,0.56
Acer negundo,Acer,negundo,Sapindaceae,Sapindales,0.22,48.47,16.537323,0.54
Acer rubrum,Acer,rubrum,Sapindaceae,Sapindales,0.24,42.25,15.42036653,0.53
Acer rubrum,Acer,rubrum,Sapindaceae,Sapindales,0.27,46.63,12.43200898,0.39
Acer rubrum,Acer,rubrum,Sapindaceae,Sapindales,0.26,49.71,16.81267142,0.39
Acer saccharum,Acer,saccharum,Sapindaceae,Sapindales,0.23,39.96,14.41351175,0.58
Acer saccharum,Acer,saccharum,Sapindaceae,Sapindales,0.2,50.14,14.09827948,0.63
Acer saccharum,Acer,saccharum,Sapindaceae,Sapindales,0.24,45.17,14.58138943,0.49
Carya glabra,Carya,glabra,Juglandaceae,Fagales,0.16,81.28,14.70003724,0.58
Carya glabra,Carya,glabra,Juglandaceae,Fagales,0.14,92.64,20.3528142,0.74
Juglans nigra,Juglans,nigra,Juglandaceae,Fagales,0.32,14.34,20.67122459,0.85
Juglans nigra,Juglans,nigra,Juglandaceae,Fagales,0.25,24.87,21.43324137,0.83
Juglans nigra,Juglans,nigra,Juglandaceae,Fagales,0.27,21.37,19.09815311,0.81
Liriodendron tulipifera,Liriodendron,tulipifera,Magnoliaceae,Magnoliales,0.66,10.2,26.07879639,0.28
Liriodendron tulipifera,Liriodendron,tulipifera,Magnoliaceae,Magnoliales,0.68,7.55,11.86635017,0.36
Pinus strobus,Pinus,strobus,Pinaceae,Pinales,0.19,58.7,17.9006207,0.61
Pinus strobus,Pinus,strobus,Pinaceae,Pinales,0.28,23.6,14.67792869,0.67
Pinus strobus,Pinus,strobus,Pinaceae,Pinales,0.31,18.02,12.26255655,0.74
Pinus virginiana,Pinus,virginiana,Pinaceae,Pinales,0.21,34.31,21.1862278,0.84
Pinus virginiana,Pinus,virginiana,Pinaceae,Pinales,0.25,29.62,11.13587379,0.69
Populus tremuloides,Populus,tremuloides,Salicaceae,Malpighiales,0.17,61.61,9.270367026,0.68
Populus tremuloides,Populus,tremuloides,Salicaceae,Malpighiales,0.16,64.89,12.43589044,0.73
Populus tremuloides,Populus,tremuloides,Salicaceae,Malpighiales,0.17,68.97,16.1525166,0.61
Quercus alba,Quercus,alba,Fagaceae,Fagales,0.21,37.93,15.71197987,0.74
Quercus alba,Quercus,alba,Fagaceae,Fagales,0.16,81.12,13.62918139,0.61
Quercus rubra,Quercus,rubra,Fagaceae,Fagales,0.15,70.28,20.90657949,0.86
Quercus rubra,Quercus,rubra,Fagaceae,Fagales,0.15,67.37,14.02217627,0.82
Quercus rubra,Quercus,rubra,Fagaceae,Fagales,0.2,54.94,16.25705004,0.57
Sassafras albidum,Sassafras,albidum,Lauraceae,Laurales,0.44,14.07,22.4887085,0.46
Sassafras albidum,Sassafras,albidum,Lauraceae,Laurales,0.56,15.15,18.45722437,0.27
Sassafras albidum,Sassafras,albidum,Lauraceae,Laurales,0.62,12.17,16.32878423,0.27
Cunninghamia lanceolata,Cunninghamia,lanceolata,Cupressaceae,Pinales,0.43,13.8,11.5,0.056
Cunninghamia lanceolata,Cunninghamia,lanceolata,Cupressaceae,Pinales,0.375308898,13.59336325,11.21897948,0.072500051
Cunninghamia lanceolata,Cunninghamia,lanceolata,Cupressaceae,Pinales,0.487243204,14.2655628,11.62044007,0.040000083
Cunninghamia lanceolata,Cunninghamia,lanceolata,Cupressaceae,Pinales,0.238016529,15.92307692,12.44444444,0.049786511
Cunninghamia lanceolata,Cunninghamia,lanceolata,Cupressaceae,Pinales,0.297520661,12.46153846,10.48148148,0.062239593
Acer saccharum,Acer,saccharum,Sapindaceae,Sapindales,0.07029462,60.68,10.75,0.086666667
Aesculus hippocastanum,Aesculus,hippocastanum,Sapindaceae,Sapindales,0.09204845,19.4575,12.15,0.1575
Aesculus parviflora,Aesculus,parviflora,Sapindaceae,Sapindales,0.05444722,43.2,13.1,0.105
Asimina triloba,Asimina,triloba,Annonaceae,Magnoliales,0.17697552,13.54666667,25.13333333,0.166666667
Catalpa bignonioides,Catalpa,bignonioides,Bignoniaceae,Lamiales,0.14620989,37.2625,27.35,0.11
Cercidiphyllum japonicum,Cercidiphyllum,japonicum,Cercidiphyllaceae,Saxifragales,0.05889539,27.3525,12.425,0.16
Chionanthus virginicus,Chionanthus,virginicus,Oleaceae,Lamiales,0.10320651,13.8825,17.75,0.1625
Cornus florida,Cornus,florida,Cornaceae,Cornales,0.03740209,39.045,16.5,0.12
Diospyros virginiana,Diospyros,virginiana,Ebenaceae,Ericales,0.07677239,24.38,18.675,0.125
Fraxinus americana,Fraxinus,americana,Oleaceae,Lamiales,0.13193054,38.9325,22.175,0.14
Gleditsia triacanthos,Gleditsia,triacanthos,Fabaceae,Fabales,0.18058055,20.165,21.775,0.135
Halesia tetraptera,Halesia,tetraptera,Styracaceae,Ericales,0.09352183,50.52666667,21.6,0.096666667
Hamamelis virginiana,Hamamelis,virginiana,Hamamelidaceae,Saxifragales,0.04246862,24.295,12.625,0.1875
Ilex opaca,Ilex,opaca,Aquifoliaceae,Aquifoliales,0.09411828,44.4675,15.925,0.1075
Juglans nigra,Juglans,nigra,Juglandaceae,Fagales,0.0534852,31.23,19.6,0.146666667
Koelreuteria paniculata,Koelreuteria,paniculata,Sapindaceae,Sapindales,0.13930004,97.54,10.6,0.06
Liquidambar styraciflua,Liquidambar,styraciflua,Altingiaceae,Saxifragales,0.12212971,31.7225,11.65,0.1475
Liriodendron tulipifera,Liriodendron,tulipifera,Magnoliaceae,Magnoliales,0.06005206,15.1875,20.5,0.1275
Magnolia acuminata,Magnolia,acuminata,Magnoliaceae,Magnoliales,0.10065245,12.3825,20.475,0.1425
Magnolia denudata,Magnolia,denudata,Magnoliaceae,Magnoliales,0.18879751,20.9,19.2,0.11
Magnolia grandiflora,Magnolia,grandiflora,Magnoliaceae,Magnoliales,0.12586501,9.09,18.35,0.135
Magnolia kobus,Magnolia,kobus,Magnoliaceae,Magnoliales,0.2333452,27.32,36.95,0.12
Magnolia macrophylla,Magnolia,macrophylla,Magnoliaceae,Magnoliales,0.19940411,12.9,31.9,0.13
Magnolia stellata,Magnolia,stellata,Magnoliaceae,Magnoliales,0.13506912,31.1625,26.275,0.0925
Magnolia tripetala,Magnolia,tripetala,Magnoliaceae,Magnoliales,0.18597379,17.9975,23.625,0.135
Magnolia virginiana,Magnolia,virginiana,Magnoliaceae,Magnoliales,0.10884048,20.13,24.725,0.1175
Nyssa aquatica,Nyssa,aquatica,Cornaceae,Cornales,0.18002592,13.57333333,16.43333333,0.16
Platanus acerifolia,Platanus,acerifolia,Platanaceae,Proteales,0.2820609,23.93,13.0,0.1475
Populus deltoides,Populus,deltoides,Salicaceae,Malpighiales,0.16859122,87.255,13.85,0.0675
Prunus sargentii,Prunus,sargentii,Rosaceae,Rosales,0.04215448,81.44333333,19.36666667,0.103333333
Sassafras albidum,Sassafras,albidum,Lauraceae,Laurales,0.21953796,20.51333333,23.2,0.116666667
Styphnolobium japonicum,Styphnolobium,japonicum,Fabaceae,Fabales,0.0869885,36.8175,26.3,0.155
Syringa reticulata,Syringa,reticulata,Oleaceae,Lamiales,0.06142204,89.92,23.9,0.075
Ulmus americana,Ulmus,americana,Ulmaceae,Rosales,0.07658111,71.77,16.325,0.0775
