binominal,F00004,F00043,photosyntheticPathway_combined,Dataset,OrigValueStr,photosyntheticPathway,references,referencesDataset
Abelia biflora,,,,,,C3,"Wang R, Wang Q, Zhao N, Xu Z, Zhu X, Jiao C, Yu G, He N. 2018. Different phylogenetic and environmental controls of first-order root morphological and nutrient traits: Evidence of multidimensional root traits. Functional Ecology 32: 29-39",
Abies fargesii,,,,Categorical Plant Traits Database,C3,,,
Abies nephrolepis,,,,Categorical Plant Traits Database,C3,C3,"Dong L, Mao Z, Sun T. 2016. Condensed tannin effects on decomposition of very fine roots among temperate tree species. Soil Biology & Biochemistry 103: 489-492.",
Acacia auriculiformis,,,C3,Categorical Plant Traits Database,C3,C3,"Das DK, Chaturvedi OP. 2008. Root phytomass recovery and rooting characteristics of five agroforestry tree species in eastern India. Journal of Tropical Forest Science 20(3): 156-166.","Fan Y, Miguez-Macho G, Jobbagy EG, Jackson RB, Otero-Casal C. 2017. Hydrologic regulation of plant rooting depth. 2017. PNAS 114: 10572-10577."
Acacia crassicarpa,,,C3,FRED - Fine Root Ecology Database,C3,C3,"Kong D, Ma C, Zhang Q, Li L, Chen X, Zeng H, Guo D. 2014. Leading dimensions in absorptive root trait variation across 96 subtropical forest species. New Phytologist 203: 863-872.",
Acacia mangium,,,,Categorical Plant Traits Database,C3,C3,"Bouillet JP, Laclau JP, Goncalves JLM, Moreira MZ, Trivelin PCO, Jourdan C, Silva EV, Piccolo MC, Tsai SM, Galiana A. 2008. Mixed-species plantations of Acacia mangium and Eucalyptus grandis in Brazil 2: Nitrogen accumulation in the stands and biological N2 fixation. Forest ecology and Management 225: 3918-3930.",
Acer barbinerve,,,,Categorical Plant Traits Database,C3,C3,"Wang R, Wang Q, Zhao N, Xu Z, Zhu X, Jiao C, Yu G, He N. 2018. Different phylogenetic and environmental controls of first-order root morphological and nutrient traits: Evidence of multidimensional root traits. Functional Ecology 32: 29-39",
Acer campbellii,,,,Categorical Plant Traits Database,C3,C3,"Wang R, Wang Q, Zhao N, Xu Z, Zhu X, Jiao C, Yu G, He N. 2018. Different phylogenetic and environmental controls of first-order root morphological and nutrient traits: Evidence of multidimensional root traits. Functional Ecology 32: 29-39",
Acer caudatum,,,,Categorical Plant Traits Database,C3,C3,"Wang R, Wang Q, Zhao N, Xu Z, Zhu X, Jiao C, Yu G, He N. 2018. Different phylogenetic and environmental controls of first-order root morphological and nutrient traits: Evidence of multidimensional root traits. Functional Ecology 32: 29-39",
Acer coriaceifolium,,,,The China Plant Trait Database,C3,,,
Acer davidii,,,,FRED - Fine Root Ecology Database,C3,C3,"Chen W, Zeng H, Eissenstat DM, Guo D. 2013. Variation of first-order root traits across climatic gradients and evolutionary trends in geological time. Global Ecology and Biogeography 22: 846-856.",
Acer fabri,,,,FRED - Fine Root Ecology Database,C3,,,
Acer negundo,,,,Categorical Plant Traits Database,C3,C3,"Adams TS, McCormack ML, Eissenstat DM. 2013. Foraging strategies in trees of different root morphology: the role of root lifespan. Tree physiology 33:940-948.",
Acer pictum,,,,Categorical Plant Traits Database,C3,C3,"Wang R, Wang Q, Zhao N, Xu Z, Zhu X, Jiao C, Yu G, He N. 2018. Different phylogenetic and environmental controls of first-order root morphological and nutrient traits: Evidence of multidimensional root traits. Functional Ecology 32: 29-39",
Acer platanoides,,,,Sheffield Database,C3,C3,"Hobbie SE, Oleksyn J, Eissenstat DM, Reich PB. 2010. Fine root decomposition rates do not mirror those of leaf litter among temperate tree species. Oecologia 162: 505-513.",
Acer pseudoplatanus,,,,Sheffield-Iran-Spain Database,C3,C3,"Goebel M, Hobbie SE, Bulaj B, Zadworny M, Archibald DD, Oleksyn J, Reich PB, Eissenstat DM. 2011. Decomposition of the finest root branching orders: linking belowground dynamics to fine-root function and structure. Ecological Monographs 81:89-102.",
Acer rubrum,,,,Categorical Plant Traits Database,C3,C3,"Bauerle TL, Bauerle WL, Goebel M, Barnard DM. 2013. Root system distribution influences substrate moisture measurements in containerized ornamental tree species. Horttechnology 23(6): 754-759.",
Acer saccharum,,,,Categorical Plant Traits Database,C3,C3,"Aber JD, Melillo JM, Nadelhoffer KJ, McClaugherty CA, Pastor J. 1985. Fine root turnover in forest ecosystems in relation to quantity and form of nitrogen availability : a comparison of two methods. Oecologia 66: 317-321.","Nadelhoffer KJ, Raich JW. 1992. Fine root production estimates and belowground carbon allocation in forest ecosystems. Ecology 73:1139-1147."
Acer tataricum,,,,Categorical Plant Traits Database,C3,C3,"Wang R, Wang Q, Zhao N, Xu Z, Zhu X, Jiao C, Yu G, He N. 2018. Different phylogenetic and environmental controls of first-order root morphological and nutrient traits: Evidence of multidimensional root traits. Functional Ecology 32: 29-39",
Acer tegmentosum,,,,Categorical Plant Traits Database,C3,C3,"Dong L, Mao Z, Sun T. 2016. Condensed tannin effects on decomposition of very fine roots among temperate tree species. Soil Biology & Biochemistry 103: 489-492.",
Acer triflorum,,,,Categorical Plant Traits Database,C3,C3,"Wang R, Wang Q, Zhao N, Xu Z, Zhu X, Jiao C, Yu G, He N. 2018. Different phylogenetic and environmental controls of first-order root morphological and nutrient traits: Evidence of multidimensional root traits. Functional Ecology 32: 29-39",
Acer truncatum,,,,Categorical Plant Traits Database,C3,C3,"Chen W, Zeng H, Eissenstat DM, Guo D. 2013. Variation of first-order root traits across climatic gradients and evolutionary trends in geological time. Global Ecology and Biogeography 22: 846-856.",
Acronychia pedunculata,,,,The China Plant Trait Database,C3,C3,"Chen W, Zeng H, Eissenstat DM, Guo D. 2013. Variation of first-order root traits across climatic gradients and evolutionary trends in geological time. Global Ecology and Biogeography 22: 846-856.",
Actinidia kolomikta,,,,TRY Categorical Traits Dataset (update 2018),C3,C3,"Wang R, Wang Q, Zhao N, Xu Z, Zhu X, Jiao C, Yu G, He N. 2018. Different phylogenetic and environmental controls of first-order root morphological and nutrient traits: Evidence of multidimensional root traits. Functional Ecology 32: 29-39",
Adiantum pedatum,,,,Categorical Plant Traits Database,C3,C3,"Dong X, Wang H, Gu J, Wang Y, Wang Z. 2014. Root morphology, histology and chemistry of nine fern species (pteridophyta) in a temperate forest. Plant Soil 393: 215-227.",
Aesculus hippocastanum," Valverde-Barrantes OJ, Smemo KA, Blackwood CB. 2014. Fine root morphology is phylogenetically structured, but nitrogen is related to the plant economics spectrum in temperate trees. Functional Ecology 29: 796-807.",C3,,Sheffield Database,C3,C3," Valverde-Barrantes OJ, Smemo KA, Blackwood CB. 2014. Fine root morphology is phylogenetically structured, but nitrogen is related to the plant economics spectrum in temperate trees. Functional Ecology 29: 796-807.",
Aesculus hippocastanum,"Akhmetzhanova AA, Soudzilovskaiana NA, Onipchenko VG, Cornwell WK, Agafonov VA, Selivanov IA, Cornelissen JHC. 2012. A rediscovered treasure: mycorrhizal intensity database for 3000 vascular plant species across the former Soviet Union. Ecology 93: 689.",C3,,Sheffield Database,C3,C3," Valverde-Barrantes OJ, Smemo KA, Blackwood CB. 2014. Fine root morphology is phylogenetically structured, but nitrogen is related to the plant economics spectrum in temperate trees. Functional Ecology 29: 796-807.",
Aesculus parviflora,,,,FRED - Fine Root Ecology Database,C3,C3," Valverde-Barrantes OJ, Smemo KA, Blackwood CB. 2014. Fine root morphology is phylogenetically structured, but nitrogen is related to the plant economics spectrum in temperate trees. Functional Ecology 29: 796-807.",
Agrimonia pilosa,,,,Categorical Plant Traits Database,C3,C3,"Sun K, McCormack ML, Li L, Ma Z, Guo D. 2016. Fast-cycling unit of root turnover in perennial herbaceous plants in a cold temperate ecosystems. Scientific Reports 6: 19698.",
Alangium chinense,,,,The China Plant Trait Database,C3,C3,"Kong D, Ma C, Zhang Q, Li L, Chen X, Zeng H, Guo D. 2014. Leading dimensions in absorptive root trait variation across 96 subtropical forest species. New Phytologist 203: 863-872.",
Alchornea trewioides,,,,Categorical Plant Traits Database,C3,C3,"Nie YP, Chen HS, Wang KL, Ding YL. 2014. Rooting characteristics of two widely distributed woody plant species growing in different karst habitats of southwest China. Plant Ecology 215(10): 1099-1109.","Fan Y, Miguez-Macho G, Jobbagy EG, Jackson RB, Otero-Casal C. 2017. Hydrologic regulation of plant rooting depth. 2017. PNAS 114: 10572-10577."
Allophylus cobbe,,,,TRY Categorical Traits Dataset (update 2018),C3,,,
Alniphyllum fortunei,,,,FRED - Fine Root Ecology Database,C3,C3,"Kong D, Ma C, Zhang Q, Li L, Chen X, Zeng H, Guo D. 2014. Leading dimensions in absorptive root trait variation across 96 subtropical forest species. New Phytologist 203: 863-872.",
Alnus hirsuta,,,,Categorical Plant Traits Database,C3,,,
Alnus mandshurica,,,,Categorical Plant Traits Database,C3,C3,"Guo D, Xia M, Wei X, Chang W, Liu Y, Wang Z. 2008. Anatomical traits associated with absorption and mycorrhizal colonization are linked to root branch order in twenty-three Chinese temperate species. New Phytologist 180: 673-683.",
Alstonia scholaris,,,,The China Plant Trait Database,C3,C3,"Kong D, Ma C, Zhang Q, Li L, Chen X, Zeng H, Guo D. 2014. Leading dimensions in absorptive root trait variation across 96 subtropical forest species. New Phytologist 203: 863-872.",
Altingia obovata,,,,,,C3,"Xu Y, Gu JC, Dong XY, Liu Y, Wang ZQ. 2011. Fine root morphology, anatomy and tissue nitrogen and carbon contents of the first five orders in four tropical hardwood species in Hainan Island, China. Chinese Journal of Plant Ecology 35:955-964.",
Anaphalis hancockii,,,,Categorical Plant Traits Database,C3,C3,"Wang R, Wang Q, Zhao N, Xu Z, Zhu X, Jiao C, Yu G, He N. 2018. Different phylogenetic and environmental controls of first-order root morphological and nutrient traits: Evidence of multidimensional root traits. Functional Ecology 32: 29-39",
Aphanamixis polystachya,,,,FRED - Fine Root Ecology Database,C3,,,
Aporosa octandra,,,,Categorical Plant Traits Database,C3,,,
Aporosa yunnanensis,,,,Categorical Plant Traits Database,C3,C3,"Kong D, Ma C, Zhang Q, Li L, Chen X, Zeng H, Guo D. 2014. Leading dimensions in absorptive root trait variation across 96 subtropical forest species. New Phytologist 203: 863-872.",
Archidendron clypearia,,,,Categorical Plant Traits Database,C3,C3,"Valverde-Barrantes O J, Horning A L, Smemo K A, Blackwood C B. 2016. Phylogenetically structured traits in root systems influence arbuscular mycorrhizal colonization in woody angiosperms. Plant and Soil, 404:1-12",
Archidendron lucidum,,,,FRED - Fine Root Ecology Database,C3,C3,"Valverde-Barrantes O J, Horning A L, Smemo K A, Blackwood C B. 2016. Phylogenetically structured traits in root systems influence arbuscular mycorrhizal colonization in woody angiosperms. Plant and Soil, 404:1-12",
Ardisia japonica,,,,The China Plant Trait Database,C3,,,
Ardisia quinquegona,,,,Categorical Plant Traits Database,C3,C3,"Wang J-J, Tharayil N, Chow AT, Suseela V, Zeng H. 2015. Phenolic profile within the fine-root branching orders of an evergreen species highlights a disconnect in root tissue quality predicted by elemental- and molecular-level carbon composition. New Phytologist 206: 1261-1273.",
Artemisia halodendron,,,,Categorical Plant Traits Database,C3,C3,"Huang G, Zhao  X-Y, Zhao H-L, Huang Y-X, Zuo X-A. 2010. Linking root morphology, longevity and function to root branch order: a case study in three shrubs. Plant Soil 336: 197-208.",
Artemisia igniaria,,,,Categorical Plant Traits Database,C3,C3,"Wang R, Wang Q, Zhao N, Xu Z, Zhu X, Jiao C, Yu G, He N. 2018. Different phylogenetic and environmental controls of first-order root morphological and nutrient traits: Evidence of multidimensional root traits. Functional Ecology 32: 29-39",
Artemisia mongolica,,,,Categorical Plant Traits Database,C3,C3,"Wang R, Wang Q, Zhao N, Xu Z, Zhu X, Jiao C, Yu G, He N. 2018. Different phylogenetic and environmental controls of first-order root morphological and nutrient traits: Evidence of multidimensional root traits. Functional Ecology 32: 29-39",
Artocarpus styracifolius,,,,FRED - Fine Root Ecology Database,C3,C3,"Kong D, Ma C, Zhang Q, Li L, Chen X, Zeng H, Guo D. 2014. Leading dimensions in absorptive root trait variation across 96 subtropical forest species. New Phytologist 203: 863-872.",
Asimina triloba,,,,Categorical Plant Traits Database,C3,,,
Asparagus schoberioides,,,,Categorical Plant Traits Database,C3,C3,"Wang R, Wang Q, Zhao N, Xu Z, Zhu X, Jiao C, Yu G, He N. 2018. Different phylogenetic and environmental controls of first-order root morphological and nutrient traits: Evidence of multidimensional root traits. Functional Ecology 32: 29-39",
Aster tataricus,,,,Categorical Plant Traits Database,C3,C3,"Wang R, Wang Q, Zhao N, Xu Z, Zhu X, Jiao C, Yu G, He N. 2018. Different phylogenetic and environmental controls of first-order root morphological and nutrient traits: Evidence of multidimensional root traits. Functional Ecology 32: 29-39",
Astilbe rubra,,,,The China Plant Trait Database,C3,,,
Barringtonia racemosa,,,,eHALOPH - Halophytes Database (2015),C3?,,,
Betula albosinensis,,,,The China Plant Trait Database,C3,,,
Betula costata,,,,FRED - Fine Root Ecology Database,C3,C3,"Dong L, Mao Z, Sun T. 2016. Condensed tannin effects on decomposition of very fine roots among temperate tree species. Soil Biology & Biochemistry 103: 489-492.",
Betula dahurica,,,,Categorical Plant Traits Database,C3,C3,"Chen W, Zeng H, Eissenstat DM, Guo D. 2013. Variation of first-order root traits across climatic gradients and evolutionary trends in geological time. Global Ecology and Biogeography 22: 846-856.",
Betula fruticosa,,,,Categorical Plant Traits Database,C3,C3,"Wang R, Wang Q, Zhao N, Xu Z, Zhu X, Jiao C, Yu G, He N. 2018. Different phylogenetic and environmental controls of first-order root morphological and nutrient traits: Evidence of multidimensional root traits. Functional Ecology 32: 29-39",
Betula platyphylla,,,,Categorical Plant Traits Database,C3,C3,"Guo D, Xia M, Wei X, Chang W, Liu Y, Wang Z. 2008. Anatomical traits associated with absorption and mycorrhizal colonization are linked to root branch order in twenty-three Chinese temperate species. New Phytologist 180: 673-683.",
Blechnum orientale,,,,Categorical Plant Traits Database,C3,C3,"Wang R, Wang Q, Zhao N, Xu Z, Zhu X, Jiao C, Yu G, He N. 2018. Different phylogenetic and environmental controls of first-order root morphological and nutrient traits: Evidence of multidimensional root traits. Functional Ecology 32: 29-39",
Calamus rhabdocladus,,,,TRY Categorical Traits Dataset (update 2018),C3,C3,"Wang R, Wang Q, Zhao N, Xu Z, Zhu X, Jiao C, Yu G, He N. 2018. Different phylogenetic and environmental controls of first-order root morphological and nutrient traits: Evidence of multidimensional root traits. Functional Ecology 32: 29-39",
Caltha palustris,,,,Abisko & Sheffield Database,C3,C3,"Freschet GT, Cornelissen JHC, van Logtestijn RSP, Aerts R. 2010. Evidence of the 'plant economics spectrum' in a subarctic flora. Journal of Ecology 98: 362-373.",
Canarium album,,,,Categorical Plant Traits Database,C3,C3,"Chen W, Zeng H, Eissenstat DM, Guo D. 2013. Variation of first-order root traits across climatic gradients and evolutionary trends in geological time. Global Ecology and Biogeography 22: 846-856.",
Caragana microphylla,,,,Categorical Plant Traits Database,C3,C3,"Huang G, Zhao  X-Y, Zhao H-L, Huang Y-X, Zuo X-A. 2010. Linking root morphology, longevity and function to root branch order: a case study in three shrubs. Plant Soil 336: 197-208.",
Carallia brachiata,,,,eHALOPH - Halophytes Database (2015),UNKNOWN,C3,"Kong D, Ma C, Zhang Q, Li L, Chen X, Zeng H, Guo D. 2014. Leading dimensions in absorptive root trait variation across 96 subtropical forest species. New Phytologist 203: 863-872.",
Carallia brachiata,,,,The China Plant Trait Database,C3,C3,"Kong D, Ma C, Zhang Q, Li L, Chen X, Zeng H, Guo D. 2014. Leading dimensions in absorptive root trait variation across 96 subtropical forest species. New Phytologist 203: 863-872.",
Carpinus betulus,,,,Sheffield Database,C3,C3,"Hobbie SE, Oleksyn J, Eissenstat DM, Reich PB. 2010. Fine root decomposition rates do not mirror those of leaf litter among temperate tree species. Oecologia 162: 505-513.",
Carpinus cordata,,,,Categorical Plant Traits Database,C3,C3,"Chen W, Zeng H, Eissenstat DM, Guo D. 2013. Variation of first-order root traits across climatic gradients and evolutionary trends in geological time. Global Ecology and Biogeography 22: 846-856.",
Carya glabra,,,,Categorical Plant Traits Database,C3,C3,"Chen W, Koide RT, Adams TS, DeForest JL, Cheng L, Eissenstat DM. 2016. Root morphology and mycorrhizal symbioses together shape nutrient foraging strategies of temperate trees. Proceedings of the National Academy of Sciences 113: 8741-8746.",
Caryota maxima,,,,The China Plant Trait Database,C3,,,
Castanea henryi,,,,FRED - Fine Root Ecology Database,C3,C3,"Kong D, Ma C, Zhang Q, Li L, Chen X, Zeng H, Guo D. 2014. Leading dimensions in absorptive root trait variation across 96 subtropical forest species. New Phytologist 203: 863-872.",
Castanopsis carlesii,,,,The China Plant Trait Database,C3,C3,"Wang R, Wang Q, Zhao N, Xu Z, Zhu X, Jiao C, Yu G, He N. 2018. Different phylogenetic and environmental controls of first-order root morphological and nutrient traits: Evidence of multidimensional root traits. Functional Ecology 32: 29-39",
Castanopsis echinocarpa,,,,The China Plant Trait Database,C3,C3,"Kong D, Ma C, Zhang Q, Li L, Chen X, Zeng H, Guo D. 2014. Leading dimensions in absorptive root trait variation across 96 subtropical forest species. New Phytologist 203: 863-872.",
Castanopsis eyrei,,,,The China Plant Trait Database,C3,C3,"Wang R, Wang Q, Zhao N, Xu Z, Zhu X, Jiao C, Yu G, He N. 2018. Different phylogenetic and environmental controls of first-order root morphological and nutrient traits: Evidence of multidimensional root traits. Functional Ecology 32: 29-39",
Castanopsis faberi,"Xiong D, Huang J, Yang Z, Lu Z, Chen G, Yang Y. 2012. Fine root architecture and morphology among different branch orders of six subtropical tree species. Acta Ecologica Sinica 32: 1888-1897.",C3,,FRED - Fine Root Ecology Database,C3,,,
Castanopsis faberi,"Lin C, Yang Y, Guo J, Chen G, Xie J. 2011. Fine root decomposition of evergreen broadleaved and coniferous tree species in mid-subtropical China: dynamics of dry mass, nutrient and organic fraction. Plant Soil 338: 311-327.",C3,,FRED - Fine Root Ecology Database,C3,,,
Castanopsis faberi,"Wang R, Wang Q, Zhao N, Xu Z, Zhu X, Jiao C, Yu G, He N. 2018. Different phylogenetic and environmental controls of first-order root morphological and nutrient traits: Evidence of multidimensional root traits. Special Focus on Functional Traits Along A Transect 32(1): 29-39.",C3,,FRED - Fine Root Ecology Database,C3,,,
Castanopsis fargesii,,,,ArtDeco Database,C3,C3,"Wang R, Wang Q, Zhao N, Xu Z, Zhu X, Jiao C, Yu G, He N. 2018. Different phylogenetic and environmental controls of first-order root morphological and nutrient traits: Evidence of multidimensional root traits. Functional Ecology 32: 29-39",
Castanopsis fissa,,,,The China Plant Trait Database,C3,C3,"Kong D, Ma C, Zhang Q, Li L, Chen X, Zeng H, Guo D. 2014. Leading dimensions in absorptive root trait variation across 96 subtropical forest species. New Phytologist 203: 863-872.",
Castanopsis hystrix,,,,The China Plant Trait Database,C3,C3,"Kong D, Ma C, Zhang Q, Li L, Chen X, Zeng H, Guo D. 2014. Leading dimensions in absorptive root trait variation across 96 subtropical forest species. New Phytologist 203: 863-872.",
Castanopsis wattii,,,,The China Plant Trait Database,C3,,,
Catalpa bignonioides,,,,BIOPOP: Functional Traits for Nature Conservation,C3,C3," Valverde-Barrantes OJ, Smemo KA, Blackwood CB. 2014. Fine root morphology is phylogenetically structured, but nitrogen is related to the plant economics spectrum in temperate trees. Functional Ecology 29: 796-807.",
Caulophyllum robustum,,,,Categorical Plant Traits Database,C3,C3,"Wang R, Wang Q, Zhao N, Xu Z, Zhu X, Jiao C, Yu G, He N. 2018. Different phylogenetic and environmental controls of first-order root morphological and nutrient traits: Evidence of multidimensional root traits. Functional Ecology 32: 29-39",
Celtis sinensis,,,,Categorical Plant Traits Database,C3,C3,"Kong D, Ma C, Zhang Q, Li L, Chen X, Zeng H, Guo D. 2014. Leading dimensions in absorptive root trait variation across 96 subtropical forest species. New Phytologist 203: 863-872.",
Cercidiphyllum japonicum,,,,Categorical Plant Traits Database,C3,C3," Valverde-Barrantes OJ, Smemo KA, Blackwood CB. 2014. Fine root morphology is phylogenetically structured, but nitrogen is related to the plant economics spectrum in temperate trees. Functional Ecology 29: 796-807.",
Chamaecyparis obtusa,,,,Leaf Physiology Database,C3,C3,"Doi R, Tanikawa T, Miyatani K, Hirano Y. 2017. Intraspecific variation in morphological traits of root branch orders in Chamaecyparis obtusa. Plant Soil 416: 503-513.",
Chenopodium serotinum,,,,Categorical Plant Traits Database,C3,C3/C4,"Chen W, Zeng H, Eissenstat DM, Guo D. 2013. Variation of first-order root traits across climatic gradients and evolutionary trends in geological time. Global Ecology and Biogeography 22: 846-856.",
Chionanthus virginicus,,,,Categorical Plant Traits Database,C3,C3," Valverde-Barrantes OJ, Smemo KA, Blackwood CB. 2014. Fine root morphology is phylogenetically structured, but nitrogen is related to the plant economics spectrum in temperate trees. Functional Ecology 29: 796-807.",
Choerospondias axillaris,,,,Categorical Plant Traits Database,C3,C3,"Liu B, Li H, Zhu B, Koide RT, Eissenstat DM, Guo D. 2015. Complementarity between roots and AM fungi in nutrient foraging strategies. New Phytologist 208: 125-136.",
Cibotium barometz,,,,Categorical Plant Traits Database,C3,C3,"Wang R, Wang Q, Zhao N, Xu Z, Zhu X, Jiao C, Yu G, He N. 2018. Different phylogenetic and environmental controls of first-order root morphological and nutrient traits: Evidence of multidimensional root traits. Functional Ecology 32: 29-39",
Cinnamomum camphora,,,,Categorical Plant Traits Database,C3,C3,"Chen W, Zeng H, Eissenstat DM, Guo D. 2013. Variation of first-order root traits across climatic gradients and evolutionary trends in geological time. Global Ecology and Biogeography 22: 846-856.",
Cinnamomum porrectum,,,,,,C3,"Kong D, Ma C, Zhang Q, Li L, Chen X, Zeng H, Guo D. 2014. Leading dimensions in absorptive root trait variation across 96 subtropical forest species. New Phytologist 203: 863-872.",
Convallaria majalis,,,,Categorical Plant Traits Database,C3,C3,"Wang R, Wang Q, Zhao N, Xu Z, Zhu X, Jiao C, Yu G, He N. 2018. Different phylogenetic and environmental controls of first-order root morphological and nutrient traits: Evidence of multidimensional root traits. Functional Ecology 32: 29-39",
Coriaria nepalensis,,,,Categorical Plant Traits Database,C3,C3,"Wang R, Wang Q, Zhao N, Xu Z, Zhu X, Jiao C, Yu G, He N. 2018. Different phylogenetic and environmental controls of first-order root morphological and nutrient traits: Evidence of multidimensional root traits. Functional Ecology 32: 29-39",
Cornus bretschneideri,,,,FRED - Fine Root Ecology Database,C3,C3,"Wang R, Wang Q, Zhao N, Xu Z, Zhu X, Jiao C, Yu G, He N. 2018. Different phylogenetic and environmental controls of first-order root morphological and nutrient traits: Evidence of multidimensional root traits. Functional Ecology 32: 29-39",
Cornus controversa,,,,Categorical Plant Traits Database,C3,C3,"Wang R, Wang Q, Zhao N, Xu Z, Zhu X, Jiao C, Yu G, He N. 2018. Different phylogenetic and environmental controls of first-order root morphological and nutrient traits: Evidence of multidimensional root traits. Functional Ecology 32: 29-39",
Cornus florida,,,,Categorical Plant Traits Database,C3,C3," Valverde-Barrantes OJ, Smemo KA, Blackwood CB. 2014. Fine root morphology is phylogenetically structured, but nitrogen is related to the plant economics spectrum in temperate trees. Functional Ecology 29: 796-807.",
Cornus kousa,,,,Categorical Plant Traits Database,C3,C3,"Wang R, Wang Q, Zhao N, Xu Z, Zhu X, Jiao C, Yu G, He N. 2018. Different phylogenetic and environmental controls of first-order root morphological and nutrient traits: Evidence of multidimensional root traits. Functional Ecology 32: 29-39",
Cornus officinalis,,,,Categorical Plant Traits Database,C3,C3,"Chen W, Zeng H, Eissenstat DM, Guo D. 2013. Variation of first-order root traits across climatic gradients and evolutionary trends in geological time. Global Ecology and Biogeography 22: 846-856.",
Corylus ferox,,,,TRY Categorical Traits Dataset (update 2018),C3,C3,"Wang R, Wang Q, Zhao N, Xu Z, Zhu X, Jiao C, Yu G, He N. 2018. Different phylogenetic and environmental controls of first-order root morphological and nutrient traits: Evidence of multidimensional root traits. Functional Ecology 32: 29-39",
Corylus sieboldiana,,,,Categorical Plant Traits Database,C3,,,
Cotoneaster acutifolius,,,,Categorical Plant Traits Database,C3,C3,"Wang R, Wang Q, Zhao N, Xu Z, Zhu X, Jiao C, Yu G, He N. 2018. Different phylogenetic and environmental controls of first-order root morphological and nutrient traits: Evidence of multidimensional root traits. Functional Ecology 32: 29-39",
Cotoneaster adpressus,,,,BIOPOP: Functional Traits for Nature Conservation,C3,C3,"Wang R, Wang Q, Zhao N, Xu Z, Zhu X, Jiao C, Yu G, He N. 2018. Different phylogenetic and environmental controls of first-order root morphological and nutrient traits: Evidence of multidimensional root traits. Functional Ecology 32: 29-39",
Cotoneaster multiflorus,,,,The China Plant Trait Database,C3,,,
Crataegus pinnatifida,,,,Categorical Plant Traits Database,C3,C3,"Wang R, Wang Q, Zhao N, Xu Z, Zhu X, Jiao C, Yu G, He N. 2018. Different phylogenetic and environmental controls of first-order root morphological and nutrient traits: Evidence of multidimensional root traits. Functional Ecology 32: 29-39",
Cratoxylum cochinchinense,,,,Categorical Plant Traits Database,C4,C3,"Kong D, Ma C, Zhang Q, Li L, Chen X, Zeng H, Guo D. 2014. Leading dimensions in absorptive root trait variation across 96 subtropical forest species. New Phytologist 203: 863-872.",
Cratoxylum cochinchinense,,,,The China Plant Trait Database,C3,C3,"Kong D, Ma C, Zhang Q, Li L, Chen X, Zeng H, Guo D. 2014. Leading dimensions in absorptive root trait variation across 96 subtropical forest species. New Phytologist 203: 863-872.",
Cryptocarya chinensis,,,,Categorical Plant Traits Database,C3,C3,"Kong D, Ma C, Zhang Q, Li L, Chen X, Zeng H, Guo D. 2014. Leading dimensions in absorptive root trait variation across 96 subtropical forest species. New Phytologist 203: 863-872.",
Cryptocarya concinna,,,,Categorical Plant Traits Database,C3,C3,"Chen W, Zeng H, Eissenstat DM, Guo D. 2013. Variation of first-order root traits across climatic gradients and evolutionary trends in geological time. Global Ecology and Biogeography 22: 846-856.",
Cryptomeria japonica,,,,Categorical Plant Traits Database,C3,C3,"Karizumi N. 1968. Estimation of root biomass in forests by the soil block sampling. In:  MS GHILAROV et al, eds. Methods of Productivity Studies in Riot Systems and Rhizosphere Organisms. Nauka, Leningrad. pp. 79-86.","Santantonio D, Hermann RK, Overton WS. 1977. Root biomass studies in forest ecosystems. Pedobiologia 17: 1-31."
Cunninghamia lanceolata,,,,The China Plant Trait Database,C3,C3,"Cao, L. 2013. Fine root biomass and turnover of fine roots in different stand type of Fengyang Mountains. Nanjing Forest University, dissertation. in Chinese with English abstract.","Wang C, Chen Z, Brunner I, Zhang Z, Zhu X, Li J, Yin H, Guo W, Zhao T, Zheng X, Wang S, Geng Z, Shen S, Jin D, Li M-H. 2018. Global patterns of dead fine root stocks in forest ecosystems. Journal of Biogeography 2018: 1-17"
Cupressus funebris,,,,FRED - Fine Root Ecology Database,C3,C3,"Su Y, Li X, Liu Y, Li J, Yin H, Wang Z. 2015. Fine root morphology and biomass characteristics at preliminary stage of gap border trees of reformed low beneficial Cupressus funebris forests. Acta Botanica Boreali-Occidentalia Sinica 35: 0587-0593.",
Cystopteris sudetica,,,,BIOPOP: Functional Traits for Nature Conservation,C3,C3,"Dong X, Wang H, Gu J, Wang Y, Wang Z. 2014. Root morphology, histology and chemistry of nine fern species (pteridophyta) in a temperate forest. Plant Soil 393: 215-227.",
Dacrycarpus imbricatus,,,,FRED - Fine Root Ecology Database,C3,C3,"Ushio M, Fujiki Y, Hidaka A, Kitayama K. 2015. Linkage of root physiology and morphology as an adaptation to soil phosphorus impoverishment in tropical montane forests. Functional Ecology 29: 1235-1245.",
Daphniphyllum pentandrum,,,,Categorical Plant Traits Database,C3,,,
Decaspermum gracilentum,,,,Categorical Plant Traits Database,C3,C3,"Kong D, Ma C, Zhang Q, Li L, Chen X, Zeng H, Guo D. 2014. Leading dimensions in absorptive root trait variation across 96 subtropical forest species. New Phytologist 203: 863-872.",
Deutzia glabrata,,,,Categorical Plant Traits Database,C3,C3,"Wang R, Wang Q, Zhao N, Xu Z, Zhu X, Jiao C, Yu G, He N. 2018. Different phylogenetic and environmental controls of first-order root morphological and nutrient traits: Evidence of multidimensional root traits. Functional Ecology 32: 29-39",
Dicranopteris linearis,,,,Categorical Plant Traits Database,C3,,,
Dicranopteris pedata,,,,Categorical Plant Traits Database,C3,,,
Dioscorea nipponica,,,,The China Plant Trait Database,C3,,,
Diospyros virginiana,,,,Midwestern and Southern US Herbaceous Species Trait Database,C3,C3," Valverde-Barrantes OJ, Smemo KA, Blackwood CB. 2014. Fine root morphology is phylogenetically structured, but nitrogen is related to the plant economics spectrum in temperate trees. Functional Ecology 29: 796-807.",
Duchesnea indica,,,,,,C3,"Wang R, Wang Q, Zhao N, Xu Z, Zhu X, Jiao C, Yu G, He N. 2018. Different phylogenetic and environmental controls of first-order root morphological and nutrient traits: Evidence of multidimensional root traits. Functional Ecology 32: 29-39",
Elaeocarpus dubius,,,,FRED - Fine Root Ecology Database,C3,C3,"Kong D, Ma C, Zhang Q, Li L, Chen X, Zeng H, Guo D. 2014. Leading dimensions in absorptive root trait variation across 96 subtropical forest species. New Phytologist 203: 863-872.",
Elaeocarpus glabripetalus,,,,The China Plant Trait Database,C3,,,
Elaeocarpus sylvestris,,,,The China Plant Trait Database,C3,C3,"Wang R, Wang Q, Zhao N, Xu Z, Zhu X, Jiao C, Yu G, He N. 2018. Different phylogenetic and environmental controls of first-order root morphological and nutrient traits: Evidence of multidimensional root traits. Functional Ecology 32: 29-39",
Eleutherococcus senticosus,,,,Categorical Plant Traits Database,C3,C3,"Wang R, Wang Q, Zhao N, Xu Z, Zhu X, Jiao C, Yu G, He N. 2018. Different phylogenetic and environmental controls of first-order root morphological and nutrient traits: Evidence of multidimensional root traits. Functional Ecology 32: 29-39",
Embelia vestita,,,,The China Plant Trait Database,C3,,,
Endospermum chinense,,,,FRED - Fine Root Ecology Database,C3,C3,"Kong D, Ma C, Zhang Q, Li L, Chen X, Zeng H, Guo D. 2014. Leading dimensions in absorptive root trait variation across 96 subtropical forest species. New Phytologist 203: 863-872.",
Equisetum hyemale,,,,Categorical Plant Traits Database,C3,C3,"Dong X, Wang H, Gu J, Wang Y, Wang Z. 2014. Root morphology, histology and chemistry of nine fern species (pteridophyta) in a temperate forest. Plant Soil 393: 215-227.",
Equisetum pratense,,,,Categorical Plant Traits Database,C3,C3,"Dong X, Wang H, Gu J, Wang Y, Wang Z. 2014. Root morphology, histology and chemistry of nine fern species (pteridophyta) in a temperate forest. Plant Soil 393: 215-227.",
Eriobotrya japonica,,,,FRED - Fine Root Ecology Database,C3,C3,"Kong D, Ma C, Zhang Q, Li L, Chen X, Zeng H, Guo D. 2014. Leading dimensions in absorptive root trait variation across 96 subtropical forest species. New Phytologist 203: 863-872.",
Eucalyptus urophylla,,,,FRED - Fine Root Ecology Database,C3,C3,"Kong D, Ma C, Zhang Q, Li L, Chen X, Zeng H, Guo D. 2014. Leading dimensions in absorptive root trait variation across 96 subtropical forest species. New Phytologist 203: 863-872.",
Euonymus alatus,,,,Categorical Plant Traits Database,C3,C3,"Chen W, Zeng H, Eissenstat DM, Guo D. 2013. Variation of first-order root traits across climatic gradients and evolutionary trends in geological time. Global Ecology and Biogeography 22: 846-856.",
Euonymus verrucosus,,,,The China Plant Trait Database,C3,,,
Euptelea pleiosperma,,,,TRY Categorical Traits Dataset (update 2018),C3,C3,"Wang R, Wang Q, Zhao N, Xu Z, Zhu X, Jiao C, Yu G, He N. 2018. Different phylogenetic and environmental controls of first-order root morphological and nutrient traits: Evidence of multidimensional root traits. Functional Ecology 32: 29-39",
Fagus engleriana,,,,A Global Dataset of Leaf Delta13C Data,C3,C3,"Wang R, Wang Q, Zhao N, Xu Z, Zhu X, Jiao C, Yu G, He N. 2018. Different phylogenetic and environmental controls of first-order root morphological and nutrient traits: Evidence of multidimensional root traits. Functional Ecology 32: 29-39",
Ficus variolosa,,,,The China Plant Trait Database,C3,C3,"Kong D, Ma C, Zhang Q, Li L, Chen X, Zeng H, Guo D. 2014. Leading dimensions in absorptive root trait variation across 96 subtropical forest species. New Phytologist 203: 863-872.",
Filipendula palmata,,,,Categorical Plant Traits Database,C3,C3,"Wang R, Wang Q, Zhao N, Xu Z, Zhu X, Jiao C, Yu G, He N. 2018. Different phylogenetic and environmental controls of first-order root morphological and nutrient traits: Evidence of multidimensional root traits. Functional Ecology 32: 29-39",
Fraxinus americana,,,,Categorical Plant Traits Database,C3,C3,"Aulen M, Shipley B, Bradley R. 2012. Prediction of in situ root decomposition rates in an interspecific context from chemical and morphological traits. Annals of Botany 109: 287-297.",
Fraxinus chinensis,,,,Categorical Plant Traits Database,C3,C3,"Chen W, Zeng H, Eissenstat DM, Guo D. 2013. Variation of first-order root traits across climatic gradients and evolutionary trends in geological time. Global Ecology and Biogeography 22: 846-856.",
Fraxinus excelsior,,,,Sheffield-Iran-Spain Database,C3,C3,"Kubisch P, Hertel D, Leuschner C. 2015. Do ectomycorrhizal and arbuscular mycorrhizal temperate tree species systematically differ in root order-related fine root morphology and biomass? Frontiers in Plant Science 6(64): 1-12.",
Fraxinus mandshurica,,,,Categorical Plant Traits Database,C3,C3,"Dong L, Mao Z, Sun T. 2016. Condensed tannin effects on decomposition of very fine roots among temperate tree species. Soil Biology & Biochemistry 103: 489-492.",
Galium aparine,,,C3,Sheffield-Iran-Spain Database,C3,C3,"Freschet GT, Swart EM, Cornelissen JHC. 2015. Integrated plant phenotypic responses to contrasting above- and below-ground resources: key roles of specific leaf area and root mass fraction. New Phytologist 206: 1247-1260.",
Garcinia cowa,,,,The China Plant Trait Database,C3,C3,"Kong D, Ma C, Zhang Q, Li L, Chen X, Zeng H, Guo D. 2014. Leading dimensions in absorptive root trait variation across 96 subtropical forest species. New Phytologist 203: 863-872.",
Garcinia oblongifolia,,,,Categorical Plant Traits Database,C3,C3,"Kong D, Ma C, Zhang Q, Li L, Chen X, Zeng H, Guo D. 2014. Leading dimensions in absorptive root trait variation across 96 subtropical forest species. New Phytologist 203: 863-872.",
Ginkgo biloba,,,,Categorical Plant Traits Database,C3,C3,"Chen W, Zeng H, Eissenstat DM, Guo D. 2013. Variation of first-order root traits across climatic gradients and evolutionary trends in geological time. Global Ecology and Biogeography 22: 846-856.",
Gironniera subaequalis,,,,Categorical Plant Traits Database,C4,C3,"Kong D, Ma C, Zhang Q, Li L, Chen X, Zeng H, Guo D. 2014. Leading dimensions in absorptive root trait variation across 96 subtropical forest species. New Phytologist 203: 863-872.",
Gironniera subaequalis,,,,The China Plant Trait Database,C3,C3,"Kong D, Ma C, Zhang Q, Li L, Chen X, Zeng H, Guo D. 2014. Leading dimensions in absorptive root trait variation across 96 subtropical forest species. New Phytologist 203: 863-872.",
Gleditsia triacanthos,,,,BIOPOP: Functional Traits for Nature Conservation,C3,C3,"Bauerle TL, Bauerle WL, Goebel M, Barnard DM. 2013. Root system distribution influences substrate moisture measurements in containerized ornamental tree species. Horttechnology 23(6): 754-759.",
Goniothalamus griffithii,,,,The China Plant Trait Database,C3,,,
Gordonia axillaris,"Long Y, Kong D, Chen Z, Zeng H. 2013. Variation of the linkage of root function with root branch order. PLoS ONE 8: e57153. Doi:10.1371/journal.pone.0057153",C3,,,,,,
Gordonia axillaris,"Kong D, Ma C, Zhang Q, Li L, Chen X, Zeng H, Guo D. 2014. Leading dimensions in absorptive root trait variation across 96 subtropical forest species. New Phytologist 203: 863-872.",C3,,,,,,
Helicia formosana,,,,FRED - Fine Root Ecology Database,C3,C3,"Kong D, Ma C, Zhang Q, Li L, Chen X, Zeng H, Guo D. 2014. Leading dimensions in absorptive root trait variation across 96 subtropical forest species. New Phytologist 203: 863-872.",
Hosta ventricosa,,,,BIOPOP: Functional Traits for Nature Conservation,C3,C3,"Wang R, Wang Q, Zhao N, Xu Z, Zhu X, Jiao C, Yu G, He N. 2018. Different phylogenetic and environmental controls of first-order root morphological and nutrient traits: Evidence of multidimensional root traits. Functional Ecology 32: 29-39",
Hydrophyllum canadense,,,,FRED - Fine Root Ecology Database,C3,C3,"Pregitzer KS, Kubiske ME, Yu CK, Hendrick RL. 1997. Relationships among root branch order, carbon, and nitrogen in four temperate species. Oecologia 111: 301-308.",
Ilex opaca,,,,Categorical Plant Traits Database,C3,C3,"Taylor MK, Lankau RA, Wurzburger N. 2016. Mycorrhizal associations of trees have different indirect effects on organic matter decomposition. Journal of Ecology 104: 1576-1584.",
Iris japonica,,,,BIOPOP: Functional Traits for Nature Conservation,C3,,,
Juglans mandshurica,,,,Categorical Plant Traits Database,C3,C3,"Gu J, Wang Y, Fahey TJ, Wang Z. 2017. Effects of root diameter, branch order, soil depth and season of birth on fine root life span in five temperate tree species. European Journal of Forest Research 136: 727-738.",
Juglans nigra,,,,Categorical Plant Traits Database,C3,C3,"Aulen M, Shipley B, Bradley R. 2012. Prediction of in situ root decomposition rates in an interspecific context from chemical and morphological traits. Annals of Botany 109: 287-297.",
Juniperus monosperma,,,,Categorical Plant Traits Database,C3,C3,"Laughlin DC, Fule PZ, Huffman DW, Crouse J, Laliberte E. 2011. Climatic constraints on trait-based forest assembly. Journal of Ecology 99: 1489-1499.",
Juniperus sabina,,,,Categorical Plant Traits Database,C3,C3,"Wang R, Wang Q, Zhao N, Xu Z, Zhu X, Jiao C, Yu G, He N. 2018. Different phylogenetic and environmental controls of first-order root morphological and nutrient traits: Evidence of multidimensional root traits. Functional Ecology 32: 29-39",
Koelreuteria paniculata,,,,FRED - Fine Root Ecology Database,C3,C3,"Li FL, Bao WK. 2015. New insights into leaf and fine-root trait relationships: implications of resource acquisition among 23 xerophytic woody species. Ecology and Evolution 5: 5344-5351.",
Lamium album,,,,Categorical Plant Traits Database,C3,C3,"Wang R, Wang Q, Zhao N, Xu Z, Zhu X, Jiao C, Yu G, He N. 2018. Different phylogenetic and environmental controls of first-order root morphological and nutrient traits: Evidence of multidimensional root traits. Functional Ecology 32: 29-39",
Larix gmelinii,,,,Categorical Plant Traits Database,C3,C3,"Bai, H.M., Li, G.T., Yue, Y.J., Li, Y.J. & Ma, J.J. (2015) The fine root biomass and vertical distribution feature of Larix gmelinii. Journal of Inner Mongolia Forestry Science & Technology, 41, 4-7. Chinese in English abstract.","Wang C, Chen Z, Brunner I, Zhang Z, Zhu X, Li J, Yin H, Guo W, Zhao T, Zheng X, Wang S, Geng Z, Shen S, Jin D, Li M-H. 2018. Global patterns of dead fine root stocks in forest ecosystems. Journal of Biogeography 2018: 1-17"
Lespedeza bicolor,,,,Categorical Plant Traits Database,C3,C3,"Li H, Liu B, McCormack ML, Ma Z, Guo D. 2017. Diverse belowground resource strategies underlie plant species coexistence and spatial distribution in three grasslands along a precipitation gradient. New Phytologist 216: 1140-1150.",
Lespedeza thunbergii,,,,The China Plant Trait Database,C3,C3,"Wang R, Wang Q, Zhao N, Xu Z, Zhu X, Jiao C, Yu G, He N. 2018. Different phylogenetic and environmental controls of first-order root morphological and nutrient traits: Evidence of multidimensional root traits. Functional Ecology 32: 29-39",
Lindera communis,,,,Categorical Plant Traits Database,C3,C3,"Chen W, Zeng H, Eissenstat DM, Guo D. 2013. Variation of first-order root traits across climatic gradients and evolutionary trends in geological time. Global Ecology and Biogeography 22: 846-856.",
Lindera obtusiloba,,,,TRY Categorical Traits Dataset (update 2018),C3,C3,"Wang R, Wang Q, Zhao N, Xu Z, Zhu X, Jiao C, Yu G, He N. 2018. Different phylogenetic and environmental controls of first-order root morphological and nutrient traits: Evidence of multidimensional root traits. Functional Ecology 32: 29-39",
Liquidambar formosana,,,,Categorical Plant Traits Database,C3,C3,"Li, S.Z., Tian, D.L., Wang, G.J., Yan, W.D. & Duan, W. (2011) Fine root biomass and space-time dynamics of 4 types main plantation community, in Hunan Province. Journal of Central South University of Forestry & Technology, 31, 63-68. Chinese in English abstract.","Wang C, Chen Z, Brunner I, Zhang Z, Zhu X, Li J, Yin H, Guo W, Zhao T, Zheng X, Wang S, Geng Z, Shen S, Jin D, Li M-H. 2018. Global patterns of dead fine root stocks in forest ecosystems. Journal of Biogeography 2018: 1-17"
Liquidambar styraciflua,,,,Categorical Plant Traits Database,C3,C3,"Aubrey, D., D. Coyle and M. Coleman. 2012. Functional groups show distinct differences in nitrogen cycling during early stand development: Implications for forest management. Plant and Soil. 351:219-236.",
Liriodendron chinense,,,,A Global Dataset of Leaf Delta13C Data,C3,C3,"Chen W, Zeng H, Eissenstat DM, Guo D. 2013. Variation of first-order root traits across climatic gradients and evolutionary trends in geological time. Global Ecology and Biogeography 22: 846-856.",
Liriodendron tulipifera,,,,Categorical Plant Traits Database,C3,C3,"Adams TS, McCormack ML, Eissenstat DM. 2013. Foraging strategies in trees of different root morphology: the role of root lifespan. Tree physiology 33:940-948.",
Lithocarpus cleistocarpus,,,,TRY Categorical Traits Dataset (update 2018),C3,C3,"Wang R, Wang Q, Zhao N, Xu Z, Zhu X, Jiao C, Yu G, He N. 2018. Different phylogenetic and environmental controls of first-order root morphological and nutrient traits: Evidence of multidimensional root traits. Functional Ecology 32: 29-39",
Lithocarpus fenestratus,,,,FRED - Fine Root Ecology Database,C3,C3,"Chen W, Zeng H, Eissenstat DM, Guo D. 2013. Variation of first-order root traits across climatic gradients and evolutionary trends in geological time. Global Ecology and Biogeography 22: 846-856.",
Litsea cubeba,,,,ArtDeco Database,C3,C3,"Kong D, Ma C, Zhang Q, Li L, Chen X, Zeng H, Guo D. 2014. Leading dimensions in absorptive root trait variation across 96 subtropical forest species. New Phytologist 203: 863-872.",
Litsea verticillata,,,,The China Plant Trait Database,C3,,,
Lonicera chrysantha,,,,Categorical Plant Traits Database,C3,C3,"Wang R, Wang Q, Zhao N, Xu Z, Zhu X, Jiao C, Yu G, He N. 2018. Different phylogenetic and environmental controls of first-order root morphological and nutrient traits: Evidence of multidimensional root traits. Functional Ecology 32: 29-39",
Macaranga sampsonii,,,,TRY Categorical Traits Dataset (update 2018),C3,,,
Machilus breviflora,,,,FRED - Fine Root Ecology Database,C3,C3,"Chen W, Zeng H, Eissenstat DM, Guo D. 2013. Variation of first-order root traits across climatic gradients and evolutionary trends in geological time. Global Ecology and Biogeography 22: 846-856.",
Machilus velutina,,,,Categorical Plant Traits Database,C3,C3,"Kong D, Ma C, Zhang Q, Li L, Chen X, Zeng H, Guo D. 2014. Leading dimensions in absorptive root trait variation across 96 subtropical forest species. New Phytologist 203: 863-872.",
Magnolia acuminata,,,,FRED - Fine Root Ecology Database,C3,C3,"Eissenstat DM, Kucharski JM, Zadworny M, Adams TS, Koide RT. 2015. Linking root traits to nutrient foraging in arbuscular mycorrhizal trees in a temperate forest. New Phytologist 208: 114-121",
Magnolia baillonii,,,,FRED - Fine Root Ecology Database,C3,,,
Magnolia balansae,,,,Categorical Plant Traits Database,C4,,,
Magnolia balansae,,,,FRED - Fine Root Ecology Database,C3,,,
Magnolia cavaleriei,,,,FRED - Fine Root Ecology Database,C3,,,
Magnolia champaca,,,,FRED - Fine Root Ecology Database,C3,,,
Magnolia championii,,,,FRED - Fine Root Ecology Database,C3,C3,"Chen W, Zeng H, Eissenstat DM, Guo D. 2013. Variation of first-order root traits across climatic gradients and evolutionary trends in geological time. Global Ecology and Biogeography 22: 846-856.",
Magnolia chapensis,,,,FRED - Fine Root Ecology Database,C3,,,
Magnolia dandyi,,,,FRED - Fine Root Ecology Database,C3,,,
Magnolia denudata,,,,Categorical Plant Traits Database,C3,C3," Valverde-Barrantes OJ, Smemo KA, Blackwood CB. 2014. Fine root morphology is phylogenetically structured, but nitrogen is related to the plant economics spectrum in temperate trees. Functional Ecology 29: 796-807.",
Magnolia ernestii,,,,FRED - Fine Root Ecology Database,C3,,,
Magnolia fulva,,,,FRED - Fine Root Ecology Database,C3,,,
Magnolia grandiflora,,,,Categorical Plant Traits Database,C3,C3,"Kong D, Ma C, Zhang Q, Li L, Chen X, Zeng H, Guo D. 2014. Leading dimensions in absorptive root trait variation across 96 subtropical forest species. New Phytologist 203: 863-872.",
Magnolia kobus,,,,Categorical Plant Traits Database,C3,C3," Valverde-Barrantes OJ, Smemo KA, Blackwood CB. 2014. Fine root morphology is phylogenetically structured, but nitrogen is related to the plant economics spectrum in temperate trees. Functional Ecology 29: 796-807.",
Magnolia lotungensis,,,,FRED - Fine Root Ecology Database,C3,,,
Magnolia macclurei,,,,FRED - Fine Root Ecology Database,C3,,,
Magnolia macrophylla,,,,FRED - Fine Root Ecology Database,C3,C3," Valverde-Barrantes OJ, Smemo KA, Blackwood CB. 2014. Fine root morphology is phylogenetically structured, but nitrogen is related to the plant economics spectrum in temperate trees. Functional Ecology 29: 796-807.",
Magnolia maudiae,,,,FRED - Fine Root Ecology Database,C3,,,
Magnolia odora,,,,Categorical Plant Traits Database,C3,,,
Magnolia stellata,,,,Categorical Plant Traits Database,C3,C3," Valverde-Barrantes OJ, Smemo KA, Blackwood CB. 2014. Fine root morphology is phylogenetically structured, but nitrogen is related to the plant economics spectrum in temperate trees. Functional Ecology 29: 796-807.",
Magnolia tripetala,,,,FRED - Fine Root Ecology Database,C3,C3," Valverde-Barrantes OJ, Smemo KA, Blackwood CB. 2014. Fine root morphology is phylogenetically structured, but nitrogen is related to the plant economics spectrum in temperate trees. Functional Ecology 29: 796-807.",
Magnolia virginiana,,,,Categorical Plant Traits Database,C3,C3," Valverde-Barrantes OJ, Smemo KA, Blackwood CB. 2014. Fine root morphology is phylogenetically structured, but nitrogen is related to the plant economics spectrum in temperate trees. Functional Ecology 29: 796-807.",
Magnolia yunnanensis,,,,FRED - Fine Root Ecology Database,C3,,,
Mallotus paniculatus,,,,Categorical Plant Traits Database,C3,C3,"Wang R, Wang Q, Zhao N, Xu Z, Zhu X, Jiao C, Yu G, He N. 2018. Different phylogenetic and environmental controls of first-order root morphological and nutrient traits: Evidence of multidimensional root traits. Functional Ecology 32: 29-39",
Malus baccata,,,,Categorical Plant Traits Database,C3,C3,"Chen W, Zeng H, Eissenstat DM, Guo D. 2013. Variation of first-order root traits across climatic gradients and evolutionary trends in geological time. Global Ecology and Biogeography 22: 846-856.",
Malus domestica,,,,Categorical Plant Traits Database,C3,C3,"Bouma TJ, Yanai RD, Elkin AD, Hartmond U, Flores-Alva DE, Eissenstat DM. 2001. Estimating age-dependent costs and benefits of roots with contrasting life span: comparing apples and oranges. New Phytologist 150: 685-695.",
Matteuccia struthiopteris,,,,Abisko & Sheffield Database,C3,C3,"Dong X, Wang H, Gu J, Wang Y, Wang Z. 2014. Root morphology, histology and chemistry of nine fern species (pteridophyta) in a temperate forest. Plant Soil 393: 215-227.",
Melicope pteleifolia,,,,Categorical Plant Traits Database,C3,,,
Microcos paniculata,,,,Categorical Plant Traits Database,C3,C3,"Kong D, Ma C, Zhang Q, Li L, Chen X, Zeng H, Guo D. 2014. Leading dimensions in absorptive root trait variation across 96 subtropical forest species. New Phytologist 203: 863-872.",
Microcos paniculata,,,,Categorical Plant Traits Database,C4,C3,"Kong D, Ma C, Zhang Q, Li L, Chen X, Zeng H, Guo D. 2014. Leading dimensions in absorptive root trait variation across 96 subtropical forest species. New Phytologist 203: 863-872.",
Millettia leptobotrya,,,,The China Plant Trait Database,C3,,,
Myrsine seguinii,,,,Categorical Plant Traits Database,C3,,,
Nephelium lappaceum,,,,The China Plant Trait Database,C3,C3,"Kong D, Ma C, Zhang Q, Li L, Chen X, Zeng H, Guo D. 2014. Leading dimensions in absorptive root trait variation across 96 subtropical forest species. New Phytologist 203: 863-872.",
Nyssa aquatica,,,,Categorical Plant Traits Database,C3,C3,"Powell SW, Day FP Jr. 1991. Root production in four communities in the Great Dismal Swamp (Virginia, North Carolina, USA). American Journal of Botany 78: 288-297.","Gill, R., and R. B. Jackson. 2003. Global Distribution of Root Turnover in Terrestrial Ecosystems. Data set. Available on-line [http://www.daac.ornl.gov] from Oak Ridge National Laboratory Distributed Active Archive Center, Oak Ridge, Tennessee, U.S.A. doi:10.3334/ORNLDAAC/661. "
Nyssa sylvatica,,,,Categorical Plant Traits Database,C3,C3," Valverde-Barrantes OJ, Smemo KA, Blackwood CB. 2014. Fine root morphology is phylogenetically structured, but nitrogen is related to the plant economics spectrum in temperate trees. Functional Ecology 29: 796-807.",
Onoclea sensibilis,,,,Categorical Plant Traits Database,C3,C3,"Dong X, Wang H, Gu J, Wang Y, Wang Z. 2014. Root morphology, histology and chemistry of nine fern species (pteridophyta) in a temperate forest. Plant Soil 393: 215-227.",
Orophea creaghii,,,,The China Plant Trait Database,C3,,,
Osmanthus didymopetalus,,,,FRED - Fine Root Ecology Database,C3,C3,"Kong D, Ma C, Zhang Q, Li L, Chen X, Zeng H, Guo D. 2014. Leading dimensions in absorptive root trait variation across 96 subtropical forest species. New Phytologist 203: 863-872.",
Parthenocissus quinquefolia,,,,BIOPOP: Functional Traits for Nature Conservation,C3,C3,"Wang R, Wang Q, Zhao N, Xu Z, Zhu X, Jiao C, Yu G, He N. 2018. Different phylogenetic and environmental controls of first-order root morphological and nutrient traits: Evidence of multidimensional root traits. Functional Ecology 32: 29-39",
Pentaphylax euryoides,,,,FRED - Fine Root Ecology Database,C3,C3,"Kong D, Ma C, Zhang Q, Li L, Chen X, Zeng H, Guo D. 2014. Leading dimensions in absorptive root trait variation across 96 subtropical forest species. New Phytologist 203: 863-872.",
Phellodendron amurense,,,,Categorical Plant Traits Database,C3,C3,"Dong L, Mao Z, Sun T. 2016. Condensed tannin effects on decomposition of very fine roots among temperate tree species. Soil Biology & Biochemistry 103: 489-492.",
Phlomoides umbrosa,,,,Categorical Plant Traits Database,C3,,,
Picea glauca,,,,Categorical Plant Traits Database,C3,C3,"Bannan MW. 1940. The root systems of northern Ontario conifers growing in sand. American Journal of Botany, 27(2):108-114.","Fan Y, Miguez-Macho G, Jobbagy EG, Jackson RB, Otero-Casal C. 2017. Hydrologic regulation of plant rooting depth. 2017. PNAS 114: 10572-10577."
Picea koraiensis,,,,The China Plant Trait Database,C3,C3,"Dong L, Mao Z, Sun T. 2016. Condensed tannin effects on decomposition of very fine roots among temperate tree species. Soil Biology & Biochemistry 103: 489-492.",
Picea meyeri,,,,Categorical Plant Traits Database,C3,C3,"Chen W, Zeng H, Eissenstat DM, Guo D. 2013. Variation of first-order root traits across climatic gradients and evolutionary trends in geological time. Global Ecology and Biogeography 22: 846-856.",
Picea wilsonii,,,,FRED - Fine Root Ecology Database,C3,C3,"Chen W, Zeng H, Eissenstat DM, Guo D. 2013. Variation of first-order root traits across climatic gradients and evolutionary trends in geological time. Global Ecology and Biogeography 22: 846-856.",
Pinus armandii,,,,Categorical Plant Traits Database,C3,C3,"Chen W, Zeng H, Eissenstat DM, Guo D. 2013. Variation of first-order root traits across climatic gradients and evolutionary trends in geological time. Global Ecology and Biogeography 22: 846-856.",
Pinus edulis,,,,Categorical Plant Traits Database,C3,C3,"Kleinhampl FJ, Koteff C. 1960. Botanical Prospecting for U rani urn in the Circle Cliffs Area Garfield County , Utah, USGS Bulletin 1085-C (USGS).","Fan Y, Miguez-Macho G, Jobbagy EG, Jackson RB, Otero-Casal C. 2017. Hydrologic regulation of plant rooting depth. 2017. PNAS 114: 10572-10577."
Pinus elliottii,,,,Categorical Plant Traits Database,C3,C3,"Bontti EE, Decant JP, Munson SM, Gathany MA, Przeszlowska A, Haddix ML, Owens S, Burke IC, Parton WJ, Harmon ME. 2009. Litter deomposition in grasslands of Central North America (US Great Plains)",
Pinus koraiensis,,,,Categorical Plant Traits Database,C3,C3,"Gu J, Wang Y, Fahey TJ, Wang Z. 2017. Effects of root diameter, branch order, soil depth and season of birth on fine root life span in five temperate tree species. European Journal of Forest Research 136: 727-738.",
Pinus massoniana,,,,Categorical Plant Traits Database,C3,C3,"Li, S.Z., Tian, D.L., Wang, G.J., Yan, W.D. & Duan, W. (2011) Fine root biomass and space-time dynamics of 4 types main plantation community, in Hunan Province. Journal of Central South University of Forestry & Technology, 31, 63-68. Chinese in English abstract.","Wang C, Chen Z, Brunner I, Zhang Z, Zhu X, Li J, Yin H, Guo W, Zhao T, Zheng X, Wang S, Geng Z, Shen S, Jin D, Li M-H. 2018. Global patterns of dead fine root stocks in forest ecosystems. Journal of Biogeography 2018: 1-17"
Pinus palustris,,,,Categorical Plant Traits Database,C3,C3,"Addington RN, Donovan LA, Mitchell RJ, Vose JM, Pecot SD, Jack SB, Hacke UG, Sperry JS, Oren R. 2006. Adjustments in hydraulic architecture of Pinus palustris maintain similar stomatal conductance in xeric and mesic habitats. Plant, Cell and Environment 29(4):535545.","Fan Y, Miguez-Macho G, Jobbagy EG, Jackson RB, Otero-Casal C. 2017. Hydrologic regulation of plant rooting depth. 2017. PNAS 114: 10572-10577."
Pinus pumila,,,,Categorical Plant Traits Database,C3,C3,"Karizumi N. 1979. Monograph - Root system forms and distributions of individual trees in Japan (in Japanese) (Seibundo Shinkosha Publishing Co. Ltd., Tokyo) Available at: https://www.cabdirect.org/cabdirect/abstract/19870618641","Fan Y, Miguez-Macho G, Jobbagy EG, Jackson RB, Otero-Casal C. 2017. Hydrologic regulation of plant rooting depth. 2017. PNAS 114: 10572-10577."
Pinus resinosa,,,,Categorical Plant Traits Database,C3,C3,"Aber JD, Melillo JM, Nadelhoffer KJ, McClaugherty CA, Pastor J. 1985. Fine root turnover in forest ecosystems in relation to quantity and form of nitrogen availability : a comparison of two methods. Oecologia 66: 317-321. McClaugherty CA, Aber JD, Melillo JM. 1982. The role of fine roots in the organic matter and nitrogen budgets of two forested ecosystems. Ecology 63: 1481-1490.","Gill, R., and R. B. Jackson. 2003. Global Distribution of Root Turnover in Terrestrial Ecosystems. Data set. Available on-line [http://www.daac.ornl.gov] from Oak Ridge National Laboratory Distributed Active Archive Center, Oak Ridge, Tennessee, U.S.A. doi:10.3334/ORNLDAAC/661. "
Pinus strobus,,,,Categorical Plant Traits Database,C3,C3,"Aber JD, Melillo JM, Nadelhoffer KJ, McClaugherty CA, Pastor J. 1985. Fine root turnover in forest ecosystems in relation to quantity and form of nitrogen availability : a comparison of two methods. Oecologia 66: 317-321.","Nadelhoffer KJ, Raich JW. 1992. Fine root production estimates and belowground carbon allocation in forest ecosystems. Ecology 73:1139-1147."
Pinus sylvestris,,,,Sheffield-Iran-Spain Database,C3,C3," Ahlstrom K, Persson H, Borjesson I. 1988. Fertilization in a mature Scots pine (Pinus sylvestris L.) stand - effects on fine roots. Plant and Soil 106:179-190.","Gordon, W.S., and R.B. Jackson. 2003. Global distribution of Root Nutrient Concentrations in Terrestrial Ecosystems. Data set. Available on-line [http://www.daac.ornl.gov] from Oak Ridge National Laboratory Distributed Active Archive Center, Oak Ridge, Tennessee, U.S.A. doi: 10.3334/ORNLDAAC/659."
Pinus sylvestris,,,,Categorical Plant Traits Database,C3/CAM,C3," Ahlstrom K, Persson H, Borjesson I. 1988. Fertilization in a mature Scots pine (Pinus sylvestris L.) stand - effects on fine roots. Plant and Soil 106:179-190.","Gordon, W.S., and R.B. Jackson. 2003. Global distribution of Root Nutrient Concentrations in Terrestrial Ecosystems. Data set. Available on-line [http://www.daac.ornl.gov] from Oak Ridge National Laboratory Distributed Active Archive Center, Oak Ridge, Tennessee, U.S.A. doi: 10.3334/ORNLDAAC/659."
Pinus tabuliformis,,,,Categorical Plant Traits Database,C3,C3,"Wang G, Fahey TJ, Xue S, Liu F. 2013. Root morphology and architecture respond to N addition in Pinus tabuliformis, west China. Oecologia 171:583-590.",
Pinus virginiana,,,,Categorical Plant Traits Database,C3,C3,"Chen W, Koide RT, Adams TS, DeForest JL, Cheng L, Eissenstat DM. 2016. Root morphology and mycorrhizal symbioses together shape nutrient foraging strategies of temperate trees. Proceedings of the National Academy of Sciences 113: 8741-8746.",
Pistacia chinensis,,,,Categorical Plant Traits Database,C3,C3,"Kong D, Ma C, Zhang Q, Li L, Chen X, Zeng H, Guo D. 2014. Leading dimensions in absorptive root trait variation across 96 subtropical forest species. New Phytologist 203: 863-872.",
Platanus acerifolia,,,,Categorical Plant Traits Database,C3,C3,Valverde et al (unpublished),Rhizopolis
Platanus occidentalis,,,,Categorical Plant Traits Database,C3,C3,"Aubrey, D., D. Coyle and M. Coleman. 2012. Functional groups show distinct differences in nitrogen cycling during early stand development: Implications for forest management. Plant and Soil. 351:219-236.",
Platycladus orientalis,,,,Categorical Plant Traits Database,C3,C3,"Li R, Ling N, Hao J, Min J, Chen X, Guan Q. 2013. Effects of stand ages on carbon storage, fine root morphology and biomass in Platycladus orientalis  plantation. Journal of Nanjing Forestry University (Natural Sciences edition) 37: 21-27.",
Podocarpus neriifolius,,,,Categorical Plant Traits Database,C3,C3,"Wang R, Wang Q, Zhao N, Xu Z, Zhu X, Jiao C, Yu G, He N. 2018. Different phylogenetic and environmental controls of first-order root morphological and nutrient traits: Evidence of multidimensional root traits. Functional Ecology 32: 29-39",
Populus balsamifera,,,,Categorical Plant Traits Database,C3,C3,"Chapin FS, BretHarte MS, Hobbie SE, Zhong HL. 1996. Plant functional types as predictors of transient responses of arctic vegetation to global change. Journal of Vegetation Science 7: 347358.","Iversen C.M., Sloan V.L., Sullivan P.F., Euskirchen E.S., McGuire A.D., Norby R.J., Walker A.P., Warren J.M., Wullschleger S.D. 2014. Plant Root Characteristics and Dynamics in Arctic Tundra Ecosystems, 1960-2012. Next Generation Ecosystem Experiments Arctic Data Collection, Carbon Dioxide Information Analysis Center, Oak Ridge National Laboratory, Oak Ridge, Tennessee, USA. Data set accessed at http://dx.doi.org/10.5440/1114222."
Populus cathayana,,,,Categorical Plant Traits Database,C3,C3,"Chen W, Zeng H, Eissenstat DM, Guo D. 2013. Variation of first-order root traits across climatic gradients and evolutionary trends in geological time. Global Ecology and Biogeography 22: 846-856.",
Populus deltoides,,,,Categorical Plant Traits Database,C3,C3,"Aubrey, D., D. Coyle and M. Coleman. 2012. Functional groups show distinct differences in nitrogen cycling during early stand development: Implications for forest management. Plant and Soil. 351:219-236.",
Populus koreana,,,,,,C3,"Wang R, Wang Q, Zhao N, Xu Z, Zhu X, Jiao C, Yu G, He N. 2018. Different phylogenetic and environmental controls of first-order root morphological and nutrient traits: Evidence of multidimensional root traits. Functional Ecology 32: 29-39",
Populus tremula,,,,Abisko & Sheffield Database,C3,C3,"Freschet GT, Cornelissen JHC, van Logtestijn RSP, Aerts R. 2010. Evidence of the 'plant economics spectrum' in a subarctic flora. Journal of Ecology 98: 362-373.",
Populus tremuloides,,,,Categorical Plant Traits Database,C3,C3,"Adams TS, McCormack ML, Eissenstat DM. 2013. Foraging strategies in trees of different root morphology: the role of root lifespan. Tree physiology 33:940-948.",
Populus trichocarpa,,,,BIOPOP: Functional Traits for Nature Conservation,C3,C3,"Bagniewska-Zadworna A, Byczyk J, Eissenstat DM, Oleksyn J, Zadworny M. 2012. Avoiding transport bottlenecks in an expanding root system: Xylem vessel development in fibrous and pioneer roots under field conditions. American Journal of Botany 99: 1417-1426.",
Prunus armeniaca,,,,Categorical Plant Traits Database,C3,C3,"Sprackling JA, Read RA. 1979. Tree root systems in Eastern Nebraska. Nebraska Conservation Bulletin 37.","Fan Y, Miguez-Macho G, Jobbagy EG, Jackson RB, Otero-Casal C. 2017. Hydrologic regulation of plant rooting depth. 2017. PNAS 114: 10572-10577."
Prunus avium,,,,Sheffield Database,C3,C3,"Liese R, Alings K, Meier IC. 2017. Root branching is a leading root trait of the plant economics spectrum in temperate trees. Frontiers in Plant Science 8:315.",
Prunus padus,,,,Sheffield Database,C3,C3,"Freschet GT, Cornelissen JHC, van Logtestijn RSP, Aerts R. 2010. Evidence of the 'plant economics spectrum' in a subarctic flora. Journal of Ecology 98: 362-373.",
Prunus persica,,,,Categorical Plant Traits Database,C3,C3,Howard A. 1925. The effects of grass on trees. Proceedings of the Royal Society of London Series B 97(683): 284-321.,"Fan Y, Miguez-Macho G, Jobbagy EG, Jackson RB, Otero-Casal C. 2017. Hydrologic regulation of plant rooting depth. 2017. PNAS 114: 10572-10577."
Prunus sargentii,,,,Categorical Plant Traits Database,C3,C3," Valverde-Barrantes OJ, Smemo KA, Blackwood CB. 2014. Fine root morphology is phylogenetically structured, but nitrogen is related to the plant economics spectrum in temperate trees. Functional Ecology 29: 796-807.",
Prunus sibirica,,,,Categorical Plant Traits Database,C3,C3,"Shi W, Wang ZQ, Liu JL, Gu JC, Guo DL. 2008. Fine root morphology of twenty hardwood species in Maoershan Natural Secondary Forest in Northeastern China. Journal of Plant Ecology (Chinese Version) 32: 1217-1226.",
Psychotria asiatica,"Kong D, Ma C, Zhang Q, Li L, Chen X, Zeng H, Guo D. 2014. Leading dimensions in absorptive root trait variation across 96 subtropical forest species. New Phytologist 203: 863-872.",C3,,Categorical Plant Traits Database,C3,,,
Pteridium aquilinum,,,,Sheffield-Iran-Spain Database,C3,C3,"Bakker MR, Augusto L, Achat DL. 2006. Fine root distribution of trees and understory in mature stands of maritime pine (Pinus pinaster) on dry and humid sites. Plant Soil 286: 37-51. ",
Pterospermum acerifolium,,,,FRED - Fine Root Ecology Database,C3,C3,"Kong D, Ma C, Zhang Q, Li L, Chen X, Zeng H, Guo D. 2014. Leading dimensions in absorptive root trait variation across 96 subtropical forest species. New Phytologist 203: 863-872.",
Pyrus betulifolia,,,,A Global Dataset of Leaf Delta13C Data,C3,C3,"Chen W, Zeng H, Eissenstat DM, Guo D. 2013. Variation of first-order root traits across climatic gradients and evolutionary trends in geological time. Global Ecology and Biogeography 22: 846-856.",
Quercus alba,,,,Categorical Plant Traits Database,C3,C3,"Aber JD, Melillo JM, Nadelhoffer KJ, McClaugherty CA, Pastor J. 1985. Fine root turnover in forest ecosystems in relation to quantity and form of nitrogen availability : a comparison of two methods. Oecologia 66: 317-321.","Nadelhoffer KJ, Raich JW. 1992. Fine root production estimates and belowground carbon allocation in forest ecosystems. Ecology 73:1139-1147."
Quercus aliena,,,,Categorical Plant Traits Database,C3,C3,"Chen W, Zeng H, Eissenstat DM, Guo D. 2013. Variation of first-order root traits across climatic gradients and evolutionary trends in geological time. Global Ecology and Biogeography 22: 846-856.",
Quercus asymmetrica,,,,Categorical Plant Traits Database,C3,,,
Quercus mongolica,,,,Categorical Plant Traits Database,C3,C3,"Dong L, Mao Z, Sun T. 2016. Condensed tannin effects on decomposition of very fine roots among temperate tree species. Soil Biology & Biochemistry 103: 489-492.",
Quercus multinervis,,,,TRY Categorical Traits Dataset (update 2018),C3,C3,"Wang R, Wang Q, Zhao N, Xu Z, Zhu X, Jiao C, Yu G, He N. 2018. Different phylogenetic and environmental controls of first-order root morphological and nutrient traits: Evidence of multidimensional root traits. Functional Ecology 32: 29-39",
Quercus oxyodon,,,,TRY Categorical Traits Dataset (update 2018),C3,C3,"Wang R, Wang Q, Zhao N, Xu Z, Zhu X, Jiao C, Yu G, He N. 2018. Different phylogenetic and environmental controls of first-order root morphological and nutrient traits: Evidence of multidimensional root traits. Functional Ecology 32: 29-39",
Quercus robur,,,,Sheffield Database,C3,C3,"Andersson F. 1970. Ecological studies in a Scanian woodland and meadow area, southern Sweden.II. Plant biomass, primary production and turnover of organic matter. Bot. Notiser 123, 8-51, Lund.","Santantonio D, Hermann RK, Overton WS. 1977. Root biomass studies in forest ecosystems. Pedobiologia 17: 1-31."
Quercus rubra,,,,Categorical Plant Traits Database,C3,C3,"Aber JD, Melillo JM, Nadelhoffer KJ, McClaugherty CA, Pastor J. 1985. Fine root turnover in forest ecosystems in relation to quantity and form of nitrogen availability : a comparison of two methods. Oecologia 66: 317-321.","Nadelhoffer KJ, Raich JW. 1992. Fine root production estimates and belowground carbon allocation in forest ecosystems. Ecology 73:1139-1147."
Quercus serrata,,,,Categorical Plant Traits Database,C3,C3,"Makita N, Hirano Y, Dannoura M, Kominami Y, Mizoguchi T, Ishii H, Kanazawa Y. 2009. Fine root morphological traits determine variation in root respiration of Quercus serrata. Tree Physiology 29: 597-585.",
Quercus variabilis,,,,Categorical Plant Traits Database,C3,C3,"Chen W, Zeng H, Eissenstat DM, Guo D. 2013. Variation of first-order root traits across climatic gradients and evolutionary trends in geological time. Global Ecology and Biogeography 22: 846-856.",
Quercus wutaishanica,"Wang R, Wang Q, Zhao N, Xu Z, Zhu X, Jiao C, Yu G, He N. 2018. Different phylogenetic and environmental controls of first-order root morphological and nutrient traits: Evidence of multidimensional root traits. Special Focus on Functional Traits Along A Transect 32(1): 29-39.",C3,,Categorical Plant Traits Database,C3,,,
Rhamnus davurica,,,,Categorical Plant Traits Database,C3,C3,"Wang R, Wang Q, Zhao N, Xu Z, Zhu X, Jiao C, Yu G, He N. 2018. Different phylogenetic and environmental controls of first-order root morphological and nutrient traits: Evidence of multidimensional root traits. Functional Ecology 32: 29-39",
Rhaphiolepis indica,,,,Categorical Plant Traits Database,C3,C3,"Kong D, Ma C, Zhang Q, Li L, Chen X, Zeng H, Guo D. 2014. Leading dimensions in absorptive root trait variation across 96 subtropical forest species. New Phytologist 203: 863-872.",
Rosa acicularis,"Akhmetzhanova AA, Soudzilovskaiana NA, Onipchenko VG, Cornwell WK, Agafonov VA, Selivanov IA, Cornelissen JHC. 2012. A rediscovered treasure: mycorrhizal intensity database for 3000 vascular plant species across the former Soviet Union. Ecology 93: 689.",C3,,Categorical Plant Traits Database,C3,C3,"Wang R, Wang Q, Zhao N, Xu Z, Zhu X, Jiao C, Yu G, He N. 2018. Different phylogenetic and environmental controls of first-order root morphological and nutrient traits: Evidence of multidimensional root traits. Functional Ecology 32: 29-39",
Rosa xanthina,,,,Categorical Plant Traits Database,C3,C3,"Wang R, Wang Q, Zhao N, Xu Z, Zhu X, Jiao C, Yu G, He N. 2018. Different phylogenetic and environmental controls of first-order root morphological and nutrient traits: Evidence of multidimensional root traits. Functional Ecology 32: 29-39",
Rubus crataegifolius,,,,Categorical Plant Traits Database,C3,C3,"Wang R, Wang Q, Zhao N, Xu Z, Zhu X, Jiao C, Yu G, He N. 2018. Different phylogenetic and environmental controls of first-order root morphological and nutrient traits: Evidence of multidimensional root traits. Functional Ecology 32: 29-39",
Rubus idaeus,,,,Sheffield Database,C3,C3,"Fahey TJ, Yavitt JB. 2005. An in situ approach for measuring root-associated respiration and nitrate uptake of forest trees. Plant and Soil 272: 125-131.",
Rubus rosifolius,,,,Categorical Plant Traits Database,C3,C3,"Wang R, Wang Q, Zhao N, Xu Z, Zhu X, Jiao C, Yu G, He N. 2018. Different phylogenetic and environmental controls of first-order root morphological and nutrient traits: Evidence of multidimensional root traits. Functional Ecology 32: 29-39",
Salix caprea,,,,Sheffield-Iran-Spain Database,C3,C3,"Chen W, Zeng H, Eissenstat DM, Guo D. 2013. Variation of first-order root traits across climatic gradients and evolutionary trends in geological time. Global Ecology and Biogeography 22: 846-856.",
Salix gordejevii,,,,Categorical Plant Traits Database,C3,C3,"Huang G, Zhao  X-Y, Zhao H-L, Huang Y-X, Zuo X-A. 2010. Linking root morphology, longevity and function to root branch order: a case study in three shrubs. Plant Soil 336: 197-208.",
Salix pierotii,,,,Categorical Plant Traits Database,C3,,,
Salix raddeana,,,,Categorical Plant Traits Database,C3,C3,"Wang R, Wang Q, Zhao N, Xu Z, Zhu X, Jiao C, Yu G, He N. 2018. Different phylogenetic and environmental controls of first-order root morphological and nutrient traits: Evidence of multidimensional root traits. Functional Ecology 32: 29-39",
Salix viminalis,,,,Categorical Plant Traits Database,C3,C3,"Ulle Puttsepp, Lohmus K, Koppel A. 2007. Decomposition of fine roots and alpha-cellulose in a short rotation willow (Salix spp.) plantation on abandoned agricultural land. Silva Fennica 41:247-258.","Zhang X, Wang W. 2015. The decomposition of fine and coarse roots: their global patterns and controlling factors. Scientific Reports 5: 9440."
Sambucus williamsii,,,,Categorical Plant Traits Database,C3,C3,"Chen W, Zeng H, Eissenstat DM, Guo D. 2013. Variation of first-order root traits across climatic gradients and evolutionary trends in geological time. Global Ecology and Biogeography 22: 846-856.",
Sanguisorba officinalis,"Cheng J, Chu P, Chen D, Bai Y. 2016. Functional correlations between specific leaf area and specific root length along a regional environmental gradient in inner Mongolia grasslands. Functional Ecology 30: 985-997.",C3,,Categorical Plant Traits Database,C3,C3,"Chen W, Zeng H, Eissenstat DM, Guo D. 2013. Variation of first-order root traits across climatic gradients and evolutionary trends in geological time. Global Ecology and Biogeography 22: 846-856.",
Sanguisorba officinalis,"Akhmetzhanova AA, Soudzilovskaiana NA, Onipchenko VG, Cornwell WK, Agafonov VA, Selivanov IA, Cornelissen JHC. 2012. A rediscovered treasure: mycorrhizal intensity database for 3000 vascular plant species across the former Soviet Union. Ecology 93: 689.",C3,,Categorical Plant Traits Database,C3,C3,"Chen W, Zeng H, Eissenstat DM, Guo D. 2013. Variation of first-order root traits across climatic gradients and evolutionary trends in geological time. Global Ecology and Biogeography 22: 846-856.",
Sassafras albidum,,,,ArtDeco Database,C3,C3,"Chen W, Koide RT, Adams TS, DeForest JL, Cheng L, Eissenstat DM. 2016. Root morphology and mycorrhizal symbioses together shape nutrient foraging strategies of temperate trees. Proceedings of the National Academy of Sciences 113: 8741-8746.",
Saussurea mongolica,,,,Categorical Plant Traits Database,C3,C3,"Wang R, Wang Q, Zhao N, Xu Z, Zhu X, Jiao C, Yu G, He N. 2018. Different phylogenetic and environmental controls of first-order root morphological and nutrient traits: Evidence of multidimensional root traits. Functional Ecology 32: 29-39",
Schefflera heptaphylla,,,,Categorical Plant Traits Database,C3,,,
Schima superba,,,,Categorical Plant Traits Database,C3,C3,"Lin C, Yang Y, Guo J, Chen G, Xie J. 2011. Fine root decomposition of evergreen broadleaved and coniferous tree species in mid-subtropical China: dynamics of dry mass, nutrient and organic fraction. Plant Soil 338: 311-327.",
Schima wallichii,,,,Categorical Plant Traits Database,C3,C3,"Kong D, Ma C, Zhang Q, Li L, Chen X, Zeng H, Guo D. 2014. Leading dimensions in absorptive root trait variation across 96 subtropical forest species. New Phytologist 203: 863-872.",
Sorbus aucuparia,,,,Sheffield-Iran-Spain Database,C3,C3,"Freschet GT, Cornelissen JHC, van Logtestijn RSP, Aerts R. 2010. Evidence of the 'plant economics spectrum' in a subarctic flora. Journal of Ecology 98: 362-373.",
Sorbus discolor,,,,Categorical Plant Traits Database,C3,C3,"Wang R, Wang Q, Zhao N, Xu Z, Zhu X, Jiao C, Yu G, He N. 2018. Different phylogenetic and environmental controls of first-order root morphological and nutrient traits: Evidence of multidimensional root traits. Functional Ecology 32: 29-39",
Spiraea pubescens,,,,Categorical Plant Traits Database,C3,C3,"Wang R, Wang Q, Zhao N, Xu Z, Zhu X, Jiao C, Yu G, He N. 2018. Different phylogenetic and environmental controls of first-order root morphological and nutrient traits: Evidence of multidimensional root traits. Functional Ecology 32: 29-39",
Sterculia lanceolata,,,,Categorical Plant Traits Database,C3,C3,"Kong D, Ma C, Zhang Q, Li L, Chen X, Zeng H, Guo D. 2014. Leading dimensions in absorptive root trait variation across 96 subtropical forest species. New Phytologist 203: 863-872.",
Styphnolobium japonicum,,,,ArtDeco Database,C3,C3," Valverde-Barrantes OJ, Smemo KA, Blackwood CB. 2014. Fine root morphology is phylogenetically structured, but nitrogen is related to the plant economics spectrum in temperate trees. Functional Ecology 29: 796-807.",
Styrax suberifolius,,,,TRY Categorical Traits Dataset (update 2018),C3,,,
Syringa reticulata,,,,Categorical Plant Traits Database,C3,C3," Valverde-Barrantes OJ, Smemo KA, Blackwood CB. 2014. Fine root morphology is phylogenetically structured, but nitrogen is related to the plant economics spectrum in temperate trees. Functional Ecology 29: 796-807.",
Syzygium acuminatissimum,,,,The China Plant Trait Database,C3,C3,"Wang R, Wang Q, Zhao N, Xu Z, Zhu X, Jiao C, Yu G, He N. 2018. Different phylogenetic and environmental controls of first-order root morphological and nutrient traits: Evidence of multidimensional root traits. Functional Ecology 32: 29-39",
Syzygium hancei,,,,FRED - Fine Root Ecology Database,C3,C3,"Chen W, Zeng H, Eissenstat DM, Guo D. 2013. Variation of first-order root traits across climatic gradients and evolutionary trends in geological time. Global Ecology and Biogeography 22: 846-856.",
Syzygium jambos,,,,Categorical Plant Traits Database,C3,C3,"Wang R, Wang Q, Zhao N, Xu Z, Zhu X, Jiao C, Yu G, He N. 2018. Different phylogenetic and environmental controls of first-order root morphological and nutrient traits: Evidence of multidimensional root traits. Functional Ecology 32: 29-39",
Syzygium levinei,,,,FRED - Fine Root Ecology Database,C3,C3,"Kong D, Ma C, Zhang Q, Li L, Chen X, Zeng H, Guo D. 2014. Leading dimensions in absorptive root trait variation across 96 subtropical forest species. New Phytologist 203: 863-872.",
Thalictrum simplex,,,,Categorical Plant Traits Database,C3,C3,"Wang R, Wang Q, Zhao N, Xu Z, Zhu X, Jiao C, Yu G, He N. 2018. Different phylogenetic and environmental controls of first-order root morphological and nutrient traits: Evidence of multidimensional root traits. Functional Ecology 32: 29-39",
Tilia amurensis,,,,Categorical Plant Traits Database,C3,C3,"Wang R, Wang Q, Zhao N, Xu Z, Zhu X, Jiao C, Yu G, He N. 2018. Different phylogenetic and environmental controls of first-order root morphological and nutrient traits: Evidence of multidimensional root traits. Functional Ecology 32: 29-39",
Tilia cordata,,,,Sheffield Database,C3,C3,"Goebel M, Hobbie SE, Bulaj B, Zadworny M, Archibald DD, Oleksyn J, Reich PB, Eissenstat DM. 2011. Decomposition of the finest root branching orders: linking belowground dynamics to fine-root function and structure. Ecological Monographs 81:89-102.",
Tilia mandshurica,,,,Categorical Plant Traits Database,C3,C3,"Chen W, Zeng H, Eissenstat DM, Guo D. 2013. Variation of first-order root traits across climatic gradients and evolutionary trends in geological time. Global Ecology and Biogeography 22: 846-856.",
Tilia mongolica,,,,Categorical Plant Traits Database,C3,C3,"Chen W, Zeng H, Eissenstat DM, Guo D. 2013. Variation of first-order root traits across climatic gradients and evolutionary trends in geological time. Global Ecology and Biogeography 22: 846-856.",
Tilia oliveri,,,,TRY Categorical Traits Dataset (update 2018),C3,C3,"Wang R, Wang Q, Zhao N, Xu Z, Zhu X, Jiao C, Yu G, He N. 2018. Different phylogenetic and environmental controls of first-order root morphological and nutrient traits: Evidence of multidimensional root traits. Functional Ecology 32: 29-39",
Trachelospermum axillare,,,,The China Plant Trait Database,C3,,,
Ulmus americana,,,,Categorical Plant Traits Database,C3,C3,"Jackson RB, Moore LA, Hoffmann WA, Pockman WT, Linder CR. 1999. Ecosystem rooting depth determined with caves and DNA. Proceedings of the National Academy of Sciences of the United States of America 96(20): 11387-11392.","Fan Y, Miguez-Macho G, Jobbagy EG, Jackson RB, Otero-Casal C. 2017. Hydrologic regulation of plant rooting depth. 2017. PNAS 114: 10572-10577."
Ulmus davidiana,,,,Categorical Plant Traits Database,C3,C3,"Wang R, Wang Q, Zhao N, Xu Z, Zhu X, Jiao C, Yu G, He N. 2018. Different phylogenetic and environmental controls of first-order root morphological and nutrient traits: Evidence of multidimensional root traits. Functional Ecology 32: 29-39",
Ulmus laciniata,,,,Categorical Plant Traits Database,C3,C3,"Guo D, Xia M, Wei X, Chang W, Liu Y, Wang Z. 2008. Anatomical traits associated with absorption and mycorrhizal colonization are linked to root branch order in twenty-three Chinese temperate species. New Phytologist 180: 673-683.",
Ulmus macrocarpa,,,,Categorical Plant Traits Database,C3,C3,"Chen W, Zeng H, Eissenstat DM, Guo D. 2013. Variation of first-order root traits across climatic gradients and evolutionary trends in geological time. Global Ecology and Biogeography 22: 846-856.",
Ulmus pumila,,,,Categorical Plant Traits Database,C3,C3,"Bunger MT, Thomson HJ. 1938. Root development as a factor in the success or failure of windbreak trees in the Southern high plains. Journal of Forestry 36: 790-803.","Fan Y, Miguez-Macho G, Jobbagy EG, Jackson RB, Otero-Casal C. 2017. Hydrologic regulation of plant rooting depth. 2017. PNAS 114: 10572-10577."
Vaccinium corymbosum,,,,Categorical Plant Traits Database,C3,C3,"Valenzuela-Estrada LR, Vera-Caraballo V, Ruth LE, Eissenstat DM. 2008. Root anatomy, morphology, and longevity among root orders in Vaccinium corymbosum (Ericaceae). American Journal of Botany 95:1506-1514.",
Vaccinium mandarinorum,,,,Categorical Plant Traits Database,C3,C3,"Kong D, Ma C, Zhang Q, Li L, Chen X, Zeng H, Guo D. 2014. Leading dimensions in absorptive root trait variation across 96 subtropical forest species. New Phytologist 203: 863-872.",
Veratrum nigrum,,,,Categorical Plant Traits Database,C3,C3,"Wang R, Wang Q, Zhao N, Xu Z, Zhu X, Jiao C, Yu G, He N. 2018. Different phylogenetic and environmental controls of first-order root morphological and nutrient traits: Evidence of multidimensional root traits. Functional Ecology 32: 29-39",
Veronica spuria,,,,BIOPOP: Functional Traits for Nature Conservation,C3,,,
Viola pubescens,,,,Categorical Plant Traits Database,C3,C3,"Pregitzer KS, Kubiske ME, Yu CK, Hendrick RL. 1997. Relationships among root branch order, carbon, and nitrogen in four temperate species. Oecologia 111: 301-308.",
Vitis amurensis,,,,The China Plant Trait Database,C3,,,
Vitis vinifera,,,,Categorical Plant Traits Database,C3,C3,"de la Riva, Navarro-Fernandez, Perez-Ramos, Villar, Maranon. Unpublished.",Rhizopolis
