binominal,pathway,reference
Alnus formosana,,
Cinnamomum micranthum,,
Altingia gracilipes,,
Halesia tetraptera,,
Hamamelis virginiana,,
Cinnamomum austrosinense,,
Machilus oculodracontis,,
Magnolia yuyuanensis,,
Neolitsea phanerophlebia,,
Podocarpus chinensis,,
Manglietia paruicula,,
Magnolia opipara,,
Machilus kwangtungensis,,
Machilus robusta,,
Cinnamomum cassia,,
Litsea baviensis,,
Ocotea lancifolia,,
Syzygium globiflorum,,
Microtropis discolor,,
Lithocarpus chiungchungensis,,
Antidesma maclurei,,
Catunaregam spinosa,,
Wendlandia uvariifolia,,
Saprosma ternatum,,
Olea rosea,,
Schefflera minutistellata,,
Macropanax undulatus,,
Itea chinensis,,
Athyrium multidentatum,,
Athyrium sinense,,
Athyrium spinulosum,,
Ardisia depressa,,
Eurya japonica,,
Diospyros strigosa,,
Aidia oxyodonta,,
Machilus shweliensis,,
Knema erratica,,
Alchornea tiliifolia,,
Sterculia nobilis,,
Memecylon nigrescens,,
Syzygium szemaoense,,
Dysoxylum excelsum,,
Rhodoleia championii,,
Blastus cochinchinesis,,
Sarcandra glabra,,
Prunus alabamensis,,
Deutzia grandiflora,,
Nabalus tatarinowii,,
Doellingeria scabra,,
Diplospora dubia,,
Litsea elongata,,
Chloranthus henryi,,
Dryopteris sparsa,,
Strobilanthes dimorphotricha,,
Strobilanthes villosum,,
Alpinia japonica,,
Blastus pauciflorus,,
Dendropanax dentiger,,
Oreocnide frutescens,,
Philadelphus incanus,,
Saussurea amurensis,,
Sanicula orthacantha,,
Astilbe rivularis,,
Salvia chinensis,,
Cornus ulotricha,,
Schoepfia jasminodora,,
Actaea cimicifuga,,
Anaphalis aureopunctata,,
Litsea ichangensis,,
Osmunda japonica,,
Adina pilulifera,,
