Abelia biflora,AM
Abies nephrolepis,EcM
Acer campbellii,AM
Acer coriaceifolium,AM
Acer davidii,AM
Acer fabri,AM
Acer rubrum,AM
Acer triflorum,AM
Acer truncatum,AM/EcM
Acronychia pedunculata,AM
Actaea cimicifuga,AM/NM
Adenocaulon himalaicum,AM
Adina pilulifera,AM
Aesculus hippocastanum,AM
Aesculus parviflora,AM
Agrimonia pilosa,AM
Aidia oxyodonta,AM
Alangium chinense,AM
Alchornea tiliifolia,AM
Alchornea trewioides,AM
Allophylus cobbe,AM
Alniphyllum fortunei,AM
Alpinia japonica,AM
Alstonia scholaris,AM
Anaphalis aureopunctata,AM/NM
Anaphalis hancockii,AM
Antidesma maclurei,AM
Aphanamixis polystachya,AM
Aporosa octandra,AM
Aporosa yunnanensis,AM
Archidendron clypearia,AM
Archidendron lucidum,AM
Ardisia depressa,AM
Ardisia japonica,AM
Artemisia igniaria,AM
Artemisia mongolica,AM
Artocarpus styracifolius,AM
Asimina triloba,AM
Asparagus schoberioides,AM
Aster tataricus,AM
Astilbe rivularis,AM
Astilbe rubra,AM
Athyrium multidentatum,AM
Athyrium sinense,AM
Athyrium spinulosum,AM
Barringtonia racemosa,AM
Betula albosinensis,EcM
Betula dahurica,EcM
Betula fruticosa,EcM
Betula platyphylla,EcM
Blastus cochinchinesis,AM
Blastus pauciflorus,AM
Blechnum orientale,AM
Calamus rhabdocladus,AM
Canarium album,AM
Carallia brachiata,AM
Carpinus betulus,EcM
Carpinus cordata,EcM
Carya glabra,EcM
Caryota maxima,AM
Castanopsis carlesii,EcM
Castanopsis echinocarpa,EcM
Castanopsis eyrei,EcM
Castanopsis faberi,EcM
Castanopsis fargesii,EcM
Catalpa bignonioides,AM
Catunaregam spinosa,AM
Caulophyllum robustum,AM
Celtis sinensis,AM
Cercidiphyllum japonicum,AM
Chamaecyparis obtusa,AM
Chenopodium serotinum,AM
Chionanthus virginicus,AM
Choerospondias axillaris,AM
Cibotium barometz,NM
Cinnamomum austrosinense,AM
Cinnamomum camphora,AM
Cinnamomum cassia,AM
Cinnamomum micranthum,AM
Cinnamomum porrectum,AM
Cinnamomum tenuifolium,AM
Cornus bretschneideri,AM
Cornus controversa,AM
Cornus florida,AM
Cornus kousa,AM
Cornus ulotricha,AM
Corylus ferox,EcM
Corylus sieboldiana,EcM
Cotoneaster adpressus,AM
Cotoneaster multiflorus,AM
Cratoxylum cochinchinense,AM
Cryptocarya chinensis,AM
Cryptocarya concinna,AM
Cryptomeria japonica,AM
Cunninghamia lanceolata,AM
Cupressus funebris,AM
Dacrycarpus imbricatus,AM
Daphniphyllum pentandrum,AM
Decaspermum gracilentum,AM
Dendropanax dentiger,AM
Deutzia glabrata,AM
Deutzia grandiflora,AM
Dicranopteris linearis,AM
Dioscorea nipponica,AM
Diospyros strigosa,AM
Diospyros virginiana,AM
Diplospora dubia,AM
Doellingeria scabra,AM
Dryopteris lepidopoda,NM
Dryopteris sparsa,AM
Duchesnea indica,AM
Dysoxylum excelsum,AM
Elaeocarpus dubius,AM
Elaeocarpus glabripetalus,AM
Elaeocarpus sylvestris,AM
Embelia vestita,AM
Endospermum chinense,AM
Equisetum pratense,NM
Eriobotrya japonica,AM
Eurya japonica,AM
Fagus engleriana,EcM
Ficus variolosa,AM
Filipendula palmata,AM/NM
Fraxinus americana,AM
Garcinia oblongifolia,AM
Ginkgo biloba,AM
Goniothalamus griffithii,AM
Gordonia axillaris,AM
Halesia tetraptera,AM
Hamamelis virginiana,AM
Helicia formosana,AM
Hosta ventricosa,AM
Ilex opaca,AM
Iris japonica,AM
Itea chinensis,AM
Juniperus sabina,AM
Knema erratica,AM
Koelreuteria paniculata,AM
Lespedeza bicolor,AM
Lindera communis,AM
Lindera obtusiloba,AM
Liquidambar formosana,AM
Liquidambar styraciflua,AM
Liriodendron chinense,AM
Liriodendron tulipifera,AM
Lithocarpus cleistocarpus,EcM
Lithocarpus fenestratus,EcM
Litsea baviensis,AM
Litsea cubeba,AM
Litsea elongata,AM
Litsea ichangensis,AM
Litsea verticillata,AM
Lonicera chrysantha,AM
Macaranga sampsonii,AM
Machilus breviflora,AM
Machilus kwangtungensis,AM
Machilus nanmu,AM
Machilus oculodracontis,AM
Machilus robusta,AM
Machilus shweliensis,AM
Machilus velutina,AM
Macropanax undulatus,AM
Magnolia acuminata,AM
Magnolia baillonii,AM
Magnolia balansae,AM
Magnolia cavaleriei,AM
Magnolia champaca,AM
Magnolia championii,AM
Magnolia chapensis,AM
Magnolia dandyi,AM
Magnolia denudata,AM
Magnolia ernestii,AM
Magnolia fulva,AM
Magnolia grandiflora,AM
Magnolia kobus,AM
Magnolia lotungensis,AM
Magnolia macclurei,AM
Magnolia macrophylla,AM
Magnolia maudiae,AM
Magnolia odora,AM
Magnolia opipara,AM
Magnolia stellata,AM
Magnolia tripetala,AM
Magnolia virginiana,AM
Magnolia yunnanensis,AM
Magnolia yuyuanensis,AM
Mallotus paniculatus,AM
Malus domestica,AM
Manglietia paruicula,AM
Melicope pteleifolia,AM
Memecylon nigrescens,AM
Microcos paniculata,AM
Microtropis discolor,AM
Millettia leptobotrya,AM
Myrsine seguinii,AM
Nabalus tatarinowii,AM
Neolitsea phanerophlebia,AM
Nephelium lappaceum,AM
Nyssa sylvatica,AM
Ocotea lancifolia,AM
Olea rosea,AM
Onoclea sensibilis,AM
Oreocnide frutescens,AM
Orophea creaghii,AM
Osmanthus didymopetalus,AM
Osmunda japonica,AM
Parthenocissus quinquefolia,AM
Pentaphylax euryoides,AM
Pertusadina metcalfii,AM
Phlomoides umbrosa,AM
Picea glauca,EcM
Picea koraiensis,EcM
Picea meyeri,EcM
Picea wilsonii,EcM
Pinus armandii,EcM
Pinus edulis,EcM
Pinus elliottii,EcM
Pinus koraiensis,EcM
Pinus massoniana,EcM
Pinus pumila,EcM
Pinus resinosa,EcM
Pinus strobus,EcM
Pinus tabuliformis,EcM
Pistacia chinensis,AM
Platanus occidentalis,AM
Podocarpus chinensis,AM
Podocarpus neriifolius,AM
Populus balsamifera,EcM
Prunus alabamensis,AM
Prunus armeniaca,AM
Prunus persica,AM
Prunus sargentii,AM
Prunus sibirica,AM
Psychotria asiatica,AM
Pterospermum acerifolium,AM
Pyrus betulifolia,AM
Quercus aliena,EcM
Quercus asymmetrica,EcM
Quercus mongolica,EcM
Quercus multinervis,EcM
Quercus oxyodon,EcM
Quercus robur,EcM
Quercus serrata,EcM
Quercus variabilis,EcM
Quercus wutaishanica,EcM
Rhaphiolepis indica,AM
Rhododendron hypoglaucum,ErM
Rhodoleia championii,AM
Rosa xanthina,AM
Rubus irritans,AM
Rubus rosifolius,AM
Salix gordejevii,EcM
Salvia chinensis,AM
Sambucus williamsii,AM
Sanicula orthacantha,AM
Saprosma ternatum,AM
Sassafras albidum,AM
Saussurea amurensis,AM
Saussurea mongolica,AM
Saussurea nivea,AM
Schefflera heptaphylla,AM
Schefflera minutistellata,AM
Schima superba,AM
Schima wallichii,AM
Schoepfia jasminodora,NM
Smilax trinervula,AM
Solidago decurrens,AM
Spiraea dahurica,AM
Spiraea pubescens,AM
Sterculia lanceolata,AM
Sterculia nobilis,AM
Strobilanthes dimorphotricha,AM
Strobilanthes villosum,AM
Styphnolobium japonicum,AM
Styrax suberifolius,AM
Syzygium acuminatissimum,AM
Syzygium globiflorum,AM
Syzygium hancei,AM
Syzygium jambos,EcM
Syzygium levinei,AM
Syzygium szemaoense,AM
Thalictrum simplex,AM
Tilia amurensis,EcM
Tilia mongolica,EcM
Tilia oliveri,EcM
Trachelospermum axillare,AM
Ulmus americana,AM
Ulmus macrocarpa,AM
Vaccinium corymbosum,ErM
Veratrum nigrum,AM
Veronica spuria,AM
Vitis amurensis,AM
Vitis vinifera,AM
Wendlandia uvariifolia,AM
