source, https://besjournals.onlinelibrary.wiley.com/doi/10.1111/1365-2745.13412
phylo.name,photosynthetic.pathway,avg.RGR,leaf.N,leaf.C,SLA,LDMC,leaf.PC1,leaf.PC2,root.N,root.C,SRL,SRA,root.avg.diam.mm,root.PC1,root.PC2
Acroceras_zizanioides,C3,0.124373888,1.221655567,3.62371472,5.696911796,2.884383456,-0.646021686,0.459942021,NA,NA,NA,NA,NA,NA,NA
Aegilops_speltoides,C3,0.052257612,1.24814064,3.739729045,5.511138227,2.855100338,-0.181785688,-0.396674879,-0.066576564,3.697530684,9.273404198,7.04493961,-1.060809505,0.368074825,0.529909892
Alloteropsis_cimicina,C4,0.15229335,1.100168011,3.706820198,5.633431983,2.751559214,-0.460499031,-0.017766542,NA,NA,NA,NA,NA,NA,NA
Aristida_diffusa,C4,0.071691695,1.024674912,3.739763193,5.435072901,3.207254025,0.250964427,-0.146312964,-0.178411476,3.684523946,8.643473944,6.712697413,-0.770352251,1.08099689,0.449674396
Aristida_funiculata,C4,0.131316001,0.787930189,3.758917321,5.357480648,3.579360021,0.760355289,-0.02644422,NA,NA,NA,NA,NA,NA,NA
Avena_fatua,C3,0.124019205,1.030298003,3.745317964,5.729154459,2.865589359,-0.31790509,-0.262006192,NA,NA,NA,NA,NA,NA,NA
Avena_sativa,C3,0.006504137,0.693830165,3.726871153,5.292460081,3.026074541,0.217862417,0.349349282,-0.248047898,3.723648913,9.233161307,7.010748256,-1.051037148,0.400362851,0.198644211
Boissiera_squarrosa,C3,0.067526688,1.323592772,3.74199868,5.452797933,2.888894946,-0.10255221,-0.480650275,0.408722357,3.740855713,9.603557892,7.257075126,-1.16435153,-0.090544033,0.797651257
Bothriochloa_barbinodis,C4,0.049785628,0.780342685,3.759248303,5.675184182,3.18939337,0.111913816,-0.093275144,0.086089082,3.762838361,9.517633446,7.090626114,-1.25062775,-0.024547485,0.316368196
Bothriochloa_insculpta,C4,0.05395888,0.974852146,3.757468353,5.839517361,2.970597873,-0.274046289,-0.326046621,0.227428811,3.766317038,9.494171432,7.014039277,-1.295448678,-0.035120974,0.421488811
Bouteloua_gracilis,C4,0.173735064,1.081264012,3.743250743,5.460912154,3.482661543,0.489844558,-0.247867194,NA,NA,NA,NA,NA,NA,NA
Bouteloua_repens,C4,0.109499211,0.71320128,3.755154545,5.646132652,3.5702936,0.495559188,0.0070787,0.090258024,3.803322364,9.553911022,7.01153947,-1.331238155,-0.119592857,0.077935677
Brachiaria_lata,C4,0.05152796,0.14469312,3.726992522,5.453499689,2.977673003,0.1093123,0.898235246,-0.295484541,3.761876308,8.952856407,6.791342051,-1.001000805,0.629771662,-0.097467092
Briza_maxima,C3,0.068115647,1.075541041,3.772433763,5.724302637,2.896826273,-0.213367434,-0.51536526,NA,NA,NA,NA,NA,NA,NA
Buchloe_dactyloides,C4,0.067680968,0.895028077,3.74353343,5.575577666,3.487343331,0.420309912,-0.079841346,0.047010672,3.798621524,9.757345436,7.273978903,-1.323131786,-0.325237799,0.107057225
Cenchrus_brownii,C4,0.08074902,0.508573766,3.712519843,5.794176325,2.815044502,-0.441035867,0.531602161,-0.162304339,3.799712024,8.692073342,6.604076605,-0.930516439,0.827298431,-0.203068408
Cenchrus_echinatus,C4,0.157017089,0.803205751,3.735731214,5.66852625,2.696311233,-0.418246058,0.075272549,NA,NA,NA,NA,NA,NA,NA
Cenchrus_pilosus,C4,0.197260088,0.418091125,3.715846411,5.504528501,2.835408363,-0.141905833,0.679026817,NA,NA,NA,NA,NA,NA,NA
Cenchrus_setigerus,C4,0.175511598,0.203487471,3.735346997,5.565012378,2.881369352,-0.065417549,0.74524778,NA,NA,NA,NA,NA,NA,NA
Chionachne_gigantea,C4,0.077934938,0.682217299,3.710448889,5.735141239,3.157689331,-0.096136286,0.366570724,-0.55265353,3.825172159,9.357438366,7.017848582,-1.168927463,0.150693598,-0.674664982
Chloris_elata,C4,0.123292557,0.907446016,3.732810943,5.447419309,3.294570843,0.319692979,0.026740048,NA,NA,NA,NA,NA,NA,NA
Chloris_gayana,C4,0.181897315,0.810600544,3.753890499,5.676723611,2.95072178,-0.134547127,-0.079157349,NA,NA,NA,NA,NA,NA,NA
Coelachyrum_piercei,C4,0.042282182,0.107334972,3.719557544,5.445679961,3.107396835,0.223014188,0.993150711,-0.547781709,3.735619343,8.577247298,6.50204285,-0.902511108,1.09126656,-0.249924532
Coix_lacryma-jobi,C4,0.096654929,0.69832496,3.727668546,5.865062506,2.751514838,-0.548400622,0.196105548,-0.201853176,3.782010543,8.687459513,6.528497932,-0.971803442,0.864548444,-0.160140059
Cynodon_barberi,C4,0.058243623,1.040371121,3.742075478,5.833729496,3.069213223,-0.229176493,-0.281266855,-0.228255591,3.851297234,9.311311263,6.949903987,-1.199504173,0.101351741,-0.510013517
Cynodon_transvaalensis,C4,0.183351178,1.235075559,3.757621656,5.863844868,3.099723859,-0.211098215,-0.617000325,NA,NA,NA,NA,NA,NA,NA
Dactyloctenium_aegyptium,C4,0.193370837,0.922273325,3.719167951,5.867204914,2.770981256,-0.588715949,0.018440049,-0.098675272,3.838641032,9.414390929,7.029363399,-1.223325533,-0.003943446,-0.29759847
Dactyloctenium_giganteum,C4,-0.011954098,0.457498076,3.70198709,5.539781779,2.842054721,-0.212181058,0.732066863,-0.564297473,3.844237907,9.063931116,6.77213845,-1.117919001,0.421586236,-0.833089504
Dactyloctenium_radulans,C4,0.081352148,0.182212862,3.722604156,5.476496657,3.007305791,0.098908076,0.884243049,-0.681779259,3.84354777,9.235471094,6.913430222,-1.154505289,0.261441545,-0.923696639
Danthoniopsis_dinteri,C4,0.042328014,0.251924594,3.722181653,5.238403425,3.192868353,0.474293329,0.869705309,-0.560198761,3.81559095,8.846279734,6.680657528,-0.99384695,0.702140674,-0.678469707
Dasypyrum_villosum,C3,0.056355481,1.240716571,3.773286264,5.469139844,2.764831276,-0.132992915,-0.629058976,-0.267401825,3.781178321,9.289952355,6.988925379,-1.138263094,0.240495279,-0.149663397
Dichanthelium_scoparium,C3,0.073342492,0.881152915,3.740385413,5.580866378,3.023760799,-0.029186665,-0.029791898,NA,NA,NA,NA,NA,NA,NA
Digitaria_ciliaris,C4,0.087615244,0.885375456,3.719801909,5.852811015,2.799449682,-0.541871447,0.05631921,-0.374218112,3.876881277,9.272382156,6.880524809,-1.231892892,0.112515402,-0.812641523
Digitaria_sanguinalis,C4,0.180741719,0.693775723,3.730171378,5.988987246,2.667189831,-0.730312825,0.151934699,NA,NA,NA,NA,NA,NA,NA
Digitaria_seriata,C4,0.137944567,1.010007983,3.702640249,5.77296724,2.716686276,-0.616173339,0.075252418,NA,NA,NA,NA,NA,NA,NA
Digitaria_setigera,C4,0.016296513,0.684259342,3.72235953,5.813898971,2.875459477,-0.398986375,0.261391871,-0.109701785,3.808805451,9.597442193,7.138618897,-1.280873733,-0.14405735,-0.126888087
Diheteropogon_hagerupii,C4,0.119501336,1.083021926,3.738034128,5.698743573,3.034401249,-0.159888403,-0.260280302,NA,NA,NA,NA,NA,NA,NA
Echinochloa_crus-galli,C4,0.063111744,0.964940439,3.74078393,5.656422022,3.137298741,-0.000106278,-0.145814892,-0.188645459,3.786274186,9.554677533,7.185175343,-1.179336633,-0.025184646,-0.064648524
Echinochloa_crus-pavonis,C4,0.166949697,0.929450253,3.745087329,5.827415582,2.895584609,-0.362841396,-0.178337434,NA,NA,NA,NA,NA,NA,NA
Echinochloa_esculenta,C4,0.169070794,1.001143527,3.724558393,6.018062701,2.523605288,-0.952444298,-0.139881596,NA,NA,NA,NA,NA,NA,NA
Echinochloa_frumentacea,C4,0.127536678,0.57232709,3.721050612,5.662465802,2.888247186,-0.239866262,0.430976404,-0.278533647,3.78968223,8.960564943,6.786431804,-0.993174587,0.596116682,-0.233637911
Echinochloa_haploclada,C4,0.077863265,0.529736196,3.68350853,5.496466925,3.06679547,-0.02463265,0.799330009,-0.538414537,3.798926959,9.606239746,7.185180334,-1.258340997,-0.082700561,-0.491378865
Echinochloa_muricata,C4,0.168937324,1.064092551,3.736319258,5.873961972,3.040268994,-0.312106554,-0.27297867,NA,NA,NA,NA,NA,NA,NA
Echinochloa_oryzicola,C4,0.08629797,0.812596982,3.719325828,5.513600452,3.021851832,-0.021316475,0.220906865,-0.365841363,3.820201878,9.445300623,7.10878089,-1.16375099,0.051726617,-0.443214877
Echinochloa_picta,C4,0.163753801,0.770003492,3.732441899,5.3583076,2.954402818,0.096492044,0.210006112,NA,NA,NA,NA,NA,NA,NA
Echinochloa_stagnina,C4,0.165418893,0.709309039,3.728475233,5.401611056,3.131487165,0.222799802,0.289105716,-0.200624006,3.770818029,9.93810935,7.4196363,-1.354505039,-0.432910773,0.037975405
Ehrharta_calycina,C3,0.062719328,1.276867435,3.64686201,5.314988084,3.113726661,-0.032237238,0.319164673,0.388014574,3.772758877,9.817670345,7.34356319,-1.303885225,-0.382185401,0.605686007
Eleusine_coracana,C4,0.052473773,0.371345433,3.733834201,5.545447585,2.943270087,-0.018297557,0.579574109,-0.304824644,3.765453295,9.052431334,6.717067717,-1.162070347,0.490197121,-0.151321054
Eleusine_indica,C4,0.077082958,1.038026723,3.743905218,5.749519058,2.988496724,-0.225060774,-0.268330184,-0.232345842,3.770520703,9.615757788,7.142424268,-1.213753816,-0.028544536,-0.028147895
Eleusine_kigeziensis,C4,0.175814765,1.179633373,3.727721386,5.970914532,2.749353715,-0.714291252,-0.349626576,0.094458048,3.630480216,9.705510925,7.151397131,-1.384096778,-0.068649244,1.057953276
Elymus_glaucissimus,C3,0.021561749,1.175307652,3.787772146,5.099390319,3.347241868,0.796288392,-0.587440485,0.659527547,3.76741804,9.862660968,7.533495745,-1.136158405,-0.391135714,0.954898169
Enneapogon_scoparius,C4,0.147208853,0.998888009,3.758010093,5.639404966,3.181917296,0.101322817,-0.309398778,-0.093987528,3.82169696,8.955218916,6.75120915,-1.017942854,0.52835841,-0.234244111
Enteropogon_prieurii,C4,-0.142198274,0.839685615,3.759941864,5.540656538,3.10058919,0.140872218,-0.12469945,-0.895135352,3.868642808,9.215832973,6.841918165,-1.203486852,0.261699624,-1.292351945
Eragrostis_airoides,C4,0.133814106,0.780643925,3.784992998,5.478636873,3.375985043,0.536064204,-0.241997224,-0.198835053,3.853406267,10.01915454,7.371940719,-1.46772136,-0.647167706,-0.433249262
Eragrostis_capensis,C4,0.10092672,0.976966088,3.804526289,5.295367619,3.352063271,0.70338578,-0.552278806,-0.393358591,3.835325083,9.831603137,7.296643355,-1.385095081,-0.410070389,-0.537017379
Eragrostis_cilianensis,C4,0.223440984,1.0253878,3.7522112,6.048411892,2.971656056,-0.48091648,-0.395348845,-0.14878059,3.801239781,9.80534089,7.292892861,-1.320132159,-0.329478309,-0.097874953
Eragrostis_intermedia,C4,0.160973614,1.27888323,3.747568534,5.719184596,3.040351626,-0.173721425,-0.548578038,NA,NA,NA,NA,NA,NA,NA
Eragrostis_mexicana,C4,0.071191068,0.525795962,3.766529923,5.605534264,3.257791411,0.296147076,0.141787426,-0.203000064,3.824570823,9.43965523,6.812715701,-1.425555075,-0.034341975,-0.376657279
Eragrostis_pectinacea,C4,0.089710533,1.108530043,3.779008403,5.687928893,3.030557285,-0.040808931,-0.594720598,-0.196453807,3.810782278,9.773803114,7.304541432,-1.290984181,-0.304891037,-0.194742919
Eragrostis_pilosa,C4,0.165739259,0.496753892,3.78213154,5.559816245,3.218923208,0.348744031,0.06804207,-0.330602614,3.83736672,9.844072331,7.262713721,-1.402322122,-0.422453614,-0.491627802
Eragrostis_superba,C4,0.044230882,0.726035993,3.771573007,5.749687156,3.167405925,0.0680091,-0.146993367,-0.363753087,3.808908137,8.608675245,6.449819197,-0.975510092,0.921472896,-0.48568498
Eragrostis_unioloides,C4,0.177845552,0.595948974,3.793219249,5.305982643,3.465765616,0.824514125,-0.062831479,-0.2545445,3.740916915,9.721495915,7.147372584,-1.38859701,-0.17875663,0.097952518
Eremopyrum_triticeum,C3,0.02995471,1.257444632,3.784674135,5.769196965,3.141555248,-0.013654694,-0.8220609,0.253165722,3.76437051,9.555726035,7.16501416,-1.229119687,-0.08675102,0.489435436
Eriachne_aristidea,C4,0.050198327,0.987118445,3.767617646,5.603404739,3.095240442,0.080534589,-0.357615609,NA,NA,NA,NA,NA,NA,NA
Eriochloa_meyeriana,C4,0.168939221,0.862412503,3.728578779,5.960341562,2.951912551,-0.465018407,-0.017698966,0.261629732,3.806491852,9.561406664,7.109676823,-1.291802698,-0.169983919,0.250116484
Fingerhuthia_africana,C4,0.089631212,0.997620262,3.763973145,5.212518909,3.283500681,0.593597365,-0.244172098,-0.316517534,3.824980098,8.938479413,6.753316571,-1.018669586,0.558932691,-0.475492594
Heteropogon_contortus,C4,0.063803311,0.731809882,3.747989055,5.559850576,3.213836585,0.212393561,0.073616359,-0.121672056,3.7887636,9.655785834,7.076549273,-1.419925437,-0.222764604,-0.05044421
Hordeum_comosum,C3,0.122747462,1.220899717,3.744423839,5.294290703,3.110563474,0.269435653,-0.353118222,0.540490842,3.744253477,9.585031343,7.178935724,-1.249231711,-0.134731892,0.888800686
Hordeum_spontaneum,C3,0.004729252,1.152169169,3.730036895,5.487751501,3.000469947,-0.03739282,-0.217996106,0.1956666,3.773320654,8.984126094,6.806124052,-1.00624963,0.522995883,0.333124899
Hordeum_vulgare,C3,0.148010552,1.267684141,3.702129492,5.623572407,2.95193676,-0.300221237,-0.165367553,0.695037066,3.754233481,9.192080119,6.903723825,-1.135380013,0.235304573,0.945553827
Hymenachne_amplexicaulis,C3,0.067409232,0.994654275,3.648877273,5.767197797,2.842311368,-0.643439957,0.496514044,NA,NA,NA,NA,NA,NA,NA
Ischaemum_rugosum,C4,0.043018662,0.673596085,3.765972738,5.707526455,3.079246194,0.013849568,-0.034776814,-0.410636303,3.836883365,9.616112185,7.18584424,-1.268507452,-0.164118648,-0.574234395
Koeleria_cristata,C3,-0.012366114,1.173587226,3.771225243,5.42304994,3.375326246,0.488425319,-0.545922637,NA,NA,NA,NA,NA,NA,NA
Leptochloa_dubia,C4,0.068899148,0.815495641,3.735163153,5.619339994,3.329414734,0.21998363,0.061886026,-0.010366386,3.835284182,9.744838473,7.356775012,-1.22732673,-0.325938358,-0.130861711
Leptochloa_panicoides,C4,0.03008598,0.726121682,3.709186495,5.647945447,3.238249904,0.047412831,0.349517384,0.086049514,3.814208389,9.619045012,7.228145579,-1.214612539,-0.179089011,0.060118839
Leptochloa_virgata,C4,0.106343215,0.977511009,3.736570586,5.746145259,3.119102226,-0.110821561,-0.150454175,-0.166757874,3.740056199,9.722491284,7.19476891,-1.339601633,-0.174163186,0.202877578
Leymus_karelinii,C3,-0.02293635,1.466424803,3.750348271,5.26947836,2.962821479,0.133123511,-0.651469726,0.389749125,3.652256548,8.856388173,6.700832362,-0.954641823,0.812658268,1.182547806
Lintonia_nutans,C4,0.136429361,0.850817262,3.728624422,5.889278604,2.948024223,-0.403758735,0.013136893,-0.246610361,3.79503994,9.074677827,6.789806054,-1.118620781,0.430638227,-0.240574062
Loudetiopsis_kerstingii,C4,0.139883665,1.030381985,3.760449381,5.500517403,3.141894412,0.189252617,-0.324269513,0.659612302,3.838569354,9.904327851,7.096786364,-1.643641234,-0.695804292,0.44282576
Melinis_repens,C4,0.029617162,1.027302067,3.729639908,5.609840445,2.953622033,-0.173050393,-0.111367458,0.021223053,3.731051588,9.190226172,6.850980991,-1.177655496,0.351135277,0.387818128
Muhlenbergia_rigens,C4,0.174663839,1.180289523,3.755635676,5.431795254,2.98601973,0.067548747,-0.426833667,NA,NA,NA,NA,NA,NA,NA
Oryza_barthii,C3,0.038565346,0.795239771,3.709685325,4.891633565,3.473323315,0.93253875,0.462953912,0.065250209,3.82075766,9.900927622,7.425723462,-1.311372435,-0.488028191,0.031805201
Oryza_eichingeri,C3,0.120799029,0.745123946,3.589993094,5.456387864,3.635216246,0.249901041,1.269964914,NA,NA,NA,NA,NA,NA,NA
Oryza_glaberrima,C3,0.019591893,0.989746575,3.67642288,5.126289549,3.536109882,0.660314089,0.442205694,0.05477287,3.810829005,9.832085792,7.358915707,-1.258869073,-0.364746185,0.070257209
Oryza_grandiglumis,C3,0.014913809,0.878981089,3.686117594,5.805534618,3.293962722,-0.127927767,0.316825642,-0.121612482,3.817178713,10.10067524,7.46995165,-1.466312069,-0.693624908,-0.13829479
Oxychloris_scariosa,C4,0.102460597,0.900377772,3.753442592,5.680590932,3.019656567,-0.087205952,-0.175231584,-0.00916013,3.79076064,9.051934557,6.853028622,-0.997297446,0.481792325,0.042655428
Panicum_antidotale,C4,0.049894857,0.511939339,3.686610236,5.814706932,2.887191369,-0.465484828,0.716619066,-0.000195016,3.784473507,9.002890556,6.798239583,-1.047253996,0.496397099,0.070503858
Panicum_bisulcatum,C3,0.065648242,0.840464325,3.769143155,5.746086131,3.077223853,-0.037533259,-0.248276248,-0.091700462,3.792721894,9.903761658,7.422528043,-1.283467051,-0.404826631,0.033076742
Panicum_dichotomiflorum,C4,0.03205778,0.679739472,3.750931392,5.77250727,3.018164327,-0.145329455,0.057054652,-0.204368336,3.829229226,9.651270075,7.252099343,-1.226971666,-0.196670725,-0.309978159
Panicum_hirticaule,C4,0.157753028,0.466853126,3.756388271,5.592936268,3.024337084,0.066502243,0.291591294,-0.331265732,3.852726823,10.9427734,8.426150143,-1.328119797,-1.455846124,-0.35737231
Panicum_laetum,C4,0.144219333,0.947684779,3.72876638,5.882925805,2.88364682,-0.472599734,-0.088698409,NA,NA,NA,NA,NA,NA,NA
Panicum_miliaceum,C4,0.073982732,0.548360628,3.766027411,5.61676354,2.88468815,-0.070926834,0.128598506,-0.287323486,3.804289881,9.180800394,6.893191002,-1.124045488,0.320059111,-0.313942862
Panicum_phragmitoides,C4,0.141065977,0.919470134,3.731626718,5.461015555,3.007844654,0.031686963,0.02705936,0.383230661,3.661983484,9.204337613,6.8599069,-1.111150565,0.441244867,1.141721978
Panicum_stapfianum,C4,0.089517174,0.883792374,3.749363281,5.674811382,3.084173909,-0.030355807,-0.126789935,NA,NA,NA,NA,NA,NA,NA
Panicum_sumatrense,C4,0.051910699,0.552459518,3.74417635,5.345187795,3.122714122,0.332196715,0.354051824,0.138575933,3.895360654,9.205021464,6.964648561,-1.074993842,0.132537463,-0.375075927
Paspalum_distichum,C4,0.147025436,1.253768079,3.763625338,5.92856809,2.85583841,-0.484529223,-0.692782326,0.131699936,3.825157721,10.06889853,7.514481976,-1.386294361,-0.68227937,0.084994421
Paspalum_floridanum,C4,0.131197144,0.898525346,3.723481169,5.841133427,2.64649753,-0.66738213,0.021591048,0.230242101,3.823572105,9.611511801,7.341997472,-1.112229585,-0.183433766,0.179920743
Pennisetum_setaceum,C4,0.160561049,0.703830267,3.698290852,5.365959557,2.646197296,-0.28913599,0.54594694,-0.041023591,3.760031515,9.612069731,7.178768718,-1.267711645,-0.104056126,0.219260688
Pennisetum_sieberianum,C4,0.011066855,0.438093532,3.718882977,5.571161723,2.839553702,-0.191423779,0.61698635,-0.053586635,3.734419063,9.018376664,6.913534675,-0.944261629,0.589361663,0.322818134
Pennisetum_violaceum,C4,0.172634417,0.577363131,3.701241243,5.776654396,2.791935041,-0.489456416,0.548148746,0.077614256,3.698819176,8.986865968,6.761976493,-1.063414078,0.614054509,0.61438371
Pogonarthria_squarrosa,C4,0.083966818,0.760923333,3.783898417,5.041205436,3.510974864,1.051818911,-0.101691702,-0.373249935,3.654370055,9.440546704,7.034004612,-1.213854804,0.276804798,0.450151662
Sacciolepis_striata,C3,0.187233419,0.910207326,3.728179333,5.745132116,2.806027645,-0.419749105,-0.005750018,0.037265338,3.8514179,10.01608473,7.445026516,-1.408028853,-0.664325405,-0.169257043
Secale_cereale,C3,0.153498715,0.939085151,3.750650745,5.563642454,2.940166789,-0.071999624,-0.162953351,-0.083082122,3.810773899,9.490640494,7.120278619,-1.211283257,-0.038405733,-0.110412775
Setaria_faberi,C4,0.152005954,0.681648829,3.732342284,5.514199369,3.092303799,0.100841178,0.261204265,-0.004521773,3.842888674,9.339675001,6.873829748,-1.306282423,0.022142648,-0.261709648
Setaria_italica,C4,0.11522199,0.811298598,3.729700976,5.727104702,2.873106752,-0.32166308,0.092005147,-0.040114524,3.824932821,9.677212357,7.197550333,-1.307205955,-0.261686694,-0.137863363
Setaria_leucopila,C4,0.146943716,0.719551734,3.687929597,5.727609713,2.727550429,-0.565331558,0.51051047,0.202933686,3.810311047,10.02464613,7.337561025,-1.510271541,-0.662676768,0.197197808
Setaria_verticillata,C4,0.149222669,1.121812369,3.701947697,6.205777495,2.625018269,-1.105391855,-0.150554236,0.059859384,3.815766069,9.735883013,7.277293884,-1.286901617,-0.312628017,0.028884701
Setaria_viridis,C4,0.077130742,0.722010798,3.699996402,5.733359777,3.035417139,-0.245622394,0.40665099,-0.405057622,3.893808366,10.14544298,7.442688008,-1.544118446,-0.827893617,-0.85642727
Sorghum_amplum,C4,0.027111178,0.318401494,3.742006774,5.250212548,3.408692012,0.714498238,0.639238976,-0.635313394,3.806333015,9.547619408,7.142567208,-1.247837618,-0.023943839,-0.636555871
Sorghum_angustum,C4,0.041802642,0.487845416,3.732795542,5.432418241,3.429077721,0.521023822,0.478409553,-0.334829125,3.81946036,9.867962258,7.382500701,-1.326611359,-0.408419344,-0.370276593
Sorghum_arundinaceum,C4,0.140598055,0.871914228,3.78182423,5.832932596,2.940317462,-0.212392797,-0.397011091,-0.078883534,3.788721095,8.973205069,6.774615493,-1.00659314,0.560463519,-0.031338971
Sorghum_bicolor,C4,0.145263568,0.667166741,3.78375217,5.657584688,2.992318655,0.027727776,-0.146895287,-0.25199094,3.790016589,9.244598196,6.991330607,-1.092467596,0.282197308,-0.179467941
Sorghum_ecarinatum,C4,0.027004345,0.365807394,3.757491972,5.224513313,3.38871267,0.755707209,0.478391073,-0.48524631,3.788050556,9.068832376,6.772196722,-1.134291281,0.470935009,-0.445048107
Sorghum_propinquum,C4,0.159218522,0.75841685,3.784592762,5.850053452,3.004502132,-0.142582059,-0.302118578,-0.597310172,3.836428556,9.681116406,7.249036796,-1.242800261,-0.177162179,-0.743485779
Sorghum_timorense,C4,0.044625769,1.010494015,3.75363267,5.833529219,3.03533442,-0.223703495,-0.335573364,0.067699967,3.777487647,9.484152503,7.18160115,-1.11055836,0.040657538,0.244641765
Spartina_pectinata,C4,0.106799184,0.971961748,3.757197106,5.174019004,3.15697013,0.492699929,-0.151774317,0.168829982,3.763208355,9.553179577,7.230065821,-1.150274072,-0.04146497,0.429802107
Spodiopogon_sibiricus,C4,0.062400876,1.018652557,3.751686325,6.05381225,2.984947329,-0.473676651,-0.385912097,0.259766863,3.788771928,9.897102467,7.245827852,-1.456287733,-0.494312503,0.361084951
Sporobolus_fimbriatus,C4,0.173787523,1.016517028,3.749094181,5.879624518,3.010139842,-0.302254173,-0.319098035,0.00265429,3.838925746,9.625567174,7.054822415,-1.411201997,-0.275882703,-0.206946256
Sporobolus_helvolus,C4,0.185000083,0.991729058,3.756257491,5.644061139,3.143383588,0.056837677,-0.288605098,NA,NA,NA,NA,NA,NA,NA
Sporobolus_indicus,C4,0.054873421,0.993829627,3.761769763,5.577356485,3.051589145,0.044794673,-0.312584302,0.159342648,3.815725747,9.926192308,7.309690286,-1.443923474,-0.553142187,0.123156731
Sporobolus_pyramidalis,C4,0.209339394,1.07040216,3.768363747,5.650322207,3.055390378,-0.008756435,-0.464027573,-0.070131219,3.84163976,10.01433885,7.237046672,-1.616416285,-0.69911824,-0.276040497
Stipa_capensis,C3,0.076086424,0.755686293,3.753621564,5.041325153,3.348926401,0.813106898,0.137370954,-0.303466952,3.786031519,9.507781139,7.059024236,-1.276991626,-0.004469544,-0.209298231
Stipa_viridula,C3,0.047549701,1.182408684,3.786437755,5.18655514,3.482425393,0.841711975,-0.611505497,0.157233342,3.736857939,9.093664937,6.850579613,-1.059295426,0.464204011,0.501290121
Stipagrostis_ciliata,C4,0.190781734,0.937040816,3.772679028,5.238037748,3.193515803,0.519572164,-0.249084035,NA,NA,NA,NA,NA,NA,NA
Stipagrostis_uniplumis,C4,0.164362478,0.564822165,3.766020083,5.154321657,3.561542282,0.976657252,0.213468699,-0.454390759,3.781308838,9.524044612,6.965293307,-1.351603121,0.003540472,-0.354971829
Tetrachne_dregei,C4,0.048899116,1.052553998,3.776261738,5.570892635,3.316454708,0.33347091,-0.490930547,-0.092963494,3.815258795,9.370256057,7.028775502,-1.176357637,0.084693659,-0.159093292
Tragus_racemosus,C4,0.207763915,0.760826364,3.743635774,5.566526609,3.300151762,0.271356653,0.071224628,-0.421907777,3.860803553,9.551910997,7.002622061,-1.386394366,-0.169106814,-0.760012002
Tribolium_echinatum,C3,0.05549723,1.480508239,3.769503543,5.68942033,2.961172995,-0.188851007,-0.921402045,0.158694087,3.801963522,10.03596258,7.435815053,-1.446362888,-0.64935697,0.220721877
Triraphis_schinzii,C4,0.102942204,1.128842827,3.791174774,5.590005092,3.07917909,0.123817629,-0.684295208,0.034441015,3.825610592,9.490918728,6.902218357,-1.429410652,-0.140339187,-0.130932705
Tristachya_superba,C4,0.093550709,0.909610151,3.700616177,5.270098457,3.32192167,0.41091719,0.31361313,NA,NA,NA,NA,NA,NA,NA
Triticum_aestivum,C3,0.0133095,1.037623278,3.709756333,5.554290724,2.951231399,-0.184157697,0.042543768,0.067587114,3.792006808,9.344630943,7.000120993,-1.17126363,0.124650509,0.125508788
Triticum_monococcum,C3,0.133285749,0.981705333,3.724506697,5.312584505,3.278104266,0.38942441,0.045433093,0.085616055,3.77664427,9.619243354,7.073873918,-1.36933892,-0.175389436,0.227815242
Triticum_timopheevii,C3,0.149036448,1.231873879,3.737074916,5.451857328,3.01435125,0.016072944,-0.347945448,0.204303008,3.753637185,9.63671784,7.10049872,-1.374168181,-0.185932254,0.477570599
Urochloa_mosambicensis,C4,0.182416624,0.579487783,3.707385675,5.699294042,2.807013475,-0.389297855,0.519223991,-0.319007614,3.811121409,9.100819672,6.843069786,-1.099087402,0.395716338,-0.391049459
Vulpia_myuros,C3,0.079202714,1.076842515,3.759605832,5.390718704,3.014628736,0.157412638,-0.335630909,0.174510065,3.767411384,9.851393682,7.227237515,-1.464255903,-0.432164466,0.388268093
Zea_mays,C4,0.12845794,0.438761623,3.760817575,5.707625875,2.842780142,-0.190125338,0.263250281,-0.424026124,3.804787611,8.642981233,6.554481417,-0.917227435,0.913732074,-0.500257902
Zoysia_japonica,C4,0.032505843,0.871971064,3.794118302,5.426433056,3.451374251,0.666369039,-0.397651235,-0.012391357,3.796586727,9.953759879,7.242437223,-1.553175733,-0.571093497,0.036312274
Aristida_adscensionis,C4,0.084923826,NA,NA,NA,NA,NA,NA,-0.144705394,3.806369054,9.207077558,6.950040306,-1.084709383,0.289783937,-0.169122208
Bothriochloa_springfieldii,C4,0.105301294,NA,NA,NA,NA,NA,NA,0.096038765,3.773657494,9.813335431,7.420578302,-1.208734121,-0.303672288,0.33059118
Cymbopogon_citratus,C4,0.138597648,NA,NA,NA,NA,NA,NA,-0.014652505,3.826796617,9.823593065,7.272353154,-1.387394967,-0.435143591,-0.115207112
Cymbopogon_jwarancusa,C4,0.044138134,NA,NA,NA,NA,NA,NA,0.102632446,3.808913889,9.251981493,7.055950731,-0.921052049,0.315687707,0.10049369
Digitaria_brownii,C4,0.076985035,NA,NA,NA,NA,NA,NA,-0.12622024,3.82815673,10.01791327,7.445334602,-1.416238237,-0.618717666,-0.204907301
Digitaria_debilis,C4,0.040766559,NA,NA,NA,NA,NA,NA,0.26511979,3.740496895,9.978436524,7.489417424,-1.311001377,-0.472190378,0.687962468
Eragrostis_tef,C4,0.07580837,NA,NA,NA,NA,NA,NA,0.084510785,3.805027234,9.675508089,7.320674863,-1.186172832,-0.21549835,0.128070705
Iseilema_membranaceum,C4,0.162137336,NA,NA,NA,NA,NA,NA,0.153858344,3.802353654,9.976449465,7.398560135,-1.419334215,-0.582123581,0.209075379
Lolium_perenne,C3,0.022743819,NA,NA,NA,NA,NA,NA,0.260588635,3.795060694,9.512723214,7.058036276,-1.242627011,-0.065134576,0.308942141
Melinis_ambigua,C4,0.200649566,NA,NA,NA,NA,NA,NA,0.048367532,3.711481639,9.658808152,7.15233673,-1.340365429,-0.116487534,0.567029853
Panicum_virgatum,C4,0.07276355,NA,NA,NA,NA,NA,NA,0.062322809,3.78924451,9.640370401,7.338100695,-1.180093531,-0.181343419,0.194536712
Paspalidium_desertorum,C4,0.08467783,NA,NA,NA,NA,NA,NA,0.342026141,3.755024073,9.15884939,6.939788806,-1.001576326,0.388780091,0.607815128
Pennisetum_clandestinum,C4,0.033703761,NA,NA,NA,NA,NA,NA,-0.301257919,3.744648449,9.285570099,6.99624647,-1.126780308,0.301880161,0.020701212
Pennisetum_glaucum,C4,0.119983459,NA,NA,NA,NA,NA,NA,-0.074340939,3.740560858,9.05506159,6.923743033,-0.954314552,0.555018155,0.270058409
Pennisetum_lanatum,C4,0.029416553,NA,NA,NA,NA,NA,NA,0.375119603,3.759130765,9.353250106,6.987205551,-1.193692495,0.112140402,0.610726819
Trichoneura_grandiglumis,C4,0.052040911,NA,NA,NA,NA,NA,NA,-0.24095263,3.734703998,9.217741678,6.96166308,-1.007104784,0.454509628,0.142580857
Vaseyochloa_multinervosa,C4,0.064196745,NA,NA,NA,NA,NA,NA,0.15473166,3.826533256,9.550049405,7.056114582,-1.327553866,-0.179168223,0.020274978