,RD,SRL,RN,RTD,F00056,F00645,F01286,F01287,F01289,F01290
0,0.142951,447.167648,18.478265,0.169294,1.000000,NA,Populus,trichocarpa,Salicaceae,Malpighiales
1,0.249630,166.388374,14.456530,0.160036,2.000000,NA,Populus,trichocarpa,Salicaceae,Malpighiales
2,0.425085,60.723679,10.760881,0.171351,3.000000,NA,Populus,trichocarpa,Salicaceae,Malpighiales
3,0.175513,330.424588,22.065220,0.169294,1.000000,NA,Populus,tremula,Salicaceae,Malpighiales
4,0.285828,116.664475,16.304355,0.160041,2.000000,NA,Populus,tremula,Salicaceae,Malpighiales
5,0.671250,32.618871,16.304355,0.210311,3.000000,NA,Populus,tremula,Salicaceae,Malpighiales
6,0.184985,328.596138,24.324159,0.149141,1.000000,NA,Populus,tremula,Salicaceae,Malpighiales
7,0.302703,107.775231,17.581139,0.139519,2.000000,NA,Populus,tremula,Salicaceae,Malpighiales
8,0.706307,19.487729,18.518494,0.220103,3.000000,NA,Populus,tremula,Salicaceae,Malpighiales
9,0.168168,328.600675,18.089277,0.199656,1.000000,NA,Populus,tremula,Salicaceae,Malpighiales
10,0.256457,121.333858,13.514912,0.209278,2.000000,NA,Populus,tremula,Salicaceae,Malpighiales
11,0.596998,40.571866,14.181187,0.188832,3.000000,NA,Populus,tremula,Salicaceae,Malpighiales
12,0.142944,321.823692,19.851313,0.224914,1.000000,NA,Populus,trichocarpa,Salicaceae,Malpighiales
13,0.218620,125.098967,16.090191,0.223711,2.000000,NA,Populus,trichocarpa,Salicaceae,Malpighiales
14,0.369971,39.818926,12.057715,0.236942,3.000000,NA,Populus,trichocarpa,Salicaceae,Malpighiales
15,0.155557,213.391026,16.598061,0.223711,1.000000,NA,Populus,trichocarpa,Salicaceae,Malpighiales
16,0.294295,69.381158,12.656490,0.184021,2.000000,NA,Populus,trichocarpa,Salicaceae,Malpighiales
17,0.491893,29.281397,8.353205,0.210481,3.000000,NA,Populus,trichocarpa,Salicaceae,Malpighiales
18,0.309778,50.322607,13.009712,0.158621,1.000000,NA,Altingia,obovata,Altingiaceae,Saxifragales
19,0.333922,36.774237,11.407772,0.255173,2.000000,NA,Altingia,obovata,Altingiaceae,Saxifragales
20,0.391671,20.322640,11.407773,0.344828,3.000000,NA,Altingia,obovata,Altingiaceae,Saxifragales
21,1.177410,9.677503,18.689322,0.248276,1.000000,NA,Cryptocarya,chinensis,Lauraceae,Laurales
22,1.285846,8.709764,18.398060,0.220690,2.000000,NA,Cryptocarya,chinensis,Lauraceae,Laurales
23,1.444406,5.806541,18.252429,0.282759,3.000000,NA,Cryptocarya,chinensis,Lauraceae,Laurales
24,0.230711,96.774214,18.398060,0.324138,1.000000,NA,Elaeocarpus,sylvestris,Elaeocarpaceae,Oxalidales
25,0.254855,48.387157,14.902917,0.393104,2.000000,NA,Elaeocarpus,sylvestris,Elaeocarpaceae,Oxalidales
26,0.279281,30.967816,14.466024,0.544828,3.000000,NA,Elaeocarpus,sylvestris,Elaeocarpaceae,Oxalidales
27,0.493753,50.322640,15.339810,0.137932,1.000000,NA,Endospermum,chinense,Euphorbiaceae,Malpighiales
28,0.551501,30.967817,14.611655,0.200001,2.000000,NA,Endospermum,chinense,Euphorbiaceae,Malpighiales
29,0.642571,22.258147,14.466024,0.248276,3.000000,NA,Endospermum,chinense,Euphorbiaceae,Malpighiales
30,0.310000,23.800000,13.010000,0.550000,NA,AM,Aristotelia,serrata,Elaeocarpaceae,Oxalidales
31,0.530000,22.200000,9.010000,0.200000,NA,AM,Ascarina,lucida,Chloranthaceae,Chloranthales
32,0.430000,31.800000,16.180000,0.200000,NA,AM,Asplenium,bulbiferum,Aspleniaceae,Polypodiales
33,0.940000,12.900000,10.120000,0.090000,NA,AM,Astelia,fragrans,Asteliaceae,Asparagales
34,0.950000,14.500000,6.490000,0.090000,NA,AM,Astelia,nervosa,Asteliaceae,Asparagales
35,0.410000,32.400000,13.990000,0.210000,NA,AM,Blechnum,chambersii,Blechnaceae,Polypodiales
36,0.360000,26.300000,5.500000,0.300000,NA,AM,Blechnum,discolor,Blechnaceae,Polypodiales
37,0.310000,42.900000,12.760000,0.290000,NA,AM,Blechnum,fluviatile,Blechnaceae,Polypodiales
38,0.330000,28.000000,4.990000,0.380000,NA,AM,Blechnum,novae-zelandiae,Blechnaceae,Polypodiales
39,0.270000,31.100000,4.320000,0.530000,NA,AM,Blechnum,procerum,Blechnaceae,Polypodiales
40,0.440000,35.100000,17.910000,0.170000,NA,AM,Carpodetus,serratus,Rousseaceae,Asterales
41,0.200000,91.500000,8.390000,0.340000,NA,AM,Coprosma,ciliata,Rubiaceae,Gentianales
42,0.370000,44.500000,6.860000,0.210000,NA,AM,Coprosma,foetidissima,Rubiaceae,Gentianales
43,0.450000,26.000000,11.360000,0.230000,NA,AM,Coprosma,lucida,Rubiaceae,Gentianales
44,0.200000,158.300000,9.640000,0.200000,NA,AM,Coprosma,rhamnoides,Rubiaceae,Gentianales
45,0.310000,27.400000,15.990000,0.460000,NA,AM,Coriaria,arborea,Coriariaceae,Cucurbitales
46,0.310000,30.100000,5.290000,0.400000,NA,AM,Cyathea,smithii,Cyatheaceae,Cyatheales
47,0.490000,11.300000,6.600000,0.240000,NA,AM,Dacrydium,cupressinum,Podocarpaceae,Pinales
48,0.360000,25.800000,4.920000,0.350000,NA,AM,Dicksonia,squarrosa,Dicksoniaceae,Cyatheales
49,0.320000,58.700000,4.020000,0.190000,NA,AM,Gahnia,procera,Cyperaceae,Poales
50,0.460000,45.600000,4.730000,0.100000,NA,AM,Gahnia,xanthocarpa,Cyperaceae,Poales
51,0.270000,42.800000,1.920000,0.390000,NA,AM,Gleichenia,microphylla,Gleicheniaceae,Gleicheniales
52,0.290000,21.500000,5.870000,0.370000,NA,AM,Lepidothamnus,intermedius,Podocarpaceae,Pinales
53,0.100000,128.200000,3.850000,0.710000,NA,ErM,Leptecophylla,juniperina,Ericaceae,Ericales
54,0.210000,91.300000,5.710000,0.300000,NA,AM + EM,Leptospermum,scoparium,Myrtaceae,Myrtales
55,0.440000,55.500000,4.190000,0.100000,NA,AM,Lycopodium,volubile,Lycopodiaceae,Lycopodiales
56,0.470000,18.900000,7.090000,0.190000,NA,AM,Manoao,colensoi,Podocarpaceae,Pinales
57,0.340000,29.000000,16.830000,0.360000,NA,AM,Melicytus,ramiflorus,Violaceae,Malpighiales
58,0.170000,84.700000,5.390000,0.500000,NA,AM,Metrosideros,diffusa,Myrtaceae,Myrtales
59,0.190000,76.500000,6.040000,0.460000,NA,AM,Metrosideros,fulgens,Myrtaceae,Myrtales
60,0.310000,21.500000,3.790000,0.470000,NA,AM,Metrosideros,umbellata,Myrtaceae,Myrtales
61,0.390000,23.600000,5.130000,0.340000,NA,AM,Rapanea,australis,Primulaceae,Ericales
62,0.480000,22.900000,10.140000,0.230000,NA,AM,Rapanea,divaricata,Primulaceae,Ericales
63,0.210000,42.300000,5.030000,0.680000,NA,AM,Neomyrtus,pedunculata,Myrtaceae,Myrtales
64,0.480000,19.800000,14.430000,0.270000,NA,AM,Olearia,avicenniaefolia,Asteraceae,Asterales
65,0.360000,19.100000,6.990000,0.370000,NA,AM,Phyllocladus,trichomanoides,Podocarpaceae,Pinales
66,0.610000,10.300000,9.260000,0.180000,NA,AM,Podocarpus,cunninghamii,Podocarpaceae,Pinales
67,0.300000,43.700000,8.560000,0.290000,NA,AM,Polystichum,chilense,Dryopteridaceae,Polypodiales
68,0.690000,5.900000,8.990000,0.180000,NA,AM,Prumnopitys,ferruginea,Podocarpaceae,Pinales
69,0.440000,22.300000,7.420000,0.280000,NA,AM,Neopanax,colensoi,Araliaceae,Apiales
70,0.660000,14.100000,5.040000,0.200000,NA,AM,Pseudopanax,crassifolius,Araliaceae,Apiales
71,0.980000,6.200000,10.250000,0.200000,NA,AM,Pseudowintera,colorata,Winteraceae,Canellales
72,0.270000,33.700000,4.970000,0.500000,NA,AM,Quintinia,serrata,Paracryphiaceae,Paracryphiales
73,0.360000,31.800000,6.050000,0.300000,NA,AM,Raukaua,simplex,Araliaceae,Apiales
74,0.330000,50.300000,19.250000,0.210000,NA,AM,Schefflera,digitata,Araliaceae,Apiales
75,0.290000,16.800000,2.070000,0.840000,NA,AM,Sticherus,cunninghamii,Gleicheniaceae,Gleicheniales
76,0.230000,41.500000,4.060000,0.540000,NA,AM,Leiospermum,racemosum,Cunoniaceae,Oxalidales
77,0.482000,13.536000,14.267000,0.341000,NA,AM,Fraxinus,excelsior,Oleaceae,Lamiales
78,0.317000,28.038000,11.635000,0.454000,NA,AM,Acer,pseudoplatanus,Sapindaceae,Sapindales
79,0.436000,15.313000,9.902000,0.556000,NA,AM,Acer,platanoides,Sapindaceae,Sapindales
80,0.374000,21.994000,12.196000,0.493000,NA,EM,Carpinus,betulus,Betulaceae,Fagales
81,0.468000,10.911000,9.953000,0.606000,NA,EM,Tilia,cordata,Malvaceae,Malvales
82,0.411000,29.240000,10.946000,0.620000,NA,EM,Fagus,sylvatica,Fagaceae,Fagales
83,0.524000,10.921000,13.440000,0.371000,NA,AM,Fraxinus,excelsior,Oleaceae,Lamiales
84,0.318000,34.769000,9.519000,0.509000,NA,AM,Acer,pseudoplatanus,Sapindaceae,Sapindales
85,0.394000,18.612000,8.892000,0.493000,NA,AM,Acer,platanoides,Sapindaceae,Sapindales
86,0.363000,17.615000,11.362000,0.514000,NA,EM,Carpinus,betulus,Betulaceae,Fagales
87,0.567000,7.455000,7.923000,0.563000,NA,EM,Tilia,cordata,Malvaceae,Malvales
88,0.460000,12.522000,10.315000,0.487000,NA,EM,Fagus,sylvatica,Fagaceae,Fagales
89,0.587000,10.894000,13.344000,0.378000,NA,AM,Fraxinus,excelsior,Oleaceae,Lamiales
90,0.363000,19.472000,10.076000,0.540000,NA,AM,Acer,pseudoplatanus,Sapindaceae,Sapindales
91,0.476000,22.831000,10.469000,0.462000,NA,AM,Acer,platanoides,Sapindaceae,Sapindales
92,0.511000,11.587000,9.191000,0.460000,NA,EM,Carpinus,betulus,Betulaceae,Fagales
93,0.652000,7.436000,8.988000,0.478000,NA,EM,Tilia,cordata,Malvaceae,Malvales
94,0.459000,12.797000,9.102000,0.536000,NA,EM,Fagus,sylvatica,Fagaceae,Fagales
95,0.531000,11.717000,13.601000,0.340000,NA,AM,Fraxinus,excelsior,Oleaceae,Lamiales
96,0.333000,22.394000,9.442000,0.491000,NA,AM,Acer,pseudoplatanus,Sapindaceae,Sapindales
97,0.416000,13.939000,9.221000,0.576000,NA,AM,Acer,platanoides,Sapindaceae,Sapindales
98,0.416000,14.967000,11.110000,0.488000,NA,EM,Carpinus,betulus,Betulaceae,Fagales
99,0.562000,7.614000,9.279000,0.525000,NA,EM,Tilia,cordata,Malvaceae,Malvales
100,0.459000,12.292000,9.636000,0.521000,NA,EM,Fagus,sylvatica,Fagaceae,Fagales
101,0.373683,32.822980,17.884615,0.370787,1.000000,AM,Fraxinus,excelsior,Oleaceae,Lamiales
102,0.477964,16.411514,15.576925,0.286517,2.000000,AM,Fraxinus,excelsior,Oleaceae,Lamiales
103,0.704767,6.028751,13.461542,0.320225,3.000000,AM,Fraxinus,excelsior,Oleaceae,Lamiales
104,0.266508,62.631585,14.230772,0.380899,1.000000,AM,Acer,pseudoplatanus,Sapindaceae,Sapindales
105,0.301892,23.110077,10.480775,0.596629,2.000000,AM,Acer,pseudoplatanus,Sapindaceae,Sapindales
106,0.398554,19.425874,8.942314,0.525843,3.000000,AM,Acer,pseudoplatanus,Sapindaceae,Sapindales
107,0.327751,29.808626,11.442311,0.468539,1.000000,AM,Acer,platanoides,Sapindaceae,Sapindales
108,0.416722,19.090939,9.326929,0.529214,2.000000,AM,Acer,platanoides,Sapindaceae,Sapindales
109,0.589937,10.047888,8.461546,0.502247,3.000000,AM,Acer,platanoides,Sapindaceae,Sapindales
110,0.266508,41.196185,15.576925,0.458427,1.000000,EM,Carpinus,betulus,Betulaceae,Fagales
111,0.347824,21.435436,12.019235,0.508989,2.000000,EM,Carpinus,betulus,Betulaceae,Fagales
112,0.704767,11.387600,9.230776,0.448315,3.000000,EM,Carpinus,betulus,Betulaceae,Fagales
113,0.312477,33.157908,11.826926,0.562921,1.000000,EM,Tilia,cordata,Malvaceae,Malvales
114,0.500930,11.052664,10.000006,0.559551,2.000000,EM,Tilia,cordata,Malvaceae,Malvales
115,0.612903,5.358895,8.557699,0.633708,3.000000,EM,Tilia,cordata,Malvaceae,Malvales
116,0.344000,60.677714,14.339167,0.086000,1.000000,AM,Acer,saccharum,Sapindaceae,Sapindales
117,0.367750,24.052413,12.298667,0.140000,2.000000,AM,Acer,saccharum,Sapindaceae,Sapindales
118,0.919125,5.163508,10.134375,0.310000,3.000000,AM,Acer,saccharum,Sapindaceae,Sapindales
119,0.451750,19.455180,12.134500,0.160000,1.000000,AM,Aesculus,hippocastanum,Sapindaceae,Sapindales
120,0.480000,9.929515,8.974375,0.240000,2.000000,AM,Aesculus,hippocastanum,Sapindaceae,Sapindales
121,1.317925,2.759176,7.221250,0.290000,3.000000,AM,Aesculus,hippocastanum,Sapindaceae,Sapindales
122,0.357500,43.198070,13.063500,0.104000,1.000000,AM,Aesculus,parviflora,Sapindaceae,Sapindales
123,0.580500,19.652615,8.493000,0.190000,2.000000,AM,Aesculus,parviflora,Sapindaceae,Sapindales
124,0.867700,6.907547,7.039500,0.260000,3.000000,AM,Aesculus,parviflora,Sapindaceae,Sapindales
125,0.872667,13.549708,25.157833,0.167000,1.000000,AM,Asimina,triloba,Annonaceae,Magnoliales
126,0.867000,10.594748,23.004500,0.160000,2.000000,AM,Asimina,triloba,Annonaceae,Magnoliales
127,1.304933,4.654072,20.686833,0.180000,3.000000,AM,Asimina,triloba,Annonaceae,Magnoliales
128,0.424000,37.262529,27.365875,0.111000,1.000000,AM,Catalpa,bignonioides,Bignoniaceae,Lamiales
129,0.587500,18.131837,25.697250,0.130000,2.000000,AM,Catalpa,bignonioides,Bignoniaceae,Lamiales
130,1.311650,4.155367,11.416000,0.210000,3.000000,AM,Catalpa,bignonioides,Bignoniaceae,Lamiales
131,0.368000,27.351802,12.418875,0.160000,1.000000,AM,Cercidiphyllum,japonicum,Cercidiphyllaceae,Saxifragales
132,0.491500,13.939074,9.514625,0.210000,2.000000,AM,Cercidiphyllum,japonicum,Cercidiphyllaceae,Saxifragales
133,1.135475,3.088089,6.906750,0.360000,3.000000,AM,Cercidiphyllum,japonicum,Cercidiphyllaceae,Saxifragales
134,0.710250,13.882907,17.741875,0.164000,1.000000,AM,Chionanthus,virginicus,Oleaceae,Lamiales
135,0.880250,8.331267,14.721875,0.180000,2.000000,AM,Chionanthus,virginicus,Oleaceae,Lamiales
136,1.352675,2.731471,11.838375,0.280000,3.000000,AM,Chionanthus,virginicus,Oleaceae,Lamiales
137,0.491750,39.048129,16.490875,0.121000,1.000000,AM,Cornus,florida,Cornaceae,Cornales
138,0.560750,25.235566,13.761375,0.160000,2.000000,AM,Cornus,florida,Cornaceae,Cornales
139,0.922050,5.042444,7.176750,0.330000,3.000000,AM,Cornus,florida,Cornaceae,Cornales
140,0.670000,24.381277,18.693750,0.124000,1.000000,AM,Diospyros,virginiana,Ebenaceae,Ericales
141,0.701250,17.123413,16.252375,0.140000,2.000000,AM,Diospyros,virginiana,Ebenaceae,Ericales
142,1.039450,4.464060,9.345250,0.270000,3.000000,AM,Diospyros,virginiana,Ebenaceae,Ericales
143,0.321500,38.931486,22.201195,0.140000,1.000000,AM,Fraxinus,americana,Oleaceae,Lamiales
144,0.435500,22.959628,19.053148,0.200000,2.000000,AM,Fraxinus,americana,Oleaceae,Lamiales
145,0.958525,3.760410,10.382075,0.370000,3.000000,AM,Fraxinus,americana,Oleaceae,Lamiales
146,0.578000,20.166609,21.772500,0.134000,1.000000,AM,Gleditsia,triacanthos,Fabaceae,Fabales
147,0.602250,17.210288,21.442750,0.160000,2.000000,AM,Gleditsia,triacanthos,Fabaceae,Fabales
148,0.942475,5.284870,18.454125,0.320000,3.000000,AM,Gleditsia,triacanthos,Fabaceae,Fabales
149,0.355333,50.524931,21.617833,0.094000,1.000000,AM,Halesia,tetraptera,Styracaceae,Ericales
150,0.339000,30.383658,20.590167,0.120000,2.000000,AM,Halesia,tetraptera,Styracaceae,Ericales
151,1.009200,9.662100,13.001833,0.210000,3.000000,AM,Halesia,tetraptera,Styracaceae,Ericales
152,0.487750,24.294820,12.609500,0.189000,1.000000,AM,Hamamelis,virginiana,Hamamelidaceae,Saxifragales
153,0.547000,14.044720,10.695625,0.230000,2.000000,AM,Hamamelis,virginiana,Hamamelidaceae,Saxifragales
154,0.994275,4.435481,8.377500,0.340000,3.000000,AM,Hamamelis,virginiana,Hamamelidaceae,Saxifragales
155,0.348750,44.467935,15.926500,0.107000,1.000000,AM,Ilex,opaca,Aquifoliaceae,Aquifoliales
156,0.420000,27.618029,11.271625,0.150000,2.000000,AM,Ilex,opaca,Aquifoliaceae,Aquifoliales
157,0.951425,5.988720,8.372875,0.280000,3.000000,AM,Ilex,opaca,Aquifoliaceae,Aquifoliales
158,0.437000,31.230987,26.141500,0.149000,1.000000,AM,Juglans,nigra,Juglandaceae,Fagales
159,0.694500,16.877508,19.170167,0.220000,2.000000,AM,Juglans,nigra,Juglandaceae,Fagales
160,0.976333,3.877918,13.228833,0.360000,3.000000,AM,Juglans,nigra,Juglandaceae,Fagales
161,0.354500,97.536196,10.609250,0.062000,1.000000,AM,Koelreuteria,paniculata,Sapindaceae,Sapindales
162,0.490500,46.997327,9.770250,0.110000,2.000000,AM,Koelreuteria,paniculata,Sapindaceae,Sapindales
163,0.760250,8.745190,8.816500,0.260000,3.000000,AM,Koelreuteria,paniculata,Sapindaceae,Sapindales
164,0.477500,31.721795,11.675000,0.148000,1.000000,AM,Liquidambar,styraciflua,Altingiaceae,Saxifragales
165,0.633750,16.132156,9.468750,0.220000,2.000000,AM,Liquidambar,styraciflua,Altingiaceae,Saxifragales
166,1.074250,3.936294,6.220125,0.330000,3.000000,AM,Liquidambar,styraciflua,Altingiaceae,Saxifragales
167,0.852750,15.188097,20.488125,0.129000,1.000000,AM,Liriodendron,tulipifera,Magnoliaceae,Magnoliales
168,0.889250,10.348418,18.298250,0.140000,2.000000,AM,Liriodendron,tulipifera,Magnoliaceae,Magnoliales
169,1.313625,4.245750,14.540125,0.160000,3.000000,AM,Liriodendron,tulipifera,Magnoliaceae,Magnoliales
170,0.982750,12.382596,20.450750,0.141000,1.000000,AM,Magnolia,acuminata,Magnoliaceae,Magnoliales
171,0.989750,7.859995,19.653375,0.160000,2.000000,AM,Magnolia,acuminata,Magnoliaceae,Magnoliales
172,1.700600,2.277348,16.189250,0.210000,3.000000,AM,Magnolia,acuminata,Magnoliaceae,Magnoliales
173,0.804500,20.901448,19.184750,0.111000,1.000000,AM,Magnolia,denudata,Magnoliaceae,Magnoliales
174,0.921000,11.355007,14.742000,0.130000,2.000000,AM,Magnolia,denudata,Magnoliaceae,Magnoliales
175,1.780600,2.038876,9.122250,0.200000,3.000000,AM,Magnolia,denudata,Magnoliaceae,Magnoliales
176,1.224000,9.091114,18.337000,0.137000,1.000000,AM,Magnolia,grandiflora,Magnoliaceae,Magnoliales
177,1.427000,4.920247,15.324250,0.160000,2.000000,AM,Magnolia,grandiflora,Magnoliaceae,Magnoliales
178,1.777650,1.918655,9.995250,0.210000,3.000000,AM,Magnolia,grandiflora,Magnoliaceae,Magnoliales
179,0.641500,27.324764,36.931000,0.122000,1.000000,AM,Magnolia,kobus,Magnoliaceae,Magnoliales
180,0.629000,14.387263,31.843000,0.170000,2.000000,AM,Magnolia,kobus,Magnoliaceae,Magnoliales
181,1.330650,3.948761,17.916250,0.210000,3.000000,AM,Magnolia,kobus,Magnoliaceae,Magnoliales
182,1.099000,12.895006,31.934000,0.134000,1.000000,AM,Magnolia,macrophylla,Magnoliaceae,Magnoliales
183,1.377000,9.176843,30.193500,0.150000,2.000000,AM,Magnolia,macrophylla,Magnoliaceae,Magnoliales
184,1.373833,4.222725,15.366106,0.190000,3.000000,AM,Magnolia,macrophylla,Magnoliaceae,Magnoliales
185,0.731500,31.165607,26.253450,0.096000,1.000000,AM,Magnolia,stellata,Magnoliaceae,Magnoliales
186,0.802500,18.315221,19.474625,0.110000,2.000000,AM,Magnolia,stellata,Magnoliaceae,Magnoliales
187,1.517475,4.357542,14.432125,0.140000,3.000000,AM,Magnolia,stellata,Magnoliaceae,Magnoliales
188,0.829250,17.996477,23.634125,0.135000,1.000000,AM,Magnolia,tripetala,Magnoliaceae,Magnoliales
189,1.106500,10.307400,21.113875,0.140000,2.000000,AM,Magnolia,tripetala,Magnoliaceae,Magnoliales
190,1.659675,2.712878,17.206000,0.190000,3.000000,AM,Magnolia,tripetala,Magnoliaceae,Magnoliales
191,1.079750,20.130884,24.713250,0.115000,1.000000,AM,Magnolia,virginiana,Magnoliaceae,Magnoliales
192,1.205750,16.278603,20.913875,0.140000,2.000000,AM,Magnolia,virginiana,Magnoliaceae,Magnoliales
193,1.466525,5.167746,15.350437,0.180000,3.000000,AM,Magnolia,virginiana,Magnoliaceae,Magnoliales
194,0.878333,13.572805,16.459167,0.157000,1.000000,AM,Nyssa,sylvatica,Cornaceae,Cornales
195,1.008333,8.737359,13.456833,0.200000,2.000000,AM,Nyssa,sylvatica,Cornaceae,Cornales
196,1.333800,2.276562,6.712500,0.340000,3.000000,AM,Nyssa,sylvatica,Cornaceae,Cornales
197,0.486750,11.977390,9.219875,0.149000,1.000000,AM,Platanus,occidentalis,Platanaceae,Proteales
198,1.169600,3.218217,6.524208,0.300000,2.000000,AM,Platanus,occidentalis,Platanaceae,Proteales
199,0.416000,23.929697,13.021250,0.150000,3.000000,AM,Platanus,occidentalis,Platanaceae,Proteales
200,0.337500,87.255293,13.853000,0.066000,1.000000,AM,Populus,deltoides,Salicaceae,Malpighiales
201,0.351500,48.630372,11.611500,0.110000,2.000000,AM,Populus,deltoides,Salicaceae,Malpighiales
202,0.882800,8.113986,7.795625,0.210000,3.000000,AM,Populus,deltoides,Salicaceae,Malpighiales
203,0.275000,81.442106,19.387167,0.103000,1.000000,AM,Prunus,sargentii,Rosaceae,Rosales
204,0.383333,32.085274,14.767667,0.180000,2.000000,AM,Prunus,sargentii,Rosaceae,Rosales
205,0.928167,5.205504,10.648667,0.310000,3.000000,AM,Prunus,sargentii,Rosaceae,Rosales
206,0.892250,20.514550,23.203333,0.103000,1.000000,AM,Sassafras,albidum,Lauraceae,Laurales
207,0.931500,12.204328,19.603250,0.110000,2.000000,AM,Sassafras,albidum,Lauraceae,Laurales
208,1.335633,4.794158,15.991167,0.160000,3.000000,AM,Sassafras,albidum,Lauraceae,Laurales
209,0.481500,36.817618,26.334125,0.154000,1.000000,AM,Styphnolobium,japonicum,Fabaceae,Fabales
210,0.742000,20.964799,21.859375,0.180000,2.000000,AM,Styphnolobium,japonicum,Fabaceae,Fabales
211,1.033125,4.524390,15.092875,0.270000,3.000000,AM,Styphnolobium,japonicum,Fabaceae,Fabales
212,0.303000,89.918499,23.893875,0.078000,1.000000,AM,Syringa,reticulata,Oleaceae,Lamiales
213,0.295250,40.999364,20.343875,0.100000,2.000000,AM,Syringa,reticulata,Oleaceae,Lamiales
214,1.096175,4.427776,11.510375,0.270000,3.000000,AM,Syringa,reticulata,Oleaceae,Lamiales
215,0.243000,71.769631,16.328250,0.077000,1.000000,AM,Ulmus,americana,Ulmaceae,Rosales
216,0.376500,35.717512,10.180500,0.170000,2.000000,AM,Ulmus,americana,Ulmaceae,Rosales
217,0.856525,6.694492,7.988250,0.310000,3.000000,AM,Ulmus,americana,Ulmaceae,Rosales
218,0.420000,20.100000,18.200000,0.360000,1.000000,NA,Ardisia,quinquegona,Primulaceae,Ericales
219,0.530000,18.200000,17.100000,0.240000,2.000000,NA,Ardisia,quinquegona,Primulaceae,Ericales
220,0.740000,10.700000,14.300000,0.220000,3.000000,NA,Ardisia,quinquegona,Primulaceae,Ericales
221,0.555370,17.040000,26.130000,0.240000,1.000000,AM,Magnolia,macclurei,Magnoliaceae,Magnoliales
222,0.720740,17.240000,18.450000,0.210000,1.000000,AM,Magnolia,yunnanensis,Magnoliaceae,Magnoliales
223,0.696850,12.010000,21.260000,0.240000,1.000000,AM,Magnolia,lotungensis,Magnoliaceae,Magnoliales
224,0.580040,20.160000,21.710000,0.230000,1.000000,AM,Magnolia,balansae,Magnoliaceae,Magnoliales
225,0.576020,13.820000,20.570000,0.240000,1.000000,AM,Magnolia,odora,Magnoliaceae,Magnoliales
226,0.664070,19.390000,21.110000,0.230000,1.000000,AM,Magnolia,fulva,Magnoliaceae,Magnoliales
227,0.742410,15.400000,21.100000,0.220000,1.000000,AM,Magnolia,cavaleriei,Magnoliaceae,Magnoliales
228,0.503890,21.820000,22.150000,0.190000,1.000000,AM,Manglietia,paruicula,Magnoliaceae,Magnoliales
229,0.463520,19.900000,16.220000,0.290000,1.000000,AM,Magnolia,champaca,Magnoliaceae,Magnoliales
230,0.562880,12.670000,26.760000,0.190000,1.000000,AM,Magnolia,opipara,Magnoliaceae,Magnoliales
231,0.562760,17.860000,17.300000,0.290000,1.000000,AM,Magnolia,maudiae,Magnoliaceae,Magnoliales
232,0.531110,19.090000,15.520000,0.190000,1.000000,AM,Liriodendron,chinense,Magnoliaceae,Magnoliales
233,0.668610,17.820000,21.830000,0.220000,1.000000,AM,Magnolia,ernestii,Magnoliaceae,Magnoliales
234,0.579810,9.740000,21.640000,0.240000,1.000000,AM,Magnolia,grandiflora,Magnoliaceae,Magnoliales
235,0.575000,19.330000,18.790000,0.270000,1.000000,AM,Magnolia,baillonii,Magnoliaceae,Magnoliales
236,0.623700,17.690000,23.330000,0.130000,1.000000,AM,Magnolia,dandyi,Magnoliaceae,Magnoliales
237,0.576800,23.430000,23.520000,0.170000,1.000000,AM,Magnolia,chapensis,Magnoliaceae,Magnoliales
238,0.757960,4.930000,21.060000,0.310000,1.000000,AM,Cryptocarya,chinensis,Lauraceae,Laurales
239,0.453610,21.780000,27.500000,0.280000,1.000000,AM,Machilus,velutina,Lauraceae,Laurales
240,0.425930,32.300000,21.250000,0.300000,1.000000,AM,Machilus,kwangtungensis,Lauraceae,Laurales
241,0.405930,39.990000,25.620000,0.420000,1.000000,AM,Litsea,cubeba,Lauraceae,Laurales
242,0.415740,35.410000,25.860000,0.270000,1.000000,AM,Cinnamomum,camphora,Lauraceae,Laurales
243,0.523390,15.590000,31.630000,0.350000,1.000000,AM,Litsea,verticillata,Lauraceae,Laurales
244,0.484750,18.160000,22.840000,0.370000,1.000000,AM,Cryptocarya,concinna,Lauraceae,Laurales
245,0.478950,18.000000,19.570000,0.250000,1.000000,AM,Machilus,robusta,Lauraceae,Laurales
246,0.306300,18.170000,19.640000,0.320000,1.000000,AM,Cinnamomum,micranthum,Lauraceae,Laurales
247,0.534490,22.750000,29.240000,0.130000,1.000000,AM,Cinnamomum,cassia,Lauraceae,Laurales
248,0.705940,13.020000,34.540000,0.130000,1.000000,AM,Litsea,baviensis,Lauraceae,Laurales
249,0.441850,14.680000,20.930000,0.280000,1.000000,AM,Cinnamomum,porrectum,Lauraceae,Laurales
250,0.357960,30.070000,20.820000,0.440000,1.000000,AM,Ocotea,lancifolia,Lauraceae,Laurales
251,0.399340,45.310000,24.450000,0.390000,1.000000,AM,Orophea,creaghii,Annonaceae,Magnoliales
252,0.184260,97.810000,13.160000,0.720000,1.000000,AM,Helicia,formosana,Proteaceae,Proteales
253,0.145680,100.300000,12.310000,0.340000,1.000000,AM,Syzygium,hancei,Myrtaceae,Myrtales
254,0.118700,118.850000,15.800000,0.290000,1.000000,AM,Syzygium,levinei,Myrtaceae,Myrtales
255,0.144440,106.210000,5.830000,0.630000,1.000000,AM + EM,Eucalyptus,urophylla,Myrtaceae,Myrtales
256,0.196110,40.880000,11.170000,0.370000,1.000000,AM,Syzygium,globiflorum,Myrtaceae,Myrtales
257,0.458890,79.590000,22.460000,0.330000,1.000000,AM,Microtropis,discolor,Celastraceae,Celastrales
258,0.168030,40.960000,19.060000,0.490000,1.000000,EM,Castanea,henryi,Fagaceae,Fagales
259,0.203700,63.810000,17.600000,0.540000,1.000000,EM,Castanopsis,fissa,Fagaceae,Fagales
260,0.347040,45.180000,15.110000,0.210000,1.000000,EM,Quercus,asymmetrica,Fagaceae,Fagales
261,0.167490,70.610000,13.350000,0.550000,1.000000,EM,Castanopsis,hystrix,Fagaceae,Fagales
262,0.163430,81.680000,12.010000,0.530000,1.000000,EM,Castanopsis,echinocarpa,Fagaceae,Fagales
263,0.161210,92.320000,22.630000,0.510000,1.000000,EM,Castanopsis,wattii,Fagaceae,Fagales
264,0.219540,75.710000,21.950000,0.430000,1.000000,EM,Lithocarpus,chiungchungensis,Fagaceae,Fagales
265,0.366620,29.150000,20.920000,0.340000,1.000000,AM,Aporosa,octandra,Phyllanthaceae,Malpighiales
266,0.072590,67.100000,23.330000,0.330000,1.000000,AM,Macaranga,sampsonii,Euphorbiaceae,Malpighiales
267,0.258820,49.730000,19.070000,0.360000,1.000000,AM,Aporosa,yunnanensis,Phyllanthaceae,Malpighiales
268,1.009630,5.370000,17.040000,0.210000,1.000000,AM,Endospermum,chinense,Euphorbiaceae,Malpighiales
269,0.402530,19.990000,19.700000,0.290000,1.000000,AM,Antidesma,maclurei,Phyllanthaceae,Malpighiales
270,0.152300,103.480000,18.920000,0.400000,1.000000,EM,Engelhardia,roxburghiana,Juglandaceae,Fagales
271,0.257780,76.300000,17.320000,0.360000,1.000000,AM,Elaeocarpus,dubius,Elaeocarpaceae,Oxalidales
272,0.132920,143.450000,24.040000,0.320000,1.000000,AM,Ficus,variolosa,Moraceae,Rosales
273,0.282960,34.540000,11.200000,0.590000,1.000000,AM,Artocarpus,styracifolius,Moraceae,Rosales
274,0.124900,67.580000,44.620000,0.520000,1.000000,NM,Gironniera,subaequalis,Cannabaceae,Rosales
275,0.140430,113.000000,19.210000,0.620000,1.000000,AM,Celtis,sinensis,Cannabaceae,Rosales
276,0.176230,130.880000,23.100000,0.130000,1.000000,AM,Canarium,album,Burseraceae,Sapindales
277,0.239070,90.480000,13.570000,0.650000,1.000000,AM,Pistacia,chinensis,Anacardiaceae,Sapindales
278,0.283430,78.120000,20.150000,0.550000,1.000000,AM,Acronychia,pedunculata,Rutaceae,Sapindales
279,0.253970,97.190000,23.590000,0.210000,1.000000,AM,Melicope,pteleifolia,Rutaceae,Sapindales
280,0.158850,58.450000,14.070000,0.500000,1.000000,AM,Nephelium,lappaceum,Sapindaceae,Sapindales
281,0.156170,75.070000,14.880000,0.600000,1.000000,AM,Allophylus,cobbe,Sapindaceae,Sapindales
282,0.078120,106.710000,11.380000,0.530000,1.000000,ErM,Vaccinium,mandarinorum,Ericaceae,Ericales
283,0.370560,26.710000,15.500000,0.350000,1.000000,AM,Barringtonia,racemosa,Lecythidaceae,Ericales
284,0.120660,97.840000,5.550000,0.530000,1.000000,AM,Pentaphylax,euryoides,Pentaphylacaceae,Ericales
285,0.302530,89.090000,19.900000,0.180000,1.000000,AM,Alniphyllum,fortunei,Styracaceae,Ericales
286,0.543620,14.980000,5.960000,0.380000,1.000000,AM,Gordonia,axillaris,Theaceae,Ericales
287,0.239860,98.430000,14.450000,0.370000,1.000000,AM,Schima,wallichii,Theaceae,Ericales
288,0.523700,25.760000,16.380000,0.170000,1.000000,AM,Alstonia,scholaris,Apocynaceae,Gentianales
289,0.256990,80.240000,29.150000,0.380000,1.000000,AM,Catunaregam,spinosa,Rubiaceae,Gentianales
290,0.224170,45.270000,18.790000,0.430000,1.000000,AM,Wendlandia,uvariifolia,Rubiaceae,Gentianales
291,0.154440,99.960000,20.230000,0.290000,1.000000,AM,Pertusadina,metcalfii,Rubiaceae,Gentianales
292,0.191850,81.040000,17.780000,0.200000,1.000000,AM,Psychotria,asiatica,Rubiaceae,Gentianales
293,0.145060,116.950000,27.530000,0.340000,1.000000,AM,Saprosma,ternatum,Rubiaceae,Gentianales
294,0.719490,4.420000,6.780000,0.400000,1.000000,AM,Osmanthus,didymopetalus,Oleaceae,Lamiales
295,0.394360,28.910000,13.750000,0.290000,1.000000,AM,Olea,rosea,Oleaceae,Lamiales
296,0.332630,37.910000,22.530000,0.350000,1.000000,AM,Schefflera,minutistellata,Araliaceae,Apiales
297,0.263700,28.700000,14.530000,0.320000,1.000000,AM,Macropanax,undulatus,Araliaceae,Apiales
298,0.280740,25.660000,14.680000,0.240000,1.000000,AM,Pterospermum,acerifolium,Malvaceae,Malvales
299,0.213890,72.150000,15.930000,0.400000,1.000000,AM,Sterculia,lanceolata,Malvaceae,Malvales
300,0.119260,110.330000,13.550000,0.540000,1.000000,AM,Itea,chinensis,Iteaceae,Saxifragales
301,0.190190,90.870000,20.570000,0.280000,1.000000,AM,Garcinia,oblongifolia,Clusiaceae,Malpighiales
302,0.120920,32.530000,8.980000,0.410000,1.000000,AM,Cratoxylum,cochinchinense,Hypericaceae,Malpighiales
303,0.292890,87.270000,19.300000,0.470000,1.000000,AM,Garcinia,cowa,Clusiaceae,Malpighiales
304,0.318840,46.150000,16.180000,0.390000,1.000000,AM,Eriobotrya,japonica,Rosaceae,Rosales
305,0.144810,86.790000,12.700000,0.530000,1.000000,AM,Rhaphiolepis,indica,Rosaceae,Rosales
306,0.260560,58.890000,22.590000,0.310000,1.000000,AM,Archidendron,lucidum,Fabaceae,Fabales
307,0.225930,108.280000,20.700000,0.360000,1.000000,AM + EM,Acacia,crassicarpa,Fabaceae,Fabales
308,0.252550,99.190000,24.860000,0.290000,1.000000,AM + EM,Acacia,mangium,Fabaceae,Fabales
309,0.383130,93.620000,23.350000,0.250000,1.000000,AM,Acacia,auriculiformis,Fabaceae,Fabales
310,0.270830,70.330000,24.780000,0.410000,1.000000,AM,Archidendron,clypearia,Fabaceae,Fabales
311,0.341580,25.620000,31.220000,0.430000,1.000000,AM,Millettia,leptobotrya,Fabaceae,Fabales
312,0.214260,109.240000,16.920000,0.210000,1.000000,AM,Carallia,brachiata,Rhizophoraceae,Malpighiales
313,0.093150,169.910000,18.730000,0.320000,1.000000,AM,Alangium,chinense,Cornaceae,Cornales
314,0.116850,115.380000,15.790000,0.520000,1.000000,AM,Microcos,paniculata,Malvaceae,Malvales
315,0.185740,67.160000,15.420000,0.530000,1.000000,AM,Acer,fabri,Sapindaceae,Sapindales
316,0.155350,63.990000,14.130000,0.420000,1.000000,AM,Decaspermum,gracilentum,Myrtaceae,Myrtales
317,0.209000,653.000000,13.300000,0.067000,NA,NA,Arenaria,serpyllifolia,Caryophyllaceae,Caryophyllales
318,0.266000,113.000000,5.300000,0.139000,NA,NA,Brachypodium,phoenicoides,Poaceae,Poales
319,0.212000,427.000000,5.000000,0.091000,NA,NA,Bromus,madritensis,Poaceae,Poales
320,0.250000,159.000000,6.700000,0.095000,NA,NA,Bromus,erectus,Poaceae,Poales
321,0.256000,301.000000,14.200000,0.072000,NA,NA,Crepis,foetida,Asteraceae,Asterales
322,0.268000,130.000000,9.600000,0.139000,NA,NA,Clinopodium,nepeta,Lamiaceae,Lamiales
323,0.254000,385.000000,8.000000,0.078000,NA,NA,Daucus,carota,Apiaceae,Apiales
324,0.213000,287.000000,7.100000,0.132000,NA,NA,Dactylis,glomerata,Poaceae,Poales
325,0.231000,235.000000,10.300000,0.124000,NA,NA,Geranium,rotundifolium,Geraniaceae,Geraniales
326,0.334000,198.000000,10.700000,0.074000,NA,NA,Inula,conyza,Asteraceae,Asterales
327,0.257000,209.000000,31.200000,0.123000,NA,NA,Medicago,minima,Fabaceae,Fabales
328,0.343000,134.000000,17.700000,0.091000,NA,NA,Bituminaria,bituminosa,Fabaceae,Fabales
329,0.266000,200.000000,7.000000,0.118000,NA,NA,Picris,hieracioides,Asteraceae,Asterales
330,0.334000,106.000000,13.400000,0.143000,NA,NA,Rubia,peregrina,Rubiaceae,Gentianales
331,0.301000,154.000000,23.400000,0.099000,NA,NA,Trifolium,angustifolium,Fabaceae,Fabales
332,0.289000,134.000000,19.700000,0.114000,NA,NA,Teucrium,chamaedrys,Lamiaceae,Lamiales
333,0.252000,274.000000,15.600000,0.093000,NA,NA,Tordylium,maximum,Apiaceae,Apiales
334,0.230000,503.000000,13.100000,0.080000,NA,NA,Veronica,persica,Plantaginaceae,Lamiales
335,0.360000,83.800000,16.700000,0.117000,NA,AM,Acer,negundo,Sapindaceae,Sapindales
336,0.420000,48.000000,14.200000,0.158000,NA,AM,Acer,saccharum,Sapindaceae,Sapindales
337,0.270000,109.700000,18.900000,0.184000,NA,EM,Betula,lenta,Betulaceae,Fagales
338,0.330000,50.800000,1.380000,0.259000,NA,EM,Carya,glabra,Juglandaceae,Fagales
339,0.320000,83.800000,1.670000,0.145000,NA,EM,Carya,ovata,Juglandaceae,Fagales
340,0.550000,27.100000,1.710000,0.159000,NA,AM,Cercis,canadensis,Fabaceae,Fabales
341,0.340000,73.600000,1.370000,0.165000,NA,EM,Fagus,grandifolia,Fagaceae,Fagales
342,0.480000,33.500000,1.960000,0.173000,NA,AM,Fraxinus,americana,Oleaceae,Lamiales
343,0.480000,25.200000,1.160000,0.226000,NA,AM,Hamamelis,virginiana,Hamamelidaceae,Saxifragales
344,0.490000,31.000000,2.080000,0.177000,NA,AM,Juglans,nigra,Juglandaceae,Fagales
345,0.770000,22.600000,2.610000,0.100000,NA,AM,Lindera,benzoin,Lauraceae,Laurales
346,0.770000,12.400000,1.510000,0.180000,NA,AM,Liriodendron,tulipifera,Magnoliaceae,Magnoliales
347,0.480000,31.400000,1.340000,0.176000,NA,EM,Pinus,pungens,Pinaceae,Pinales
348,0.510000,37.200000,1.570000,0.145000,NA,EM,Pinus,strobus,Pinaceae,Pinales
349,0.400000,29.900000,1.360000,0.295000,NA,EM,Pinus,virginiana,Pinaceae,Pinales
350,0.340000,87.000000,1.150000,0.136000,NA,AM + EM,Populus,grandidentata,Salicaceae,Malpighiales
351,0.410000,31.900000,1.370000,0.244000,NA,AM,Prunus,serotina,Rosaceae,Rosales
352,0.430000,44.100000,1.420000,0.157000,NA,EM,Quercus,alba,Fagaceae,Fagales
353,0.400000,47.900000,1.320000,0.166000,NA,EM,Quercus,rubra,Fagaceae,Fagales
354,0.450000,75.900000,1.510000,0.090000,NA,AM,Rhus,typhina,Anacardiaceae,Sapindales
355,0.480000,35.500000,1.400000,0.180000,NA,AM,Sassafras,albidum,Lauraceae,Laurales
356,0.440000,39.300000,1.420000,0.172000,NA,EM,Tilia,americana,Malvaceae,Malvales
357,0.500000,19.300000,1.510000,0.272000,NA,EM,Tsuga,canadensis,Pinaceae,Pinales
358,0.370000,79.100000,1.530000,0.122000,NA,AM,Ulmus,rubra,Ulmaceae,Rosales
359,0.130000,259.000000,9.400000,0.230000,NA,NA,Agrostis,capillaris,Poaceae,Poales
360,0.150000,131.000000,6.000000,0.290000,NA,NA,Brachypodium,pinnatum,Poaceae,Poales
361,0.130000,161.000000,8.500000,0.310000,NA,NA,Brachypodium,sylvaticum,Poaceae,Poales
362,0.180000,100.000000,6.000000,0.260000,NA,NA,Bromus,erectus,Poaceae,Poales
363,0.120000,252.000000,10.200000,0.250000,NA,NA,Dactylis,glomerata,Poaceae,Poales
364,0.180000,128.000000,8.600000,0.240000,NA,NA,Deschampsia,cespitosa,Poaceae,Poales
365,0.140000,187.000000,8.900000,0.300000,NA,NA,Festuca,rubra,Poaceae,Poales
366,0.130000,275.000000,10.500000,0.220000,NA,NA,Holcus,lanatus,Poaceae,Poales
367,0.200000,99.000000,7.200000,0.240000,NA,NA,Festuca,arundinacea,Poaceae,Poales
368,0.150000,195.000000,9.400000,0.220000,NA,NA,Lolium,perenne,Poaceae,Poales
369,0.110000,199.000000,9.600000,0.290000,NA,NA,Phleum,pratense,Poaceae,Poales
370,0.440000,25.800000,13.500000,0.500000,NA,AM,Chamaecyparis,obtusa,Cupressaceae,Pinales
371,0.390000,24.600000,11.800000,0.630000,NA,AM,Chamaecyparis,obtusa,Cupressaceae,Pinales
372,0.420000,16.900000,9.200000,0.800000,NA,AM,Chamaecyparis,obtusa,Cupressaceae,Pinales
373,0.368425,210.191106,16.349210,0.050704,1.000000,AM,Adiantum,pedatum,Pteridaceae,Polypodiales
374,0.407793,165.605144,16.349212,0.059155,2.000000,AM,Adiantum,pedatum,Pteridaceae,Polypodiales
375,0.408452,114.649757,15.079373,0.076057,3.000000,AM,Adiantum,pedatum,Pteridaceae,Polypodiales
376,0.223407,136.942761,10.317473,0.097183,1.000000,AM,Athyrium,multidentatum,Athyriaceae,Polypodiales
377,0.249907,84.395024,10.000014,0.139437,2.000000,AM,Athyrium,multidentatum,Athyriaceae,Polypodiales
378,0.353823,22.293150,6.507952,0.338028,3.000000,AM,Athyrium,multidentatum,Athyriaceae,Polypodiales
379,0.265480,116.242146,9.841285,0.105634,1.000000,AM,Athyrium,sinense,Athyriaceae,Polypodiales
380,0.421008,106.688014,8.571445,0.118310,2.000000,AM,Athyrium,sinense,Athyriaceae,Polypodiales
381,0.666821,46.178504,7.619065,0.219719,3.000000,AM,Athyrium,sinense,Athyriaceae,Polypodiales
382,0.339810,251.592356,16.507948,0.046479,1.000000,NA,Cystopteris,sudetica,Cystopteridaceae,Polypodiales
383,0.424373,189.490498,13.650807,0.059155,2.000000,NA,Cystopteris,sudetica,Cystopteridaceae,Polypodiales
384,0.708894,103.503307,8.730176,0.109860,3.000000,NA,Cystopteris,sudetica,Cystopteridaceae,Polypodiales
385,0.478690,85.987398,17.301598,0.067606,1.000000,AM,Equisetum,hyemale,Equisetaceae,Equisetales
386,0.576085,57.325000,16.031758,0.067606,2.000000,AM,Equisetum,hyemale,Equisetaceae,Equisetales
387,0.738064,22.293181,12.539697,0.118310,3.000000,AM,Equisetum,hyemale,Equisetaceae,Equisetales
388,0.243317,254.777067,19.523818,0.038029,1.000000,NA,Equisetum,pratense,Equisetaceae,Equisetales
389,0.385942,232.484093,19.682548,0.042254,2.000000,NA,Equisetum,pratense,Equisetaceae,Equisetales
390,0.425344,122.611573,19.523818,0.059155,3.000000,NA,Equisetum,pratense,Equisetaceae,Equisetales
391,0.214459,261.146489,22.857149,0.050705,1.000000,NA,Matteuccia,struthiopteris,Onocleaceae,Polypodiales
392,0.253861,195.859920,21.428579,0.059155,2.000000,NA,Matteuccia,struthiopteris,Onocleaceae,Polypodiales
393,0.286777,92.356822,19.047628,0.092958,3.000000,NA,Matteuccia,struthiopteris,Onocleaceae,Polypodiales
394,0.250080,148.089260,11.904777,0.067606,1.000000,NA,Onoclea,sensibilis,Onocleaceae,Polypodiales
395,0.263677,101.910954,10.317477,0.101409,2.000000,NA,Onoclea,sensibilis,Onocleaceae,Polypodiales
396,0.496587,28.662607,10.317477,0.194367,3.000000,NA,Onoclea,sensibilis,Onocleaceae,Polypodiales
397,0.176062,235.668804,17.460328,0.054930,1.000000,AM,Athyrium,spinulosum,Athyriaceae,Polypodiales
398,0.183173,85.987401,13.174618,0.139437,2.000000,AM,Athyrium,spinulosum,Athyriaceae,Polypodiales
399,0.377409,9.554343,7.777797,0.405634,3.000000,AM,Athyrium,spinulosum,Athyriaceae,Polypodiales
400,0.212903,191.761193,30.411381,0.068148,1.000000,NA,Juglans,mandshurica,Juglandaceae,Fagales
401,0.248848,143.022554,25.683925,0.102963,1.000000,NA,Juglans,mandshurica,Juglandaceae,Fagales
402,0.251613,112.619855,28.289340,0.100000,1.000000,NA,Fraxinus,mandshurica,Oleaceae,Lamiales
403,0.312443,96.287914,24.480635,0.113333,1.000000,NA,Fraxinus,mandshurica,Oleaceae,Lamiales
404,0.522581,32.331852,29.115530,0.114074,1.000000,NA,Phellodendron,amurense,Rutaceae,Sapindales
405,0.481106,43.777077,21.237580,0.121482,1.000000,NA,Phellodendron,amurense,Rutaceae,Sapindales
406,0.128382,98.828893,20.000000,0.781656,1.000000,AM,Chenopodium,serotinum,Amaranthaceae,Caryophyllales
407,0.181250,67.215385,19.200000,0.576614,2.000000,AM,Chenopodium,serotinum,Amaranthaceae,Caryophyllales
408,0.264000,53.812583,15.500000,0.339483,3.000000,AM,Chenopodium,serotinum,Amaranthaceae,Caryophyllales
409,0.404791,29.367263,14.900000,0.264597,1.000000,AM + EM,Cornus,officinalis,Cornaceae,Cornales
410,0.399497,16.982790,13.000000,0.469759,2.000000,AM + EM,Cornus,officinalis,Cornaceae,Cornales
411,0.525000,8.261260,10.300000,0.559172,3.000000,AM + EM,Cornus,officinalis,Cornaceae,Cornales
412,0.333528,56.149200,19.700000,0.203846,1.000000,AM,Cornus,bretschneideri,Cornaceae,Cornales
413,0.372525,34.540100,12.900000,0.265629,2.000000,AM,Cornus,bretschneideri,Cornaceae,Cornales
414,0.401639,21.552700,12.200000,0.366215,3.000000,AM,Cornus,bretschneideri,Cornaceae,Cornales
415,0.234375,64.316484,16.700000,0.360384,1.000000,AM,Ardisia,depressa,Primulaceae,Ericales
416,0.326531,50.391308,16.200000,0.236977,2.000000,AM,Ardisia,depressa,Primulaceae,Ericales
417,0.380500,40.733115,15.000000,0.215900,3.000000,AM,Ardisia,depressa,Primulaceae,Ericales
418,0.175658,126.849165,14.100000,0.303149,1.000000,AM,Eurya,japonica,Pentaphylacaceae,Ericales
419,0.267500,82.314286,13.700000,0.216166,2.000000,AM,Eurya,japonica,Pentaphylacaceae,Ericales
420,0.376339,34.077381,13.300000,0.263806,3.000000,AM,Eurya,japonica,Pentaphylacaceae,Ericales
421,0.356122,40.003195,13.500000,0.250967,1.000000,AM,Diospyros,strigosa,Ebenaceae,Ericales
422,0.375000,39.765166,12.500000,0.227690,2.000000,AM,Diospyros,strigosa,Ebenaceae,Ericales
423,0.471354,11.731148,7.800000,0.488512,3.000000,AM,Diospyros,strigosa,Ebenaceae,Ericales
424,0.485161,16.306105,12.900000,0.331732,1.000000,AM,Barringtonia,racemosa,Lecythidaceae,Ericales
425,0.580469,12.888689,13.100000,0.293186,2.000000,AM,Barringtonia,racemosa,Lecythidaceae,Ericales
426,0.690625,7.879601,11.700000,0.338783,3.000000,AM,Barringtonia,racemosa,Lecythidaceae,Ericales
427,0.282292,56.472938,11.800000,0.320954,1.000000,AM,Myrsine,seguinii,Primulaceae,Ericales
428,0.424185,29.986065,11.800000,0.235349,2.000000,AM,Myrsine,seguinii,Primulaceae,Ericales
429,0.691667,21.193139,10.600000,0.125580,3.000000,AM,Myrsine,seguinii,Primulaceae,Ericales
430,0.210437,57.213646,23.400000,0.502535,1.000000,EM,Betula,albosinensis,Betulaceae,Fagales
431,0.199667,70.037500,21.400000,0.456004,2.000000,EM,Betula,albosinensis,Betulaceae,Fagales
432,0.315000,24.813800,15.500000,0.517125,3.000000,EM,Betula,albosinensis,Betulaceae,Fagales
433,0.146528,63.686103,14.000000,0.931163,1.000000,EM,Carpinus,cordata,Betulaceae,Fagales
434,0.151000,56.518987,12.900000,0.988011,2.000000,EM,Carpinus,cordata,Betulaceae,Fagales
435,0.198837,26.172680,8.600000,1.230457,3.000000,EM,Carpinus,cordata,Betulaceae,Fagales
436,0.145122,88.854820,19.000000,0.680398,1.000000,EM,Quercus,aliena,Fagaceae,Fagales
437,0.232927,52.300000,12.400000,0.448714,2.000000,EM,Quercus,aliena,Fagaceae,Fagales
438,0.282282,29.287149,10.100000,0.545592,3.000000,EM,Quercus,aliena,Fagaceae,Fagales
439,0.139626,80.163903,29.700000,0.814704,1.000000,EM,Quercus,variabilis,Fagaceae,Fagales
440,0.265833,50.708661,25.800000,0.355311,2.000000,EM,Quercus,variabilis,Fagaceae,Fagales
441,0.506731,10.453721,21.600000,0.474334,3.000000,EM,Quercus,variabilis,Fagaceae,Fagales
442,0.130901,78.573265,18.600000,0.945697,1.000000,EM,Quercus,wutaishanica,Fagaceae,Fagales
443,0.150750,72.587069,15.500000,0.771856,2.000000,EM,Quercus,wutaishanica,Fagaceae,Fagales
444,0.186413,44.114053,12.000000,0.830578,3.000000,EM,Quercus,wutaishanica,Fagaceae,Fagales
445,0.677000,19.926000,23.900000,0.139000,1.000000,AM,Ginkgo,biloba,Ginkgoaceae,Ginkgoales
446,0.317857,47.680269,19.100000,0.264306,1.000000,AM,Fraxinus,chinensis,Oleaceae,Lamiales
447,0.410169,33.794079,13.200000,0.223946,2.000000,AM,Fraxinus,chinensis,Oleaceae,Lamiales
448,0.516327,13.469900,10.900000,0.354566,3.000000,AM,Fraxinus,chinensis,Oleaceae,Lamiales
449,0.422500,36.154200,20.500000,0.197287,1.000000,AM,Fraxinus,chinensis,Oleaceae,Lamiales
450,0.457500,27.900000,18.300000,0.218034,2.000000,AM,Fraxinus,chinensis,Oleaceae,Lamiales
451,0.587500,13.300000,9.400000,0.277359,3.000000,AM,Fraxinus,chinensis,Oleaceae,Lamiales
452,0.285963,105.835707,25.500000,0.147116,1.000000,AM + EM,Syringa,reticulata,Oleaceae,Lamiales
453,0.397340,51.619953,23.000000,0.156231,2.000000,AM + EM,Syringa,reticulata,Oleaceae,Lamiales
454,0.875000,23.166369,19.600000,0.071785,3.000000,AM + EM,Syringa,reticulata,Oleaceae,Lamiales
455,0.437750,33.097766,23.400000,0.200752,1.000000,AM,Cryptocarya,concinna,Lauraceae,Laurales
456,0.521000,22.230303,22.300000,0.211003,2.000000,AM,Cryptocarya,concinna,Lauraceae,Laurales
457,0.735119,6.681505,15.300000,0.352631,3.000000,AM,Cryptocarya,concinna,Lauraceae,Laurales
458,0.442438,28.444444,21.900000,0.228669,1.000000,AM,Machilus,breviflora,Lauraceae,Laurales
459,0.493608,20.684856,22.900000,0.252635,2.000000,AM,Machilus,breviflora,Lauraceae,Laurales
460,0.564432,15.711485,21.700000,0.254372,3.000000,AM,Machilus,breviflora,Lauraceae,Laurales
461,0.339660,37.866379,26.200000,0.291451,1.000000,AM,Ocotea,lancifolia,Lauraceae,Laurales
462,0.406481,29.646745,22.800000,0.259927,2.000000,AM,Ocotea,lancifolia,Lauraceae,Laurales
463,0.507609,18.093849,19.100000,0.273100,3.000000,AM,Ocotea,lancifolia,Lauraceae,Laurales
464,0.410938,72.386673,29.100000,0.104160,1.000000,AM,Cinnamomum,camphora,Lauraceae,Laurales
465,0.490125,50.889429,24.900000,0.104152,2.000000,AM,Cinnamomum,camphora,Lauraceae,Laurales
466,0.596154,13.732932,19.000000,0.260874,3.000000,AM,Cinnamomum,camphora,Lauraceae,Laurales
467,0.395000,38.767334,20.500000,0.210499,1.000000,AM,Lindera,communis,Lauraceae,Laurales
468,0.495250,14.436908,16.800000,0.359573,2.000000,AM,Lindera,communis,Lauraceae,Laurales
469,0.688088,9.543119,13.500000,0.281794,3.000000,AM,Lindera,communis,Lauraceae,Laurales
470,0.614634,16.585420,18.100000,0.203212,1.000000,AM,Goniothalamus,griffithii,Annonaceae,Magnoliales
471,0.816216,7.838756,16.200000,0.243811,2.000000,AM,Goniothalamus,griffithii,Annonaceae,Magnoliales
472,0.983889,4.687756,14.500000,0.280578,3.000000,AM,Goniothalamus,griffithii,Annonaceae,Magnoliales
473,0.585000,23.294000,21.600000,0.160000,1.000000,AM,Liriodendron,chinense,Magnoliaceae,Magnoliales
474,0.543000,31.403000,24.900000,0.138000,1.000000,AM,Magnolia,championii,Magnoliaceae,Magnoliales
475,0.485119,27.776778,22.600000,0.165749,1.000000,AM,Magnolia,macclurei,Magnoliaceae,Magnoliales
476,0.523000,20.733938,21.700000,0.187839,2.000000,AM,Magnolia,macclurei,Magnoliaceae,Magnoliales
477,0.620000,13.125850,20.200000,0.224167,3.000000,AM,Magnolia,macclurei,Magnoliaceae,Magnoliales
478,0.583000,27.663000,22.300000,0.135000,1.000000,AM,Magnolia,maudiae,Magnoliaceae,Magnoliales
479,0.813000,13.978000,26.750000,0.138000,1.000000,AM,Magnolia,ernestii,Magnoliaceae,Magnoliales
480,0.591000,18.500000,27.300000,0.197000,1.000000,AM,Magnolia,odora,Magnoliaceae,Magnoliales
481,0.848165,4.774159,11.300000,0.370725,1.000000,AM,Knema,erratica,Myristicaceae,Magnoliales
482,0.962353,4.614693,11.500000,0.297919,2.000000,AM,Knema,erratica,Myristicaceae,Magnoliales
483,1.101923,2.682019,9.500000,0.390972,3.000000,AM,Knema,erratica,Myristicaceae,Magnoliales
484,0.145000,110.673933,17.600000,0.547178,1.000000,AM + EM,Populus,cathayana,Salicaceae,Malpighiales
485,0.125000,93.621047,15.500000,0.870395,2.000000,AM + EM,Populus,cathayana,Salicaceae,Malpighiales
486,0.158654,49.623000,10.300000,1.019354,3.000000,AM + EM,Populus,cathayana,Salicaceae,Malpighiales
487,0.205303,159.434040,27.800000,0.189469,1.000000,AM,Macaranga,sampsonii,Euphorbiaceae,Malpighiales
488,0.260142,96.348134,25.400000,0.195275,2.000000,AM,Macaranga,sampsonii,Euphorbiaceae,Malpighiales
489,0.312791,49.018662,20.600000,0.265486,3.000000,AM,Macaranga,sampsonii,Euphorbiaceae,Malpighiales
490,0.354400,75.742245,20.200000,0.133840,1.000000,AM,Tilia,mandshurica,Malvaceae,Malvales
491,0.259406,71.287129,18.200000,0.265423,2.000000,AM,Tilia,mandshurica,Malvaceae,Malvales
492,0.293023,49.397841,14.700000,0.300191,3.000000,AM,Tilia,mandshurica,Malvaceae,Malvales
493,0.186502,68.711451,22.000000,0.532736,1.000000,EM,Tilia,mongolica,Malvaceae,Malvales
494,0.217975,61.593743,19.900000,0.435070,2.000000,EM,Tilia,mongolica,Malvaceae,Malvales
495,0.226449,42.802268,16.000000,0.580098,3.000000,EM,Tilia,mongolica,Malvaceae,Malvales
496,0.202760,88.050123,16.200000,0.351736,1.000000,AM,Memecylon,nigrescens,Melastomataceae,Myrtales
497,0.252804,82.107136,14.900000,0.242640,2.000000,AM,Memecylon,nigrescens,Melastomataceae,Myrtales
498,0.310185,78.154443,11.800000,0.169322,3.000000,AM,Memecylon,nigrescens,Melastomataceae,Myrtales
499,0.133740,88.701107,19.300000,0.802527,1.000000,AM,Syzygium,hancei,Myrtaceae,Myrtales
500,0.194250,79.526809,14.100000,0.424301,2.000000,AM,Syzygium,hancei,Myrtaceae,Myrtales
501,0.289815,37.874134,10.500000,0.400245,3.000000,AM,Syzygium,hancei,Myrtaceae,Myrtales
502,0.174000,126.493000,15.800000,0.333000,1.000000,AM,Syzygium,levinei,Myrtaceae,Myrtales
503,0.255065,46.978000,15.000000,0.417000,2.000000,AM,Syzygium,levinei,Myrtaceae,Myrtales
504,0.373000,25.276000,12.300000,0.362000,3.000000,AM,Syzygium,levinei,Myrtaceae,Myrtales
505,0.322222,41.727000,11.533333,0.293888,1.000000,EM,Larix,gmelinii,Pinaceae,Pinales
506,0.370673,32.010000,10.633333,0.289496,2.000000,EM,Larix,gmelinii,Pinaceae,Pinales
507,0.467000,20.782000,8.788889,0.280924,3.000000,EM,Larix,gmelinii,Pinaceae,Pinales
508,0.279044,48.494320,16.300000,0.337189,1.000000,EM,Picea,meyeri,Pinaceae,Pinales
509,0.337885,38.562704,13.800000,0.289205,2.000000,EM,Picea,meyeri,Pinaceae,Pinales
510,0.428061,20.417250,11.900000,0.340331,3.000000,EM,Picea,meyeri,Pinaceae,Pinales
511,0.264039,66.492941,13.900000,0.274661,1.000000,EM,Picea,wilsonii,Pinaceae,Pinales
512,0.267500,47.656492,13.400000,0.373371,2.000000,EM,Picea,wilsonii,Pinaceae,Pinales
513,0.318182,27.500000,11.100000,0.457327,3.000000,EM,Picea,wilsonii,Pinaceae,Pinales
514,0.268060,43.014008,14.000000,0.411941,1.000000,EM,Pinus,armandii,Pinaceae,Pinales
515,0.321173,30.682353,12.000000,0.402293,2.000000,EM,Pinus,armandii,Pinaceae,Pinales
516,0.508333,8.685185,8.600000,0.567328,3.000000,EM,Pinus,armandii,Pinaceae,Pinales
517,0.314385,37.390549,16.400000,0.344528,1.000000,EM,Pinus,tabuliformis,Pinaceae,Pinales
518,0.336957,35.718791,14.400000,0.313954,2.000000,EM,Pinus,tabuliformis,Pinaceae,Pinales
519,0.375781,27.171053,12.200000,0.331844,3.000000,EM,Pinus,tabuliformis,Pinaceae,Pinales
520,0.489706,38.387421,17.200000,0.138309,1.000000,AM,Dacrycarpus,imbricatus,Podocarpaceae,Pinales
521,0.216477,68.141185,11.000000,0.398727,2.000000,AM,Dacrycarpus,imbricatus,Podocarpaceae,Pinales
522,0.285606,33.195438,9.900000,0.470215,3.000000,AM,Dacrycarpus,imbricatus,Podocarpaceae,Pinales
523,0.222441,65.217265,17.900000,0.394565,1.000000,AM,Ulmus,macrocarpa,Ulmaceae,Rosales
524,0.279545,54.508221,14.800000,0.298912,2.000000,AM,Ulmus,macrocarpa,Ulmaceae,Rosales
525,0.333491,31.142485,12.100000,0.367612,3.000000,AM,Ulmus,macrocarpa,Ulmaceae,Rosales
526,0.254745,61.113426,25.100000,0.321041,1.000000,AM + EM,Ulmus,davidiana,Ulmaceae,Rosales
527,0.248649,47.000000,21.200000,0.438167,2.000000,AM + EM,Ulmus,davidiana,Ulmaceae,Rosales
528,0.335417,27.767857,18.200000,0.407567,3.000000,AM + EM,Ulmus,davidiana,Ulmaceae,Rosales
529,0.235897,71.429697,19.000000,0.320321,1.000000,AM,Malus,baccata,Rosaceae,Rosales
530,0.290000,45.532020,18.700000,0.332504,2.000000,AM,Malus,baccata,Rosaceae,Rosales
531,0.476923,23.182418,16.800000,0.241465,3.000000,AM,Malus,baccata,Rosaceae,Rosales
532,0.476089,17.687246,12.000000,0.317595,1.000000,AM,Pyrus,betulifolia,Rosaceae,Rosales
533,0.563401,12.159472,10.400000,0.329883,2.000000,AM,Pyrus,betulifolia,Rosaceae,Rosales
534,0.644118,8.033898,8.700000,0.381991,3.000000,AM,Pyrus,betulifolia,Rosaceae,Rosales
535,0.198026,59.778895,18.400000,0.543146,1.000000,AM,Sorbus,aucuparia,Rosaceae,Rosales
536,0.227381,53.654101,16.200000,0.458986,2.000000,AM,Sorbus,aucuparia,Rosaceae,Rosales
537,0.272340,33.324327,13.700000,0.515139,3.000000,AM,Sorbus,aucuparia,Rosaceae,Rosales
538,0.173529,172.282166,24.900000,0.396770,1.000000,AM,Aphanamixis,polystachya,Meliaceae,Sapindales
539,0.228500,89.948337,23.700000,0.355251,2.000000,AM,Aphanamixis,polystachya,Meliaceae,Sapindales
540,0.331000,32.067836,15.500000,0.375355,3.000000,AM,Aphanamixis,polystachya,Meliaceae,Sapindales
541,0.886523,9.100845,22.300000,0.178011,1.000000,AM,Dysoxylum,excelsum,Meliaceae,Sapindales
542,1.001667,6.827040,21.400000,0.185879,2.000000,AM,Dysoxylum,excelsum,Meliaceae,Sapindales
543,1.102500,5.301325,21.200000,0.197592,3.000000,AM,Dysoxylum,excelsum,Meliaceae,Sapindales
544,0.294000,91.167000,22.000000,0.162000,1.000000,AM,Acronychia,pedunculata,Rutaceae,Sapindales
545,0.344863,52.070000,20.300000,0.206000,2.000000,AM,Acronychia,pedunculata,Rutaceae,Sapindales
546,0.458000,29.441000,17.700000,0.206000,3.000000,AM,Acronychia,pedunculata,Rutaceae,Sapindales
547,0.211538,77.804964,23.100000,0.365699,1.000000,AM,Canarium,album,Burseraceae,Sapindales
548,0.265625,75.473266,21.700000,0.239100,2.000000,AM,Canarium,album,Burseraceae,Sapindales
549,0.398438,56.573353,18.000000,0.141768,3.000000,AM,Canarium,album,Burseraceae,Sapindales
550,0.238795,108.303670,19.400000,0.206166,1.000000,AM,Acer,davidii,Sapindaceae,Sapindales
551,0.255288,68.377309,17.400000,0.285717,2.000000,AM,Acer,davidii,Sapindaceae,Sapindales
552,0.288274,32.080537,16.600000,0.477591,3.000000,AM,Acer,davidii,Sapindaceae,Sapindales
553,0.257219,59.247784,18.600000,0.324811,1.000000,AM + EM,Acer,truncatum,Sapindaceae,Sapindales
554,0.283178,55.472897,17.700000,0.286228,2.000000,AM + EM,Acer,truncatum,Sapindaceae,Sapindales
555,0.345455,48.454545,15.000000,0.220188,3.000000,AM + EM,Acer,truncatum,Sapindaceae,Sapindales
556,0.305000,46.556000,14.600000,0.294000,1.000000,AM,Rhodoleia,championii,Hamamelidaceae,Saxifragales
557,0.196800,75.100000,10.877195,0.600000,1.000000,NA,Dicranopteris,linearis,Gleicheniaceae,Gleicheniales
558,0.255590,30.180000,7.368425,0.470000,2.000000,NA,Dicranopteris,linearis,Gleicheniaceae,Gleicheniales
559,0.412340,13.310000,7.894742,0.500000,3.000000,NA,Dicranopteris,linearis,Gleicheniaceae,Gleicheniales
560,0.286470,60.960000,33.157900,0.220000,1.000000,NA,Acacia,auriculiformis,Fabaceae,Fabales
561,0.362030,38.780000,26.140359,0.270000,2.000000,NA,Acacia,auriculiformis,Fabaceae,Fabales
562,0.509850,21.930000,25.964921,0.340000,3.000000,NA,Acacia,auriculiformis,Fabaceae,Fabales
563,0.539900,17.680000,9.298261,0.360000,1.000000,NA,Gordonia,axillaris,Theaceae,Ericales
564,0.630630,11.310000,8.771946,0.370000,2.000000,NA,Gordonia,axillaris,Theaceae,Ericales
565,0.659870,6.860000,7.193000,0.430000,3.000000,NA,Gordonia,axillaris,Theaceae,Ericales
566,0.558090,48.680000,19.473699,0.210000,1.000000,NA,Cunninghamia,lanceolata,Cupressaceae,Pinales
567,0.488530,30.430000,17.543876,0.250000,2.000000,NA,Cunninghamia,lanceolata,Cupressaceae,Pinales
568,0.532010,15.080000,14.736860,0.240000,3.000000,NA,Cunninghamia,lanceolata,Cupressaceae,Pinales
569,0.574500,19.330000,25.263170,0.280000,1.000000,NA,Magnolia,baillonii,Magnoliaceae,Magnoliales
570,0.745190,8.710000,24.385977,0.240000,2.000000,NA,Magnolia,baillonii,Magnoliaceae,Magnoliales
571,0.866270,6.830000,20.701769,0.210000,3.000000,NA,Magnolia,baillonii,Magnoliaceae,Magnoliales
572,0.748890,6.570000,28.245624,0.280000,1.000000,NA,Endospermum,chinense,Euphorbiaceae,Malpighiales
573,1.133340,5.450000,25.964924,0.250000,2.000000,NA,Endospermum,chinense,Euphorbiaceae,Malpighiales
574,1.240000,3.770000,23.157908,0.270000,3.000000,NA,Endospermum,chinense,Euphorbiaceae,Malpighiales
575,0.982230,7.510000,25.087732,0.200000,1.000000,NA,Cryptocarya,chinensis,Lauraceae,Laurales
576,1.133750,7.570000,23.684224,0.250000,2.000000,NA,Cryptocarya,chinensis,Lauraceae,Laurales
577,1.170000,2.510000,22.105278,0.490000,3.000000,NA,Cryptocarya,chinensis,Lauraceae,Laurales
578,0.240000,39.300000,22.142484,0.550000,1.000000,NA,Acer,negundo,Sapindaceae,Sapindales
579,0.290000,26.270000,16.615318,0.560000,2.000000,NA,Acer,negundo,Sapindaceae,Sapindales
580,0.390000,14.270000,9.463841,0.590000,3.000000,NA,Acer,negundo,Sapindaceae,Sapindales
581,0.220000,45.800000,16.448025,0.560000,1.000000,NA,Acer,negundo,Sapindaceae,Sapindales
582,0.250000,39.310000,14.440863,0.500000,2.000000,NA,Acer,negundo,Sapindaceae,Sapindales
583,0.310000,18.030000,11.493144,0.740000,3.000000,NA,Acer,negundo,Sapindaceae,Sapindales
584,0.220000,48.470000,16.537323,0.540000,1.000000,NA,Acer,negundo,Sapindaceae,Sapindales
585,0.240000,40.840000,14.950191,0.540000,2.000000,NA,Acer,negundo,Sapindaceae,Sapindales
586,0.270000,26.210000,12.687929,0.670000,3.000000,NA,Acer,negundo,Sapindaceae,Sapindales
587,0.240000,42.250000,15.420367,0.530000,1.000000,NA,Acer,rubrum,Sapindaceae,Sapindales
588,0.290000,28.010000,9.087515,0.560000,2.000000,NA,Acer,rubrum,Sapindaceae,Sapindales
589,0.430000,12.530000,9.835100,0.560000,3.000000,NA,Acer,rubrum,Sapindaceae,Sapindales
590,0.270000,46.630000,12.432009,0.390000,1.000000,NA,Acer,rubrum,Sapindaceae,Sapindales
591,0.270000,35.820000,13.495426,0.480000,2.000000,NA,Acer,rubrum,Sapindaceae,Sapindales
592,0.320000,18.580000,11.822540,0.660000,3.000000,NA,Acer,rubrum,Sapindaceae,Sapindales
593,0.260000,49.710000,16.812671,0.390000,1.000000,NA,Acer,rubrum,Sapindaceae,Sapindales
594,0.280000,34.720000,14.054037,0.470000,2.000000,NA,Acer,rubrum,Sapindaceae,Sapindales
595,0.330000,23.280000,10.162121,0.510000,3.000000,NA,Acer,rubrum,Sapindaceae,Sapindales
596,0.230000,39.960000,14.413512,0.580000,1.000000,NA,Acer,saccharum,Sapindaceae,Sapindales
597,0.280000,23.390000,10.225325,0.680000,2.000000,NA,Acer,saccharum,Sapindaceae,Sapindales
598,0.360000,10.690000,7.940837,0.950000,3.000000,NA,Acer,saccharum,Sapindaceae,Sapindales
599,0.200000,50.140000,14.098279,0.630000,1.000000,NA,Acer,saccharum,Sapindaceae,Sapindales
600,0.240000,37.760000,11.745067,0.590000,2.000000,NA,Acer,saccharum,Sapindaceae,Sapindales
601,0.310000,26.030000,9.065092,0.510000,3.000000,NA,Acer,saccharum,Sapindaceae,Sapindales
602,0.240000,45.170000,14.581389,0.490000,1.000000,NA,Acer,saccharum,Sapindaceae,Sapindales
603,0.260000,36.700000,13.708748,0.510000,2.000000,NA,Acer,saccharum,Sapindaceae,Sapindales
604,0.320000,18.550000,8.141646,0.690000,3.000000,NA,Acer,saccharum,Sapindaceae,Sapindales
605,0.200000,38.470000,14.267335,0.830000,2.000000,NA,Carya,glabra,Juglandaceae,Fagales
606,0.270000,20.980000,15.871356,0.840000,3.000000,NA,Carya,glabra,Juglandaceae,Fagales
607,0.160000,81.280000,14.700037,0.580000,1.000000,NA,Carya,glabra,Juglandaceae,Fagales
608,0.190000,34.650000,9.442823,0.980000,3.000000,NA,Carya,glabra,Juglandaceae,Fagales
609,0.140000,92.640000,20.352814,0.740000,1.000000,NA,Carya,glabra,Juglandaceae,Fagales
610,0.150000,60.620000,10.074807,0.990000,2.000000,NA,Carya,glabra,Juglandaceae,Fagales
611,0.200000,30.330000,7.666249,1.050000,3.000000,NA,Carya,glabra,Juglandaceae,Fagales
612,0.320000,14.340000,20.671225,0.850000,1.000000,NA,Juglans,nigra,Juglandaceae,Fagales
613,0.300000,14.560000,17.828549,0.950000,2.000000,NA,Juglans,nigra,Juglandaceae,Fagales
614,0.450000,6.300000,14.477307,1.000000,3.000000,NA,Juglans,nigra,Juglandaceae,Fagales
615,0.250000,24.870000,21.433241,0.830000,1.000000,NA,Juglans,nigra,Juglandaceae,Fagales
616,0.220000,36.440000,15.352474,0.720000,2.000000,NA,Juglans,nigra,Juglandaceae,Fagales
617,0.270000,31.670000,13.993444,0.540000,3.000000,NA,Juglans,nigra,Juglandaceae,Fagales
618,0.270000,21.370000,19.098153,0.810000,1.000000,NA,Juglans,nigra,Juglandaceae,Fagales
619,0.240000,29.760000,15.325620,0.760000,2.000000,NA,Juglans,nigra,Juglandaceae,Fagales
620,0.330000,14.170000,10.246036,0.850000,3.000000,NA,Juglans,nigra,Juglandaceae,Fagales
621,0.660000,10.200000,26.078796,0.280000,1.000000,NA,Liriodendron,tulipifera,Magnoliaceae,Magnoliales
622,0.690000,12.880000,10.324562,0.210000,2.000000,NA,Liriodendron,tulipifera,Magnoliaceae,Magnoliales
623,1.100000,4.590000,20.782261,0.230000,3.000000,NA,Liriodendron,tulipifera,Magnoliaceae,Magnoliales
624,0.680000,7.550000,11.866350,0.360000,1.000000,NA,Liriodendron,tulipifera,Magnoliaceae,Magnoliales
625,0.760000,6.870000,15.406250,0.320000,2.000000,NA,Liriodendron,tulipifera,Magnoliaceae,Magnoliales
626,0.830000,4.800000,16.268497,0.380000,3.000000,NA,Liriodendron,tulipifera,Magnoliaceae,Magnoliales
627,0.190000,58.700000,17.900621,0.610000,1.000000,NA,Pinus,strobus,Pinaceae,Pinales
628,0.230000,37.770000,15.649107,0.640000,2.000000,NA,Pinus,strobus,Pinaceae,Pinales
629,0.340000,14.740000,12.422135,0.760000,3.000000,NA,Pinus,strobus,Pinaceae,Pinales
630,0.280000,23.600000,14.677929,0.670000,1.000000,NA,Pinus,strobus,Pinaceae,Pinales
631,0.320000,20.130000,12.387321,0.610000,2.000000,NA,Pinus,strobus,Pinaceae,Pinales
632,0.490000,9.030000,10.624837,0.590000,3.000000,NA,Pinus,strobus,Pinaceae,Pinales
633,0.310000,18.020000,12.262557,0.740000,1.000000,NA,Pinus,strobus,Pinaceae,Pinales
634,0.360000,14.420000,13.522910,0.690000,2.000000,NA,Pinus,strobus,Pinaceae,Pinales
635,0.470000,7.730000,11.039256,0.730000,3.000000,NA,Pinus,strobus,Pinaceae,Pinales
636,0.260000,24.440000,13.900338,0.790000,2.000000,NA,Pinus,virginiana,Pinaceae,Pinales
637,0.320000,17.620000,13.516411,0.710000,3.000000,NA,Pinus,virginiana,Pinaceae,Pinales
638,0.210000,34.310000,21.186228,0.840000,1.000000,NA,Pinus,virginiana,Pinaceae,Pinales
639,0.240000,29.180000,16.701288,0.740000,2.000000,NA,Pinus,virginiana,Pinaceae,Pinales
640,0.320000,16.470000,15.763885,0.750000,3.000000,NA,Pinus,virginiana,Pinaceae,Pinales
641,0.250000,29.620000,11.135874,0.690000,1.000000,NA,Pinus,virginiana,Pinaceae,Pinales
642,0.280000,27.240000,11.141253,0.600000,2.000000,NA,Pinus,virginiana,Pinaceae,Pinales
643,0.400000,12.340000,8.733606,0.650000,3.000000,NA,Pinus,virginiana,Pinaceae,Pinales
644,0.170000,61.610000,9.270367,0.680000,1.000000,NA,Populus,tremuloides,Salicaceae,Malpighiales
645,0.220000,72.130000,10.236903,0.360000,2.000000,NA,Populus,tremuloides,Salicaceae,Malpighiales
646,0.360000,16.890000,7.009326,0.590000,3.000000,NA,Populus,tremuloides,Salicaceae,Malpighiales
647,0.160000,64.890000,12.435890,0.730000,1.000000,NA,Populus,tremuloides,Salicaceae,Malpighiales
648,0.190000,42.350000,9.633629,0.810000,2.000000,NA,Populus,tremuloides,Salicaceae,Malpighiales
649,0.260000,20.740000,7.665268,0.910000,3.000000,NA,Populus,tremuloides,Salicaceae,Malpighiales
650,0.170000,68.970000,16.152517,0.610000,1.000000,NA,Populus,tremuloides,Salicaceae,Malpighiales
651,0.190000,50.190000,11.319965,0.680000,2.000000,NA,Populus,tremuloides,Salicaceae,Malpighiales
652,0.230000,33.700000,9.357616,0.740000,3.000000,NA,Populus,tremuloides,Salicaceae,Malpighiales
653,0.210000,37.930000,15.711980,0.740000,1.000000,NA,Quercus,alba,Fagaceae,Fagales
654,0.230000,30.650000,13.880147,0.770000,2.000000,NA,Quercus,alba,Fagaceae,Fagales
655,0.320000,14.370000,13.789302,0.880000,3.000000,NA,Quercus,alba,Fagaceae,Fagales
656,0.160000,81.120000,13.629181,0.610000,1.000000,NA,Quercus,alba,Fagaceae,Fagales
657,0.170000,55.970000,10.503110,0.830000,2.000000,NA,Quercus,alba,Fagaceae,Fagales
658,0.200000,37.800000,9.492177,0.870000,3.000000,NA,Quercus,alba,Fagaceae,Fagales
659,0.150000,70.280000,20.906579,0.860000,1.000000,NA,Quercus,rubra,Fagaceae,Fagales
660,0.170000,52.210000,10.625175,0.840000,2.000000,NA,Quercus,rubra,Fagaceae,Fagales
661,0.240000,22.640000,8.046221,0.940000,3.000000,NA,Quercus,rubra,Fagaceae,Fagales
662,0.150000,67.370000,14.022176,0.820000,1.000000,NA,Quercus,rubra,Fagaceae,Fagales
663,0.170000,64.190000,11.554824,0.660000,2.000000,NA,Quercus,rubra,Fagaceae,Fagales
664,0.210000,43.040000,8.088725,0.700000,3.000000,NA,Quercus,rubra,Fagaceae,Fagales
665,0.200000,54.940000,16.257050,0.570000,1.000000,NA,Quercus,rubra,Fagaceae,Fagales
666,0.200000,42.750000,11.678735,0.740000,2.000000,NA,Quercus,rubra,Fagaceae,Fagales
667,0.240000,27.280000,9.818303,0.790000,3.000000,NA,Quercus,rubra,Fagaceae,Fagales
668,0.440000,14.070000,22.488709,0.460000,1.000000,NA,Sassafras,albidum,Lauraceae,Laurales
669,0.550000,10.110000,18.916645,0.420000,2.000000,NA,Sassafras,albidum,Lauraceae,Laurales
670,0.760000,4.880000,14.096637,0.450000,3.000000,NA,Sassafras,albidum,Lauraceae,Laurales
671,0.560000,15.150000,18.457224,0.270000,1.000000,NA,Sassafras,albidum,Lauraceae,Laurales
672,0.570000,12.680000,20.014234,0.300000,2.000000,NA,Sassafras,albidum,Lauraceae,Laurales
673,0.650000,8.060000,18.146375,0.380000,3.000000,NA,Sassafras,albidum,Lauraceae,Laurales
674,0.620000,12.170000,16.328784,0.270000,1.000000,NA,Sassafras,albidum,Lauraceae,Laurales
675,0.630000,10.370000,15.674903,0.310000,2.000000,NA,Sassafras,albidum,Lauraceae,Laurales
676,0.720000,6.240000,14.466249,0.400000,3.000000,NA,Sassafras,albidum,Lauraceae,Laurales
677,0.630000,14.000000,13.000000,0.240000,NA,AM,Agathis,australis,Araucariaceae,Pinales
678,0.510000,27.800000,14.200000,0.210000,NA,AM,Dacrydium,cupressinum,Podocarpaceae,Pinales
679,0.600000,17.800000,14.100000,0.210000,NA,AM,Dacrycarpus,dacrydioides,Podocarpaceae,Pinales
680,0.640000,11.000000,12.100000,0.300000,NA,AM,Halocarpus,biformis,Podocarpaceae,Pinales
681,0.650000,14.300000,18.100000,0.220000,NA,AM,Halocarpus,kirkii,Podocarpaceae,Pinales
682,0.600000,12.400000,14.200000,0.270000,NA,AM,Phyllocladus,trichomanoides,Podocarpaceae,Pinales
683,0.760000,16.500000,14.500000,0.150000,NA,AM,Phyllocladus,trichomanoides,Podocarpaceae,Pinales
684,0.900000,8.400000,17.900000,0.190000,NA,AM,Podocarpus,cunninghamii,Podocarpaceae,Pinales
685,0.930000,6.700000,11.300000,0.230000,NA,AM,Prumnopitys,ferruginea,Podocarpaceae,Pinales
686,0.750000,11.000000,13.800000,0.210000,NA,AM,Prumnopitys,taxifolia,Podocarpaceae,Pinales
687,0.360000,52.000000,14.900000,0.200000,NA,AM,Caldcluvia,rosifolia,Cunoniaceae,Oxalidales
688,0.430000,44.700000,21.700000,0.170000,NA,AM,Alectryon,excelsus,Sapindaceae,Sapindales
689,0.370000,82.300000,12.400000,0.120000,NA,AM,Aristotelia,serrata,Elaeocarpaceae,Oxalidales
690,0.530000,30.800000,14.700000,0.150000,NA,AM,Carpodetus,serratus,Rousseaceae,Asterales
691,0.560000,22.300000,13.900000,0.200000,NA,AM,Coprosma,linariifolia,Rubiaceae,Gentianales
692,0.590000,23.800000,34.200000,0.160000,NA,AM,Corynocarpus,laevigatus,Corynocarpaceae,Cucurbitales
693,0.220000,130.500000,9.700000,0.230000,NA,ErM,Dracophyllum,longifolium,Ericaceae,Ericales
694,0.990000,7.100000,20.600000,0.190000,NA,AM,Dysoxylum,spectabile,Meliaceae,Sapindales
695,0.420000,33.400000,15.300000,0.210000,NA,AM,Elaeocarpus,hookerianus,Elaeocarpaceae,Oxalidales
696,0.340000,84.000000,13.600000,0.130000,NA,AM,Fuchsia,excorticata,Onagraceae,Myrtales
697,0.290000,78.000000,17.300000,0.240000,NA,EM,Nothofagus,solandri,Nothofagaceae,Fagales
698,0.310000,55.300000,17.600000,0.270000,NA,EM,Nothofagus,fusca,Nothofagaceae,Fagales
699,0.240000,103.800000,14.500000,0.240000,NA,EM,Nothofagus,solandri,Nothofagaceae,Fagales
700,0.280000,65.800000,11.000000,0.300000,NA,EM,Nothofagus,fusca,Nothofagaceae,Fagales
701,0.540000,38.000000,25.100000,0.120000,NA,AM,Hoheria,lyallii,Malvaceae,Malvales
702,0.780000,23.900000,25.400000,0.090000,NA,AM,Hoheria,sexstylosa,Malvaceae,Malvales
703,0.400000,43.700000,16.100000,0.190000,NA,NM,Knightia,excelsa,Proteaceae,Proteales
704,0.370000,97.100000,16.500000,0.130000,NA,AM + EM,Leptospermum,scoparium,Myrtaceae,Myrtales
705,0.360000,35.400000,17.100000,0.310000,NA,EM,Nothofagus,obliqua,Nothofagaceae,Fagales
706,0.540000,48.900000,18.200000,0.100000,NA,AM,Melicytus,ramiflorus,Violaceae,Malpighiales
707,0.490000,24.300000,11.500000,0.240000,NA,AM,Metrosideros,excelsa,Myrtaceae,Myrtales
708,0.430000,47.600000,12.400000,0.160000,NA,AM,Metrosideros,robusta,Myrtaceae,Myrtales
709,0.400000,42.500000,15.300000,0.210000,NA,AM,Metrosideros,umbellata,Myrtaceae,Myrtales
710,0.410000,40.300000,12.200000,0.200000,NA,AM,Rapanea,australis,Primulaceae,Ericales
711,0.360000,41.600000,16.100000,0.250000,NA,AM,Rapanea,divaricata,Primulaceae,Ericales
712,0.480000,29.300000,12.000000,0.200000,NA,AM,Myrsine,coriacea,Primulaceae,Ericales
713,0.750000,11.000000,14.600000,0.220000,NA,AM,Nestegis,lanceolata,Oleaceae,Lamiales
714,0.470000,59.600000,22.400000,0.110000,NA,AM,Olearia,rani,Asteraceae,Asterales
715,0.500000,34.400000,20.600000,0.150000,NA,AM,Pennantia,corymbosa,Pennantiaceae,Apiales
716,0.420000,49.500000,13.900000,0.150000,NA,AM,Pittosporum,eugenioides,Pittosporaceae,Apiales
717,0.440000,58.300000,23.200000,0.120000,NA,AM,Plagianthus,regius,Malvaceae,Malvales
718,0.780000,17.900000,12.600000,0.130000,NA,AM,Neopanax,arboreus,Araliaceae,Apiales
719,0.930000,10.700000,28.500000,0.150000,NA,AM,Pseudopanax,crassifolius,Araliaceae,Apiales
720,0.410000,38.000000,16.200000,0.200000,NA,AM,Quintinia,serrata,Paracryphiaceae,Paracryphiales
721,0.630000,44.600000,20.400000,0.070000,NA,AM,Schefflera,digitata,Araliaceae,Apiales
722,0.490000,31.500000,32.700000,0.180000,NA,AM,Sophora,microphylla,Fabaceae,Fabales
723,0.310000,79.300000,16.100000,0.180000,NA,AM,Syzygium,maire,Myrtaceae,Myrtales
724,0.560000,35.000000,22.500000,0.130000,NA,AM,Vitex,lucens,Lamiaceae,Lamiales
725,0.370000,44.700000,14.300000,0.240000,NA,AM,Weinmannia,racemosa,Cunoniaceae,Oxalidales
726,0.380000,39.400000,9.800000,0.240000,NA,AM,Weinmannia,silvicola,Cunoniaceae,Oxalidales
727,0.910000,8.000000,14.400000,0.210000,NA,AM,Beilschmiedia,tarairi,Lauraceae,Laurales
728,0.740000,9.100000,17.600000,0.270000,NA,AM,Beilschmiedia,tawa,Lauraceae,Laurales
729,0.630000,28.000000,13.900000,0.120000,NA,AM,Pseudowintera,colorata,Winteraceae,Canellales
730,0.510000,22.300000,15.100000,0.260000,NA,AM,Rhopalostylis,sapida,Arecaceae,Arecales
731,0.580000,19.900000,9.500000,0.210000,NA,AM,Cyathea,dealbata,Cyatheaceae,Cyatheales
732,0.470000,28.300000,10.000000,0.210000,NA,AM,Cyathea,medullaris,Cyatheaceae,Cyatheales
733,0.690000,15.700000,13.200000,0.190000,NA,AM,Dicksonia,squarrosa,Dicksoniaceae,Cyatheales
734,0.549181,255.930000,34.300000,0.033000,NA,NA,Helianthus,agrestis,Asteraceae,Asterales
735,0.496105,192.730000,36.000000,0.043000,NA,NA,Helianthus,agrestis,Asteraceae,Asterales
736,0.516298,345.250000,41.500000,0.030000,NA,NA,Helianthus,angustifolius,Asteraceae,Asterales
737,0.529558,311.770000,43.100000,0.031000,NA,NA,Helianthus,angustifolius,Asteraceae,Asterales
738,0.603238,316.790000,35.500000,0.031000,NA,NA,Helianthus,angustifolius,Asteraceae,Asterales
739,0.575992,237.500000,26.700000,0.033000,NA,NA,Helianthus,annuus,Asteraceae,Asterales
740,0.473572,230.570000,27.100000,0.037000,NA,NA,Helianthus,annuus,Asteraceae,Asterales
741,0.709207,261.800000,28.100000,0.031000,NA,NA,Helianthus,annuus,Asteraceae,Asterales
742,0.533620,301.360000,31.000000,0.032000,NA,NA,Helianthus,argophyllus,Asteraceae,Asterales
743,0.398214,261.460000,26.300000,0.032000,NA,NA,Helianthus,argophyllus,Asteraceae,Asterales
744,0.526444,271.200000,37.100000,0.033000,NA,NA,Helianthus,atrorubens,Asteraceae,Asterales
745,0.655922,296.170000,39.800000,0.032000,NA,NA,Helianthus,carnosus,Asteraceae,Asterales
746,0.558922,274.240000,46.500000,0.034000,NA,NA,Helianthus,carnosus,Asteraceae,Asterales
747,0.603339,193.820000,40.500000,0.034000,NA,NA,Helianthus,cusickii,Asteraceae,Asterales
748,0.589867,161.560000,42.700000,0.035000,NA,NA,Helianthus,cusickii,Asteraceae,Asterales
749,0.444128,321.900000,31.000000,0.034000,NA,NA,Helianthus,debilis,Asteraceae,Asterales
750,0.638540,261.640000,34.400000,0.030000,NA,NA,Helianthus,floridanus,Asteraceae,Asterales
751,0.693846,230.580000,37.800000,0.039000,NA,NA,Helianthus,floridanus,Asteraceae,Asterales
752,0.540784,233.080000,39.600000,0.036000,NA,NA,Helianthus,giganteus,Asteraceae,Asterales
753,0.467153,226.690000,31.500000,0.036000,NA,NA,Helianthus,giganteus,Asteraceae,Asterales
754,0.543631,207.960000,35.500000,0.036000,NA,NA,Helianthus,grosseserratus,Asteraceae,Asterales
755,0.473031,216.890000,24.700000,0.036000,NA,NA,Helianthus,grosseserratus,Asteraceae,Asterales
756,0.451968,370.270000,40.100000,0.029000,NA,NA,Helianthus,longifolius,Asteraceae,Asterales
757,0.466262,367.940000,37.800000,0.031000,NA,NA,Helianthus,longifolius,Asteraceae,Asterales
758,0.479279,309.490000,39.400000,0.032000,NA,NA,Helianthus,longifolius,Asteraceae,Asterales
759,0.551549,237.440000,35.700000,0.036000,NA,NA,Helianthus,maximiliani,Asteraceae,Asterales
760,0.501716,297.100000,32.100000,0.035000,NA,NA,Helianthus,maximiliani,Asteraceae,Asterales
761,0.434136,273.670000,37.700000,0.036000,NA,NA,Pappobolus,microphyllus,Asteraceae,Asterales
762,0.514181,288.430000,33.800000,0.035000,NA,NA,Pappobolus,microphyllus,Asteraceae,Asterales
763,0.426935,279.950000,38.400000,0.033000,NA,NA,Helianthus,mollis,Asteraceae,Asterales
764,0.479980,293.300000,29.500000,0.036000,NA,NA,Helianthus,mollis,Asteraceae,Asterales
765,0.358154,265.720000,26.400000,0.031000,NA,NA,Helianthus,neglectus,Asteraceae,Asterales
766,0.430533,273.390000,26.400000,0.029000,NA,NA,Helianthus,neglectus,Asteraceae,Asterales
767,0.457890,296.720000,38.100000,0.036000,NA,NA,Helianthus,occidentalis,Asteraceae,Asterales
768,0.445939,306.550000,31.500000,0.033000,NA,NA,Helianthus,petiolaris,Asteraceae,Asterales
769,0.453849,288.040000,27.000000,0.030000,NA,NA,Helianthus,petiolaris,Asteraceae,Asterales
770,0.491040,404.550000,24.800000,0.031000,NA,NA,Helianthus,porteri,Asteraceae,Asterales
771,0.383108,421.210000,29.500000,0.030000,NA,NA,Helianthus,porteri,Asteraceae,Asterales
772,0.514434,354.480000,22.000000,0.040000,NA,NA,Helianthus,porteri,Asteraceae,Asterales
773,0.436355,383.310000,27.500000,0.034000,NA,NA,Helianthus,praecox,Asteraceae,Asterales
774,0.590085,279.200000,46.300000,0.037000,NA,NA,Helianthus,radula,Asteraceae,Asterales
775,0.540895,242.360000,55.800000,0.043000,NA,NA,Helianthus,radula,Asteraceae,Asterales
776,0.404996,227.590000,33.100000,0.040000,NA,NA,Helianthus,salicifolius,Asteraceae,Asterales
777,0.401378,268.320000,36.300000,0.035000,NA,NA,Helianthus,salicifolius,Asteraceae,Asterales
778,0.483861,220.090000,42.900000,0.045000,NA,NA,Helianthus,silphioides,Asteraceae,Asterales
779,0.606730,248.010000,42.000000,0.033000,NA,NA,Helianthus,silphioides,Asteraceae,Asterales
780,0.522204,260.950000,29.600000,0.041000,NA,NA,Helianthus,verticillatus,Asteraceae,Asterales
781,0.567791,196.520000,24.800000,0.042000,NA,NA,Helianthus,verticillatus,Asteraceae,Asterales
782,0.528000,11.800000,9.890000,0.390000,NA,EM,Pinus,sylvestris,Pinaceae,Pinales
783,0.520000,15.390000,13.280000,0.330000,NA,EM,Larix,decidua,Pinaceae,Pinales
784,0.429000,18.210000,12.540000,0.390000,NA,AM,Acer,campestre,Sapindaceae,Sapindales
785,0.343000,25.080000,12.220000,0.480000,NA,AM,Prunus,avium,Rosaceae,Rosales
786,0.455000,19.120000,15.290000,0.330000,NA,AM,Fraxinus,excelsior,Oleaceae,Lamiales
787,0.359000,23.330000,12.120000,0.460000,NA,EM,Quercus,robur,Fagaceae,Fagales
788,0.398000,22.030000,13.110000,0.380000,NA,AM,Acer,platanoides,Sapindaceae,Sapindales
789,0.340000,33.880000,14.130000,0.340000,NA,AM,Acer,pseudoplatanus,Sapindaceae,Sapindales
790,0.343000,23.360000,12.010000,0.480000,NA,EM,Carpinus,betulus,Betulaceae,Fagales
791,0.534000,11.170000,12.390000,0.420000,NA,EM,Picea,abies,Pinaceae,Pinales
792,0.543000,12.860000,13.070000,0.340000,NA,EM,Abies,alba,Pinaceae,Pinales
793,0.453000,16.790000,15.540000,0.420000,NA,EM,Tilia,cordata,Malvaceae,Malvales
794,0.404000,26.200000,16.200000,0.330000,NA,EM,Fagus,sylvatica,Fagaceae,Fagales
795,0.430000,13.800000,11.500000,0.056000,1.000000,NA,Cunninghamia,lanceolata,Cupressaceae,Pinales
796,0.470000,11.630000,11.000000,0.054430,2.000000,NA,Cunninghamia,lanceolata,Cupressaceae,Pinales
797,0.560000,4.940000,10.500000,0.112560,3.000000,NA,Cunninghamia,lanceolata,Cupressaceae,Pinales
798,0.375309,13.593363,11.218979,0.072500,1.000000,NA,Cunninghamia,lanceolata,Cupressaceae,Pinales
799,0.447737,11.427391,10.708033,0.062500,2.000000,NA,Cunninghamia,lanceolata,Cupressaceae,Pinales
800,0.460906,5.601669,10.124092,0.157500,3.000000,NA,Cunninghamia,lanceolata,Cupressaceae,Pinales
801,0.487243,14.265563,11.620440,0.040000,1.000000,NA,Cunninghamia,lanceolata,Cupressaceae,Pinales
802,0.493828,12.024901,11.182485,0.047500,2.000000,NA,Cunninghamia,lanceolata,Cupressaceae,Pinales
803,0.665021,4.481338,10.817522,0.067500,3.000000,NA,Cunninghamia,lanceolata,Cupressaceae,Pinales
804,0.238017,15.923077,12.444444,0.049787,1.000000,NA,Cunninghamia,lanceolata,Cupressaceae,Pinales
805,0.257852,13.538456,12.777775,0.060303,2.000000,NA,Cunninghamia,lanceolata,Cupressaceae,Pinales
806,0.376860,6.307690,11.148146,0.108173,3.000000,NA,Cunninghamia,lanceolata,Cupressaceae,Pinales
807,0.297521,12.461538,10.481481,0.062240,1.000000,NA,Cunninghamia,lanceolata,Cupressaceae,Pinales
808,0.363637,10.384611,9.148147,0.050350,2.000000,NA,Cunninghamia,lanceolata,Cupressaceae,Pinales
809,0.449588,4.000000,9.777776,0.119381,3.000000,NA,Cunninghamia,lanceolata,Cupressaceae,Pinales
810,0.309506,33.840308,9.379311,0.395437,NA,NA,Pleioblastus,amarus,Poaceae,Poales
811,0.269962,42.015214,9.057473,0.431939,NA,NA,Pleioblastus,amarus,Poaceae,Poales
812,0.309506,29.657804,7.126439,0.456274,NA,NA,Pleioblastus,amarus,Poaceae,Poales
813,0.291255,19.961991,6.436785,0.888213,NA,NA,Pleioblastus,amarus,Poaceae,Poales
814,0.455514,9.125495,7.218394,0.675286,3.000000,NA,Pleioblastus,amarus,Poaceae,Poales
815,0.428137,13.688233,7.172417,0.511027,3.000000,NA,Pleioblastus,amarus,Poaceae,Poales
816,0.467681,11.977208,5.471269,0.474525,3.000000,NA,Pleioblastus,amarus,Poaceae,Poales
817,0.437263,12.547552,5.149430,0.565780,3.000000,NA,Pleioblastus,amarus,Poaceae,Poales
818,0.478061,23.563748,18.145451,0.236548,NA,NA,Chomelia,psilocarpa,Rubiaceae ,Gentianales
819,0.528037,22.383242,17.824073,0.204116,NA,NA,Chomelia,psilocarpa,Rubiaceae ,Gentianales
820,0.544902,17.427085,16.159942,0.246189,NA,NA,Chomelia,psilocarpa,Rubiaceae ,Gentianales
821,0.609120,14.505707,16.916150,0.236694,NA,NA,Chomelia,psilocarpa,Rubiaceae ,Gentianales
822,0.482087,24.141744,17.225205,0.227045,NA,NA,Chomelia,psilocarpa,Rubiaceae ,Gentianales
823,0.523699,16.669403,16.542723,0.278642,NA,NA,Chomelia,psilocarpa,Rubiaceae ,Gentianales
824,0.525284,18.710962,16.187814,0.246744,NA,NA,Chomelia,psilocarpa,Rubiaceae ,Gentianales
825,0.539602,18.459294,16.151474,0.237011,NA,NA,Chomelia,psilocarpa,Rubiaceae ,Gentianales
826,0.589170,17.466534,15.440673,0.210108,NA,NA,Chomelia,psilocarpa,Rubiaceae ,Gentianales
827,0.587280,16.306453,17.501797,0.226506,NA,NA,Chomelia,psilocarpa,Rubiaceae ,Gentianales
828,0.469098,16.715936,17.692477,0.346316,NA,NA,Coccoloba,excelsa,Polygonaceae,Caryophyllales
829,0.395939,22.108491,19.203135,0.367549,NA,NA,Coccoloba,excelsa,Polygonaceae,Caryophyllales
830,0.449223,11.770377,11.840826,0.536310,NA,NA,Coccoloba,excelsa,Polygonaceae,Caryophyllales
831,0.356300,17.415980,12.738638,0.576169,NA,NA,Coccoloba,excelsa,Polygonaceae,Caryophyllales
832,0.329246,30.282842,17.511450,0.388056,NA,NA,Coccoloba,excelsa,Polygonaceae,Caryophyllales
833,0.375402,18.843234,15.237281,0.479714,NA,NA,Coccoloba,excelsa,Polygonaceae,Caryophyllales
834,0.453357,13.946835,18.239388,0.444401,NA,NA,Coccoloba,excelsa,Polygonaceae,Caryophyllales
835,0.399409,27.748022,16.110449,0.287781,NA,NA,Coccoloba,excelsa,Polygonaceae,Caryophyllales
836,0.422983,15.979977,15.899144,0.445561,NA,NA,Coccoloba,excelsa,Polygonaceae,Caryophyllales
837,0.467513,10.048048,13.289572,0.580043,NA,NA,Coccoloba,excelsa,Polygonaceae,Caryophyllales
838,0.492094,12.121152,11.204406,0.434000,NA,NA,Combretum,decandrum,Combretaceae,Myrtales
839,0.551227,11.603151,12.645428,0.361321,NA,NA,Combretum,decandrum,Combretaceae,Myrtales
840,0.573559,9.932700,9.876398,0.389858,NA,NA,Combretum,decandrum,Combretaceae,Myrtales
841,0.701332,9.726088,10.476231,0.266284,NA,NA,Combretum,decandrum,Combretaceae,Myrtales
842,0.720259,9.750811,13.446006,0.251832,NA,NA,Combretum,decandrum,Combretaceae,Myrtales
843,0.613091,13.994855,15.133650,0.242166,NA,NA,Combretum,decandrum,Combretaceae,Myrtales
844,0.701105,8.922654,12.710093,0.290449,NA,NA,Combretum,decandrum,Combretaceae,Myrtales
845,0.671285,8.697244,11.583874,0.325038,NA,NA,Combretum,decandrum,Combretaceae,Myrtales
846,0.653913,10.100165,11.194089,0.294959,NA,NA,Combretum,decandrum,Combretaceae,Myrtales
847,0.558717,10.931114,11.672031,0.373321,NA,NA,Combretum,decandrum,Combretaceae,Myrtales
848,0.827059,8.168125,18.639206,0.228000,NA,NA,Clitoria,javitensis,Fabaceae,Fabales
849,0.593635,16.194260,21.770391,0.223219,NA,NA,Clitoria,javitensis,Fabaceae,Fabales
850,0.809222,10.363925,22.957070,0.187703,NA,NA,Clitoria,javitensis,Fabaceae,Fabales
851,0.558343,15.561479,20.350912,0.262590,NA,NA,Clitoria,javitensis,Fabaceae,Fabales
852,0.898738,6.199577,18.639206,0.254391,NA,NA,Clitoria,javitensis,Fabaceae,Fabales
853,0.710195,10.925870,15.437619,0.231164,NA,NA,Clitoria,javitensis,Fabaceae,Fabales
854,0.737442,9.931004,14.041276,0.235874,NA,NA,Clitoria,javitensis,Fabaceae,Fabales
855,0.753455,10.814750,28.470310,0.207491,NA,NA,Clitoria,javitensis,Fabaceae,Fabales
856,0.716664,11.787254,23.216860,0.210419,NA,NA,Clitoria,javitensis,Fabaceae,Fabales
857,0.640636,24.345345,26.070146,0.127494,NA,NA,Clitoria,javitensis,Fabaceae,Fabales
858,0.633141,21.732194,18.859655,0.146226,NA,NA,Tanaecium,pyramidatum,Bignoniaceae,Lamiales
859,0.725343,18.438289,21.864370,0.131317,NA,NA,Tanaecium,pyramidatum,Bignoniaceae,Lamiales
860,0.668050,19.564744,18.859655,0.145894,NA,NA,Tanaecium,pyramidatum,Bignoniaceae,Lamiales
861,0.796236,15.596748,19.324485,0.128829,NA,NA,Tanaecium,pyramidatum,Bignoniaceae,Lamiales
862,0.590554,30.535016,21.946801,0.119623,NA,NA,Tanaecium,pyramidatum,Bignoniaceae,Lamiales
863,0.879964,9.952166,18.747720,0.165304,NA,NA,Tanaecium,pyramidatum,Bignoniaceae,Lamiales
864,0.764290,17.664417,19.324485,0.123457,NA,NA,Tanaecium,pyramidatum,Bignoniaceae,Lamiales
865,0.563998,29.454258,22.316286,0.135965,NA,NA,Tanaecium,pyramidatum,Bignoniaceae,Lamiales
866,0.641343,17.813434,17.981177,0.173861,NA,NA,Tanaecium,pyramidatum,Bignoniaceae,Lamiales
867,0.877715,13.399898,22.975424,0.123402,NA,NA,Tanaecium,pyramidatum,Bignoniaceae,Lamiales
868,0.716040,9.612486,16.002424,0.258476,NA,NA,Alseis,blackiana,Rubiaceae,Gentianales
869,0.645603,10.813425,15.121002,0.282642,NA,NA,Alseis,blackiana,Rubiaceae,Gentianales
870,0.616656,12.311270,18.170793,0.272108,NA,NA,Alseis,blackiana,Rubiaceae,Gentianales
871,0.628212,14.036567,16.332823,0.229963,NA,NA,Alseis,blackiana,Rubiaceae,Gentianales
872,0.677455,11.501585,17.440108,0.241331,NA,NA,Alseis,blackiana,Rubiaceae,Gentianales
873,0.687289,12.357614,18.048924,0.218231,NA,NA,Alseis,blackiana,Rubiaceae,Gentianales
874,0.575164,17.767882,18.067559,0.216726,NA,NA,Alseis,blackiana,Rubiaceae,Gentianales
875,0.730846,9.486291,16.063669,0.251410,NA,NA,Alseis,blackiana,Rubiaceae,Gentianales
876,0.613306,17.889657,18.846168,0.189310,NA,NA,Alseis,blackiana,Rubiaceae,Gentianales
877,0.636231,12.211065,17.733404,0.257719,NA,NA,Alseis,blackiana,Rubiaceae,Gentianales
878,0.561424,6.886772,10.398283,0.586857,NA,NA,Coccoloba,manzinellensis,Polygonaceae,Caryophyllales
879,0.500707,13.122318,17.625659,0.387216,NA,NA,Coccoloba,manzinellensis,Polygonaceae,Caryophyllales
880,0.662342,5.252537,9.341148,0.552836,NA,NA,Coccoloba,manzinellensis,Polygonaceae,Caryophyllales
881,0.468251,10.139263,12.079050,0.573016,NA,NA,Coccoloba,manzinellensis,Polygonaceae,Caryophyllales
882,0.364380,14.928629,10.844032,0.642690,NA,NA,Coccoloba,manzinellensis,Polygonaceae,Caryophyllales
883,0.475383,10.800768,10.564666,0.521902,NA,NA,Coccoloba,manzinellensis,Polygonaceae,Caryophyllales
884,0.396485,20.946571,13.659672,0.386869,NA,NA,Coccoloba,manzinellensis,Polygonaceae,Caryophyllales
885,0.462766,17.401862,17.185706,0.341831,NA,NA,Coccoloba,manzinellensis,Polygonaceae,Caryophyllales
886,0.484873,8.821816,9.159996,0.614209,NA,NA,Coccoloba,manzinellensis,Polygonaceae,Caryophyllales
887,0.421897,13.347466,11.395571,0.536190,NA,NA,Coccoloba,manzinellensis,Polygonaceae,Caryophyllales
888,0.461466,22.119464,11.811127,0.270443,NA,NA,Terminalia,amazonia,Combretaceae,Myrtales
889,0.782272,6.463112,10.773519,0.322087,NA,NA,Terminalia,amazonia,Combretaceae,Myrtales
890,0.715577,8.782358,11.152569,0.283274,NA,NA,Terminalia,amazonia,Combretaceae,Myrtales
891,0.513281,14.773164,12.685116,0.327300,NA,NA,Terminalia,amazonia,Combretaceae,Myrtales
892,0.587508,11.281245,12.729732,0.327149,NA,NA,Terminalia,amazonia,Combretaceae,Myrtales
893,0.670855,9.827741,11.819791,0.288018,NA,NA,Terminalia,amazonia,Combretaceae,Myrtales
894,0.732683,6.644400,11.599814,0.357143,NA,NA,Terminalia,amazonia,Combretaceae,Myrtales
895,0.591030,18.301726,13.264097,0.199260,NA,NA,Terminalia,amazonia,Combretaceae,Myrtales
896,0.626021,10.981962,23.755876,0.295987,NA,NA,Terminalia,amazonia,Combretaceae,Myrtales
897,0.528297,17.730523,13.574203,0.257426,NA,NA,Terminalia,amazonia,Combretaceae,Myrtales
898,0.734170,6.820684,10.117747,0.346505,NA,NA,Maytenus,schippii,Celastraceae,Celastrales
899,0.749611,6.093277,17.649957,0.372055,NA,NA,Maytenus,schippii,Celastraceae,Celastrales
900,0.782591,5.557664,12.380441,0.374256,NA,NA,Maytenus,schippii,Celastraceae,Celastrales
901,0.733611,7.149976,11.956902,0.331050,NA,NA,Maytenus,schippii,Celastraceae,Celastrales
902,0.808923,6.853820,10.266527,0.284043,NA,NA,Maytenus,schippii,Celastraceae,Celastrales
903,0.719532,8.177313,17.591995,0.300898,NA,NA,Maytenus,schippii,Celastraceae,Celastrales
904,0.728071,8.548804,15.013379,0.281111,NA,NA,Maytenus,schippii,Celastraceae,Celastrales
905,0.724109,5.460973,12.178671,0.444890,NA,NA,Maytenus,schippii,Celastraceae,Celastrales
906,0.711879,6.926574,13.740862,0.362910,NA,NA,Maytenus,schippii,Celastraceae,Celastrales
907,0.750140,6.578101,11.840345,0.344148,NA,NA,Maytenus,schippii,Celastraceae,Celastrales
908,0.790193,7.302935,12.481415,0.279362,NA,NA,Platypodium,elegans,Fabaceae,Fabales
909,0.959668,5.582722,16.964466,0.247766,NA,NA,Platypodium,elegans,Fabaceae,Fabales
910,0.929277,5.391731,14.609918,0.273597,NA,NA,Handroanthus,guayacan,Bignoniaceae,Lamiales
911,0.958003,11.671513,25.697189,0.118924,NA,NA,Handroanthus,guayacan,Bignoniaceae,Lamiales
912,0.710774,14.372446,18.203226,0.175443,NA,NA,Handroanthus,guayacan,Bignoniaceae,Lamiales
913,0.981048,12.482779,25.697189,0.106032,NA,NA,Handroanthus,guayacan,Bignoniaceae,Lamiales
914,0.320000,75.300000,9.500000,0.164000,NA,NA,Bromus,erectus,Poaceae,Poales
915,0.500000,26.000000,4.000000,0.242000,NA,NA,Carex,flacca,Cyperaceae,Poales
916,0.270000,59.800000,5.200000,0.289000,NA,NA,Carex,humilis,Cyperaceae,Poales
917,0.640000,6.100000,9.800000,0.225000,NA,NA,Centaurea,pectinata,Asteraceae,Asterales
918,0.670000,9.600000,17.400000,0.308000,NA,NA,Coronilla,minima,Fabaceae,Fabales
919,0.250000,132.600000,9.200000,0.163000,NA,NA,Festuca,christianii-bernardii,Poaceae,Poales
920,0.480000,10.400000,9.700000,0.571000,NA,NA,Helianthemum,oelandicum,Cistaceae,Malvales
921,0.470000,31.600000,8.800000,0.193000,NA,NA,Pilosella,officinarum,Asteraceae,Asterales
922,0.320000,55.600000,19.800000,0.227000,NA,NA,Koeleria,vallesiana,Poaceae,Poales
923,0.560000,12.600000,8.400000,0.429000,NA,NA,Potentilla,neumanniana,Rosaceae,Rosales
924,0.890000,2.800000,11.600000,0.616000,NA,NA,Sanguisorba,minor,Rosaceae,Rosales
925,0.460000,19.000000,10.100000,0.357000,NA,NA,Stipa,pennata,Poaceae,Poales
926,0.430000,12.800000,9.200000,0.622000,NA,NA,Thymus,dolomiticus,Lamiaceae,Lamiales
927,0.348900,46.104644,9.800000,0.226271,NA,AM,Weinmannia,silvicola,Cunoniaceae,Oxalidales
928,0.387100,17.623233,9.800000,0.481443,NA,AM,Weinmannia,silvicola,Cunoniaceae,Oxalidales
929,0.328900,41.531527,9.800000,0.283083,NA,AM,Weinmannia,silvicola,Cunoniaceae,Oxalidales
930,0.516500,32.910250,9.800000,0.144909,NA,AM,Weinmannia,silvicola,Cunoniaceae,Oxalidales
931,0.364100,55.618299,9.800000,0.172743,NA,AM,Weinmannia,silvicola,Cunoniaceae,Oxalidales
932,0.347400,65.650773,9.800000,0.160465,NA,AM,Weinmannia,silvicola,Cunoniaceae,Oxalidales
933,0.414400,38.274731,9.800000,0.193932,NA,AM,Weinmannia,silvicola,Cunoniaceae,Oxalidales
934,0.361900,61.581617,9.800000,0.157944,NA,AM,Weinmannia,silvicola,Cunoniaceae,Oxalidales
935,0.382000,42.031775,9.800000,0.207937,NA,AM,Weinmannia,silvicola,Cunoniaceae,Oxalidales
936,0.070295,60.680000,10.750000,0.086667,1.000000,NA,Acer,saccharum,Sapindaceae,Sapindales
937,0.092048,19.457500,12.150000,0.157500,1.000000,NA,Aesculus,hippocastanum,Sapindaceae,Sapindales
938,0.054447,43.200000,13.100000,0.105000,1.000000,NA,Aesculus,parviflora,Sapindaceae,Sapindales
939,0.176976,13.546667,25.133333,0.166667,1.000000,NA,Asimina,triloba,Annonaceae,Magnoliales
940,0.146210,37.262500,27.350000,0.110000,1.000000,NA,Catalpa,bignonioides,Bignoniaceae,Lamiales
941,0.058895,27.352500,12.425000,0.160000,1.000000,NA,Cercidiphyllum,japonicum,Cercidiphyllaceae,Saxifragales
942,0.103207,13.882500,17.750000,0.162500,1.000000,NA,Chionanthus,virginicus,Oleaceae,Lamiales
943,0.037402,39.045000,16.500000,0.120000,1.000000,NA,Cornus,florida,Cornaceae,Cornales
944,0.076772,24.380000,18.675000,0.125000,1.000000,NA,Diospyros,virginiana,Ebenaceae,Ericales
945,0.131931,38.932500,22.175000,0.140000,1.000000,NA,Fraxinus,americana,Oleaceae,Lamiales
946,0.180581,20.165000,21.775000,0.135000,1.000000,NA,Gleditsia,triacanthos,Fabaceae,Fabales
947,0.093522,50.526667,21.600000,0.096667,1.000000,NA,Halesia,tetraptera,Styracaceae,Ericales
948,0.042469,24.295000,12.625000,0.187500,1.000000,NA,Hamamelis,virginiana,Hamamelidaceae,Saxifragales
949,0.094118,44.467500,15.925000,0.107500,1.000000,NA,Ilex,opaca,Aquifoliaceae,Aquifoliales
950,0.053485,31.230000,19.600000,0.146667,1.000000,NA,Juglans,nigra,Juglandaceae,Fagales
951,0.139300,97.540000,10.600000,0.060000,1.000000,NA,Koelreuteria,paniculata,Sapindaceae,Sapindales
952,0.122130,31.722500,11.650000,0.147500,1.000000,NA,Liquidambar,styraciflua,Altingiaceae,Saxifragales
953,0.060052,15.187500,20.500000,0.127500,1.000000,NA,Liriodendron,tulipifera,Magnoliaceae,Magnoliales
954,0.100652,12.382500,20.475000,0.142500,1.000000,NA,Magnolia,acuminata,Magnoliaceae,Magnoliales
955,0.188798,20.900000,19.200000,0.110000,1.000000,NA,Magnolia,denudata,Magnoliaceae,Magnoliales
956,0.125865,9.090000,18.350000,0.135000,1.000000,NA,Magnolia,grandiflora,Magnoliaceae,Magnoliales
957,0.233345,27.320000,36.950000,0.120000,1.000000,NA,Magnolia,kobus,Magnoliaceae,Magnoliales
958,0.199404,12.900000,31.900000,0.130000,1.000000,NA,Magnolia,macrophylla,Magnoliaceae,Magnoliales
959,0.135069,31.162500,26.275000,0.092500,1.000000,NA,Magnolia,stellata,Magnoliaceae,Magnoliales
960,0.185974,17.997500,23.625000,0.135000,1.000000,NA,Magnolia,tripetala,Magnoliaceae,Magnoliales
961,0.108840,20.130000,24.725000,0.117500,1.000000,NA,Magnolia,virginiana,Magnoliaceae,Magnoliales
962,0.180026,13.573333,16.433333,0.160000,1.000000,NA,Nyssa,aquatica,Cornaceae,Cornales
963,0.282061,23.930000,13.000000,0.147500,1.000000,NA,Platanus,acerifolia,Sapindaceae,Sapindales
964,0.168591,87.255000,13.850000,0.067500,1.000000,NA,Populus,deltoides,Salicaceae,Malpighiales
965,0.042154,81.443333,19.366667,0.103333,1.000000,NA,Prunus,sargentii,Rosaceae,Rosales
966,0.219538,20.513333,23.200000,0.116667,1.000000,NA,Sassafras,albidum,Lauraceae,Laurales
967,0.086988,36.817500,26.300000,0.155000,1.000000,NA,Styphnolobium,japonicum,Fabaceae,Fabales
968,0.061422,89.920000,23.900000,0.075000,1.000000,NA,Syringa,reticulata,Oleaceae,Lamiales
969,0.076581,71.770000,16.325000,0.077500,1.000000,NA,Ulmus,americana,Ulmaceae,Rosales
970,0.730000,9.700000,15.800000,0.280000,NA,NA,Liriodendron,tulipifera,Magnoliaceae,Magnoliales
971,0.330000,92.100000,15.100000,0.350000,NA,NA,Ulmus,americana,Ulmaceae,Rosales
972,0.440000,76.400000,9.800000,0.610000,NA,NA,Ulmus,americana,Ulmaceae,Rosales
973,0.830000,6.500000,14.300000,0.300000,NA,NA,Liriodendron,tulipifera,Magnoliaceae,Magnoliales
974,0.360000,82.800000,12.000000,0.480000,NA,NA,Ulmus,americana,Ulmaceae,Rosales
975,0.220000,87.180000,6.900000,0.300000,NA,NA,Leymus,chinensis,Poaceae,Poales
976,0.220000,78.120000,8.500000,0.350000,NA,NA,Leymus,chinensis,Poaceae,Poales
977,0.210000,77.890000,11.300000,0.370000,NA,NA,Leymus,chinensis,Poaceae,Poales
978,0.230000,80.120000,9.200000,0.300000,NA,NA,Leymus,chinensis,Poaceae,Poales
979,0.230000,83.710000,16.400000,0.290000,NA,NA,Leymus,chinensis,Poaceae,Poales
980,0.220000,119.390000,16.700000,0.220000,NA,NA,Leymus,chinensis,Poaceae,Poales
981,0.220000,127.730000,15.100000,0.210000,NA,NA,Leymus,chinensis,Poaceae,Poales
982,0.220000,131.470000,17.400000,0.210000,NA,NA,Leymus,chinensis,Poaceae,Poales
983,0.290000,64.410000,14.200000,0.230000,NA,NA,Artemisia,frigida,Asteraceae,Asterales
984,0.310000,59.050000,17.300000,0.230000,NA,NA,Artemisia,frigida,Asteraceae,Asterales
985,0.300000,57.320000,16.800000,0.250000,NA,NA,Artemisia,frigida,Asteraceae,Asterales
986,0.320000,49.090000,15.100000,0.250000,NA,NA,Artemisia,frigida,Asteraceae,Asterales
987,0.400000,30.400000,13.900000,0.260000,NA,NA,Artemisia,frigida,Asteraceae,Asterales
988,0.410000,26.790000,15.600000,0.290000,NA,NA,Artemisia,frigida,Asteraceae,Asterales
989,0.280000,111.500000,11.400000,0.150000,NA,NA,Stipa,krylovii,Poaceae,Poales
990,0.260000,118.900000,10.400000,0.160000,NA,NA,Stipa,krylovii,Poaceae,Poales
991,0.230000,191.000000,11.600000,0.130000,NA,NA,Agropyron,cristatum,Poaceae,Poales
992,0.230000,172.800000,10.800000,0.140000,NA,NA,Agropyron,cristatum,Poaceae,Poales
993,0.230000,198.900000,9.300000,0.120000,NA,NA,Cleistogenes,squarrosa,Poaceae,Poales
994,0.220000,229.000000,9.400000,0.110000,NA,NA,Cleistogenes,squarrosa,Poaceae,Poales
995,0.250000,143.500000,12.200000,0.150000,NA,NA,Leymus,chinensis,Poaceae,Poales
996,0.260000,119.500000,9.700000,0.160000,NA,NA,Leymus,chinensis,Poaceae,Poales
997,0.250000,231.100000,9.700000,0.090000,NA,NA,Carex,korshinskyi,Cyperaceae,Poales
998,0.240000,274.000000,10.000000,0.080000,NA,NA,Carex,korshinskyi,Cyperaceae,Poales
999,0.250000,124.200000,17.500000,0.170000,NA,NA,Artemisia,frigida,Asteraceae,Asterales
1000,0.260000,92.770000,15.500000,0.200000,NA,NA,Artemisia,frigida,Asteraceae,Asterales
1001,0.240000,86.290000,14.800000,0.270000,NA,NA,Potentilla,acaulis,Rosaceae,Rosales
1002,0.240000,82.340000,15.100000,0.280000,NA,NA,Potentilla,acaulis,Rosaceae,Rosales
1003,0.250000,68.700000,13.900000,0.290000,NA,NA,Potentilla,tanacetifolia,Rosaceae,Rosales
1004,0.250000,69.530000,12.500000,0.310000,NA,NA,Potentilla,tanacetifolia,Rosaceae,Rosales
1005,0.260000,51.790000,13.300000,0.360000,NA,NA,Sibbaldianthe,bifurca,Rosaceae,Rosales
1006,0.270000,51.530000,12.000000,0.340000,NA,NA,Sibbaldianthe,bifurca,Rosaceae,Rosales
1007,0.310000,39.460000,17.800000,0.340000,NA,NA,Lespedeza,davurica,Fabaceae,Fabales
1008,0.310000,40.970000,16.500000,0.340000,NA,NA,Lespedeza,davurica,Fabaceae,Fabales
1009,0.260000,68.980000,24.800000,0.280000,NA,NA,Medicago,ruthenica,Fabaceae,Fabales
1010,0.260000,62.960000,25.100000,0.300000,NA,NA,Medicago,ruthenica,Fabaceae,Fabales
1011,0.290000,53.890000,25.700000,0.290000,NA,NA,Astragalus,scaberrimus,Fabaceae,Fabales
1012,0.280000,65.800000,25.200000,0.260000,NA,NA,Astragalus,scaberrimus,Fabaceae,Fabales
1013,0.400000,46.210000,15.600000,0.170000,NA,NA,Allium,tenuissimum,Amaryllidaceae,Asparagales
1014,0.400000,51.410000,16.500000,0.150000,NA,NA,Allium,tenuissimum,Amaryllidaceae,Asparagales
1015,0.490000,31.670000,16.500000,0.170000,NA,NA,Allium,bidentatum,Amaryllidaceae,Asparagales
1016,0.510000,26.060000,16.500000,0.190000,NA,NA,Allium,bidentatum,Amaryllidaceae,Asparagales
1017,0.230000,102.900000,12.200000,0.230000,NA,NA,Chamaerhodos,erecta,Rosaceae,Rosales
1018,0.240000,108.100000,10.700000,0.210000,NA,NA,Chamaerhodos,erecta,Rosaceae,Rosales
