"rx","ry","rxy","corr","rx.hat","ry.hat","rxy.hat","corr.hat","rx0.hat","ry0.hat","LR","kx","ky","tree.index","tree.size"
0.0138187215282507,0.00383853375784742,0,0,0.0134323017388497,0.00314028364213314,0,0,0.0134194935053035,0.00314028391997147,1.05567860941846e-05,2,4,1,120
0.0122833080251118,0.0130510147766812,0,0,0.0143266157614556,0.0129092312643279,0,0,0.0143232885351921,0.012898501502585,9.25067286061676e-06,3,2,1,120
0.00690936076412536,0.0115156012735423,0,0,0.0068823031708305,0.0065474663890106,0.00133226077044426,0.165592778264292,0.00823184741526238,0.00788086548936481,2.173074191924,4,2,1,120
0.0099801877704033,0.0138187215282507,0,0,0.00988835164919881,0.0145550832499321,0,0,0.00988612706688965,0.0145502578850617,2.14685127275516e-06,2,3,1,120
0.0138187215282507,0.00537394726098639,0,0,0.0126482959159679,0.00489641103954195,0,0,0.0126464019800893,0.00489607737866734,3.62052418267922e-07,5,2,1,120
0.0138187215282507,0.00230312025470845,0,0,0.00816361027324571,0.00236213009469,0,0,0.00816332465573957,0.00236212657747636,1.2285340744711e-08,4,2,1,120
0.0122833080251118,0.0130510147766812,0,0,0.010781165800988,0.0118735358991758,0.000110725426907382,0.00969147947458106,0.01089439256635,0.0119691749347372,0.00337845887716526,4,2,1,120
0.00614165401255588,0.00844477426726433,0,0,0.0139219780978806,0.0110442055305865,0,0,0.0139200857075221,0.0110437175311845,2.97304069363236e-07,3,3,1,120
0.00767706751569485,0.0115156012735423,0,0,0.00303939295519707,0.0145310077340497,0.000153749351097171,0.022452813612571,0.00319364333609636,0.0146931994906952,0.0153743796727497,2,2,1,120
0.0145864282798202,0.00844477426726433,0,0,0.00879488700595416,0.0097892078573547,0.00189777964149868,0.169766298607625,0.0107136095412895,0.0117223120107214,3.66616407787981,5,4,1,120
0.0106430209592204,0.0183833998386534,0,0,0.0120556922994588,0.025110796406889,0.00122773851649845,0.0656379403292214,0.0133151715388014,0.0262338639723078,0.530177785871047,4,5,2,178
0.0125781156790787,0.00580528415957477,0,0,0.0131726221633647,0.00509750472316587,1.62857557595352e-09,1.98743477780574e-07,0.0131644106882538,0.00509738988327202,1.60860335540747e-06,2,2,2,178
0.015480757758866,0.0193509471985826,0,0,0.00944745442939721,0.0152376249749788,0,0,0.00944615286541267,0.0152267999349982,6.60717671507882e-06,2,2,2,178
0.0135456630390078,0.00677283151950389,0,0,0.0140736890419057,0.00747912293410238,0.00052581437000773,0.0486389780489404,0.014614510296343,0.00800749295508149,0.351540053306252,3,3,2,178
0.0106430209592204,0.0193509471985826,0,0,0.013475827551256,0.0186272544884084,0.00167554942618871,0.095532948380584,0.0151364700759384,0.020295994486969,0.618783551270724,2,3,2,178
0.00580528415957477,0.015480757758866,0,0,0.00835106145442572,0.02027269875576,0,0,0.00835065243733379,0.0202684776563958,8.06854188795114e-07,3,4,2,178
0.00483773679964564,0.00677283151950389,0,0,0.00292890984413254,0.00838685085573161,0.00100319092986966,0.165096366275826,0.00393249958494124,0.00939524740253875,4.48929489798769,3,2,2,178
0.00483773679964564,0.00387018943971651,0,0,0.00495358068236561,0.00394474828823816,0,0,0.00495344281162201,0.00394470475136355,4.60049420780706e-09,3,4,2,178
0.0145132103989369,0.00193509471985826,0,0,0.00902959980348842,0.00196783152854315,0,0,0.00902894269532958,0.00196780978849263,5.21699945466025e-08,5,2,2,178
0.0125781156790787,0.00774037887943302,0,0,0.0117077566285192,0.00768297883730267,0.0016447352551223,0.147376156932264,0.0133754916490266,0.00927395692956592,2.47225877373327,3,3,2,178
0.00044742946194254,0.00156600311679889,0,0,0.000564181347316203,0.000936400344457841,0,0,0.000564180794879834,0.000936375967862818,6.31067109679861e-09,4,2,3,481
0.000783001558399445,0.00145414575131326,0,0,0.000794200841213548,0.00116022629705484,0,0,0.000794198081184097,0.00116019444527161,7.47479589335853e-09,5,2,3,481
0.0022371473097127,0.00201343257874143,0,0,0.00329141087532449,0.00172598712558526,0,0,0.00329136474642816,0.00172598761552405,6.2959770730231e-09,4,4,3,481
0.000783001558399445,0.00067114419291381,0,0,0.00125330407094873,0.00138991430575307,0,0,0.00125328562552148,0.00138985586039089,2.44486955125467e-08,3,3,3,481
0.00145414575131326,0.00123043102034199,0,0,0.000824044803581967,0.000941680355420397,0.000197218590975935,0.182867434990554,0.00102093942974742,0.001138810010411,3.97504861942724,4,4,3,481
0.00134228838582762,0.00067114419291381,0,0,0.00148988734280736,0.000907962519477026,0,0,0.00148987340009498,0.000907960859257184,1.2014993444609e-09,5,4,3,481
0.00178971784777016,0.00178971784777016,0,0,0.00159182214128761,0.00163112507746956,0.000212466825080668,0.116494570785024,0.00175844602323823,0.00183992952102724,1.75547779567682,2,5,3,481
0.00167786048228453,0.00089485892388508,0,0,0.00234760347652494,0.00102434142047863,0,0,0.0023472017443479,0.00102433472683381,5.74308785417088e-07,3,4,3,481
0.000783001558399445,0.00167786048228453,0,0,0.000570060547018237,0.00127137437771625,0,0,0.000570055960227011,0.00127130912476254,2.87013506294898e-08,2,2,3,481
0.00089485892388508,0.000559286827428175,0,0,0.000796426905412348,0.000453591144863478,0,0,0.0007964201489105,0.000453590992689584,4.92946128360927e-10,2,2,3,481
0.00159127588506279,0.00260390599373912,0,0,0.00170602170706243,0.00246645975135634,0.000135503519215777,0.0619029231419758,0.00183899383133358,0.00261067617646191,1.12161737422832,3,3,4,371
0.0024592445496425,0.0024592445496425,0,0,0.00287863705451248,0.00151653398499863,0.000109707768879641,0.0497656263772324,0.00299577565043894,0.00162670734656369,0.751452234667624,2,4,4,371
0.000433984332289853,0.000723307220483088,0,0,0.00103103991298624,0.000728660660623907,0,0,0.00103103685807781,0.000728660230098518,6.30393515166361e-11,3,5,4,371
0.00216992166144926,0.00231458310554588,0,0,0.00223655037290826,0.0020931082981001,0,0,0.00223647801213684,0.00209301661463126,4.2271153688489e-08,5,4,4,371
0.00173593732915941,0.00260390599373912,0,0,0.00208449612562346,0.00216625555657173,0,0,0.00208449283407541,0.00216614218798747,3.74243995793222e-08,4,2,4,371
0.00130195299686956,0.000867968664579706,0,0,0.00151738422101117,0.00154633502998606,0.00011074831985344,0.0674248658889438,0.00162809636242952,0.00165736528818812,1.0522343717769,4,2,4,371
0.00130195299686956,0.000723307220483088,0,0,0.00177866117936044,0.00073328023609029,0,0,0.00177863175533685,0.000733279171256467,3.32650529344392e-09,5,4,4,371
0.00274856743783573,0.00260390599373912,0,0,0.00260210501953962,0.00240150648749284,0,0,0.00260204954590652,0.00240150070707822,8.60876525621279e-09,3,5,4,371
0.00289322888193235,0.00173593732915941,0,0,0.00264336840532951,0.00228195440715783,0,0,0.00264309198518141,0.00228192248263688,1.79758160356869e-07,2,3,4,371
0.00188059877325603,0.00216992166144926,0,0,0.00144402592928686,0.00191188341279317,3.38011973162224e-05,0.0199335222545247,0.0014774793841942,0.00194550628045333,0.0434802606841345,4,3,4,371
0.00581976543130234,0.00513508714526677,0,0,0.00424510568976832,0.00705468198118941,0,0,0.00424487080216567,0.00705434871145082,8.08492472970102e-08,3,5,5,419
0.00581976543130234,0.00547742628828456,0,0,0.0062338836715412,0.0064255974001952,0,0,0.006233514355215,0.00642553850907463,5.9396199958428e-08,2,3,5,419
0.00376573057319563,0.00068467828603557,0,0,0.00279751969261162,0.00103295589209821,0,0,0.00279747980260931,0.0010329559956702,1.62091851052537e-09,3,3,5,419
0.00616210457432013,0.00616210457432013,0,0,0.00385191602052585,0.00637502819523643,0,0,0.00385182505661932,0.00637465410706931,7.31618001736933e-08,3,5,5,419
0.0068467828603557,0.00308105228716006,0,0,0.00434184300917336,0.0035062908495343,0,0,0.00434068577120373,0.00350623164983521,8.35828046774623e-07,2,4,5,419
0.0068467828603557,0.00205403485810671,0,0,0.00824371476493696,0.00174575035143588,0,0,0.00824359134766472,0.00174575068958936,5.0190465117339e-09,3,2,5,419
0.00342339143017785,0.00410806971621342,0,0,0.00207809107656196,0.00348651422787631,0,0,0.00207808593984138,0.00348646926063594,1.77007564161613e-09,3,3,5,419
0.00376573057319563,0.0044504088592312,0,0,0.0045646982765436,0.0024242602713609,0,0,0.00456453933035735,0.00242425395903413,1.56151713781583e-08,3,5,5,419
0.00171169571508892,0.0068467828603557,0,0,0.00138073791070319,0.010136493389172,0,0,0.00138073823516522,0.0101339202304642,1.68725381399781e-06,3,2,5,419
0.00547742628828456,0.00376573057319563,0,0,0.00438490159995225,0.00256587560582198,0.000212598991720857,0.0594835786031115,0.00459829029627668,0.00277812632755333,0.573747126425502,3,4,5,419
0.00411548727521994,0.00633151888495376,0,0,0.003635554491354,0.00598752221709355,0,0,0.00363552202786051,0.00598743777272044,5.011656867282e-09,3,4,6,276
0.00126630377699075,0.00538179105221069,0,0,0.00100591147816764,0.00400188077433178,0.000277377628460844,0.118365441067702,0.00128429057177801,0.00427792129984019,1.84733559423114,3,5,6,276
0.00411548727521994,0.00569836699645838,0,0,0.00399749944525729,0.00674887402141075,0,0,0.00399746795593415,0.00674553748400514,4.32325219890117e-06,4,2,6,276
0.00348233538672457,0.00411548727521994,0,0,0.00264069643307769,0.00169146958512922,0.000284324922727408,0.118271341328868,0.00291936299558314,0.00195530607762855,1.35460799049085,5,2,6,276
0.00158287972123844,0.00316575944247688,0,0,0.00161749234143636,0.00325196164674529,0,0,0.00161746324860395,0.00325187515158324,9.2646246230288e-09,2,5,6,276
0.005065215107963,0.00474863916371532,0,0,0.00459419918636964,0.00561949585972034,0,0,0.00459381982919997,0.00561879071579994,3.57664077910158e-07,4,5,6,276
0.00379891133097225,0.00284918349822919,0,0,0.00455670226018144,0.00290614718308085,3.36342342117431e-05,0.00915591521865535,0.00458922417328529,0.00293965795797236,0.00314637850357258,5,3,6,276
0.000949727832743063,0.00411548727521994,0,0,0.000317908376478006,0.00531184580137488,0,0,0.000317908679442977,0.00531096893870845,4.90526247176604e-07,2,4,6,276
0.00443206321946763,0.00443206321946763,0,0,0.00456107315587411,0.00492277480306481,0.000110314567610166,0.0227505860515233,0.00466526157986477,0.00503157200396821,0.0856660195982499,3,4,6,276
0.00189945566548613,0.0025326075539815,0,0,0.00263247938581871,0.00299504869774182,0,0,0.00263212158528578,0.00299418531344901,8.7004775650712e-07,2,2,6,276
0.00186593591926726,0.00186593591926726,0,0,0.00142583868461298,0.00144071630277953,0,0,0.00142581884808666,0.00144065566391646,1.15205125439388e-08,3,2,7,252
0.00233241989908407,0.00233241989908407,0,0,0.00191391237829107,0.00142804634031432,0,0,0.00191388435518482,0.00142802116006519,3.5585969726526e-09,5,3,7,252
0.00466483979816815,0.00396511382844292,0,0,0.00379707543957339,0.00293423345786366,0.000205580851417042,0.0579904566724652,0.00397969322056962,0.0031408946856544,0.859554837894052,3,4,7,252
0.00163269392935885,0.000699725969725222,0,0,0.000944332889082834,0.000950853642118053,0,0,0.000944329656477366,0.000950842280117764,6.12516259934637e-10,3,2,7,252
0.0032653878587177,0.00373187183853452,0,0,0.00318650346755137,0.00435844564998117,0,0,0.00318645271617837,0.00435788410823412,2.76848936664464e-07,3,3,7,252
0.00163269392935885,0.00279890387890089,0,0,0.000945610910789906,0.00249566407808562,0,0,0.000945610895809616,0.00249551761760984,3.97329529278068e-08,3,2,7,252
0.00116620994954204,0.000699725969725222,0,0,0.00290563194706227,0.000471206412294347,0,0,0.00290540611280326,0.000471205129342965,7.2155472707891e-08,4,2,7,252
0.00116620994954204,0.00116620994954204,0,0,0.000945655549640497,0.00120910441445391,0,0,0.000945652777720803,0.00120900842584795,3.10135988002003e-08,3,2,7,252
0.00139945193945044,0.00209917790917567,0,0,0.00192920057529446,0.00215888502505009,0,0,0.00192911255608156,0.00215880435579222,2.89930710550834e-08,3,4,7,252
0.00139945193945044,0.000932967959633629,0,0,0.00119446419284363,0.00121539586360326,0,0,0.00119441579901137,0.00121534291866216,1.74140382114274e-08,2,2,7,252
0.00193538291697739,0.00241922864622173,0,0,0.00147422341920196,0.00147348393150186,0,0,0.00147421220888526,0.0014734760241302,2.68627786681463e-10,3,3,8,171
0.00967691458488694,0.00919306885564259,0,0,0.00546946556388463,0.00714735984480706,0.000673169734332697,0.0971245757727819,0.00612746682344381,0.00782401809731657,1.12373192576922,3,5,8,171
0.00193538291697739,0.00919306885564259,0,0,0.00462749462309636,0.00839717253203621,0,0,0.00462739708257064,0.00839597284960388,3.13716128630404e-07,4,3,8,171
0.00677384020942086,0.00241922864622173,0,0,0.00772379754242058,0.00196050835371382,0,0,0.00772358865591879,0.00196050827708768,1.29116699554288e-08,5,5,8,171
0.00677384020942086,0.00967691458488694,0,0,0.00663330063306062,0.00826825992465962,0,0,0.00663319565339494,0.00826796187195273,2.74511648967746e-08,5,5,8,171
0.00677384020942086,0.00338692010471043,0,0,0.0061388440054565,0.00299760985000567,0,0,0.00613867266856246,0.00299760170304481,1.09246798274398e-08,3,3,8,171
0.00870922312639824,0.00290307437546608,0,0,0.00741424677896025,0.0031995661268517,0.000275782758014983,0.0533462507423386,0.00769669204400252,0.00347608160637257,0.427856210876286,5,4,8,171
0.00919306885564259,0.00967691458488694,0,0,0.00349634054916164,0.00246752618554695,0,0,0.00349611971039983,0.00246749369096114,2.83996826055954e-08,5,4,8,171
0.00628999448017651,0.00387076583395478,0,0,0.00632009077044114,0.00358943058059181,0,0,0.00631865737241267,0.00358929286987178,5.84557568572563e-07,2,2,8,171
0.00483845729244347,0.00193538291697739,0,0,0.00531218633606726,0.00151483766346993,0.000443818560796474,0.132180008328643,0.005785342183877,0.00195947592568323,1.9702991182296,2,5,8,171
0.0136477989164749,0.0272955978329499,0,0,0.00696497684524946,0.0288621315923751,0,0,0.0069649733394345,0.0288539778144009,1.54547134911809e-06,4,5,9,141
0.0255896229683905,0.0170597486455937,0,0,0.0277614995046637,0.0208122001702431,0.00109632091972075,0.0436012968659286,0.0287148261857259,0.0219051851256322,0.289834949045485,4,5,9,141
0.0221776732392718,0.0153537737810343,0,0,0.0183012726709677,0.0179296361102745,0,0,0.0183005615893602,0.0179293796875226,2.00952001705446e-08,5,5,9,141
0.0255896229683905,0.00682389945823747,0,0,0.0282151930989283,0.00601421379328414,0.00097126288758173,0.0680217951629999,0.0294042003720915,0.00699026429495633,0.312124446315124,2,3,9,141
0.032413522426628,0.0238836481038311,0,0,0.0163410110235323,0.0249074969655548,0,0,0.0163401927785326,0.0249001475586312,1.15447616622077e-06,5,5,9,141
0.032413522426628,0.018765723510153,0,0,0.0200496891843821,0.0185120904108928,0,0,0.020048750325054,0.0185105162321467,9.39382118758658e-08,4,4,9,141
0.0119418240519156,0.0102358491873562,0,0,0.0111916947097797,0.0110801942454818,0.00162124871245655,0.127086277494892,0.0128938286147897,0.0127308030132316,2.30629500918903,2,3,9,141
0.0255896229683905,0.032413522426628,0,0,0.0362261443073645,0.024998167127432,0.00120223269748289,0.0383914113808319,0.0374223279637607,0.0261957789949564,0.112687096100444,4,2,9,141
0.0238836481038311,0.0153537737810343,0,0,0.0205219177946939,0.012473850278694,0,0,0.0205184180778875,0.0124737293304667,3.05740059047821e-07,3,4,9,141
0.0119418240519156,0.0119418240519156,0,0,0.00348459210830446,0.0127315067215128,0,0,0.00348458904211763,0.0127303510216047,5.58745796297444e-08,2,2,9,141
0.00789463295437547,0.0118419494315632,0,0,0.0103558680672445,0.0114999991111574,0.000808965396726945,0.0690069862353324,0.0111607662564574,0.0123022657627776,0.632092919780405,4,5,10,248
0.0118419494315632,0.00657886079531289,0,0,0.00494118451570467,0.0112236931312281,0,0,0.00494116051754753,0.0112221831750992,2.51853464305896e-07,5,2,10,248
0.00723674687484418,0.0105261772725006,0,0,0.00582628930250785,0.0111454581127469,0.00013994031702834,0.0170543206160855,0.00596399286694951,0.0112820883983921,0.0179008291930813,2,5,10,248
0.00986829119296933,0.00263154431812516,0,0,0.00999840666092099,0.0032562233731599,0.000139582609675248,0.0237894261208376,0.0101648767138941,0.00339582086381746,0.0247528071909926,2,3,10,248
0.0059209747157816,0.00131577215906258,0,0,0.00613514234920887,0.00202565754374215,0,0,0.00613316710945374,0.00202566391826459,7.91690723644933e-07,2,4,10,248
0.0059209747157816,0.0131577215906258,0,0,0.0102996658084168,0.00570888699221619,0,0,0.0102912177281756,0.0057087510977265,7.70137418726335e-06,2,3,10,248
0.00921040511343805,0.00789463295437547,0,0,0.00778163834098682,0.00563289016213146,0,0,0.00778096743294017,0.00563263641823031,1.15070946549167e-07,4,4,10,248
0.00723674687484418,0.0118419494315632,0,0,0.00910516398986193,0.00922635672697123,0,0,0.00910322657527314,0.00922274535274717,2.14628806816108e-06,3,3,10,248
0.00921040511343805,0.00723674687484418,0,0,0.00788737316169435,0.00716977689945783,0,0,0.00788666677500732,0.00716868379454577,3.29279686184236e-07,5,3,10,248
0.00723674687484418,0.0105261772725006,0,0,0.00999611458429333,0.00945347170184384,0.00055446560913841,0.0539590325590117,0.0106153094947229,0.0100079555110407,0.897195069898459,2,4,10,248
0.00296628772691956,0.003650815663901,0,0,0.00313378401867188,0.00424442113612091,0,0,0.00313371887494506,0.00424340186116624,9.25121355521696e-07,3,2,11,283
0.003650815663901,0.0018254078319505,0,0,0.0036440477268526,0.00245835396547722,0,0,0.00364391650218784,0.00245822712064674,4.5169628037911e-08,3,2,11,283
0.000456351957987625,0.00296628772691956,0,0,0.000691256827504681,0.00189761325433131,0,0,0.000691256202800541,0.00189748213196769,3.78122990696284e-08,3,3,11,283
0.00114087989496906,0.00296628772691956,0,0,0.00153009513564591,0.00456966254057168,0.000374009043209625,0.121902312422367,0.00189451840753129,0.00491979754457935,1.37264815183704,2,3,11,283
0.00091270391597525,0.00319446370591337,0,0,0.000223867310604335,0.0038697918311233,0.000235637499300463,0.171561598438151,0.000459565599320637,0.00408690357975109,3.41824489247514,2,3,11,283
0.00342263968490719,0.00205358381094431,0,0,0.00391913991039056,0.00255871350670046,0.00028089400845563,0.0813367693319022,0.00417521939234419,0.00283520904070691,0.671136437624511,2,4,11,283
0.00433534360088244,0.00456351957987625,0,0,0.00433986738114985,0.00352702471863653,0,0,0.00433974554889784,0.00352633683269611,6.4564187596261e-07,3,2,11,283
0.00159723185295669,0.00319446370591337,0,0,0.00139401004786284,0.00383886805477909,0,0,0.00139400967700222,0.00383878000099903,7.73644615037483e-09,3,3,11,283
0.00456351957987625,0.00228175978993812,0,0,0.00648811685497591,0.00411351409977782,0,0,0.00648686103400946,0.00411346059906371,9.39514507081185e-07,3,5,11,283
0.00342263968490719,0.00387899164289481,0,0,0.00300582380413073,0.00376407008449042,0.000105178873543474,0.0303155174575378,0.00309798688693236,0.00384777434326472,0.0833247146880467,5,5,11,283
0.00752549229740878,0.00430028131280502,0,0,0.00669723213213282,0.00726005296692089,0,0,0.00669613348464199,0.00725892415907285,5.3179158499006e-07,4,4,12,130
0.00806302746150941,0.00107507032820125,0,0,0.00744403184291786,0.00190776959675331,0.000340140404043592,0.0813134793889006,0.0078216022901178,0.00225276953955865,0.490471833582632,3,2,12,130
0.00913809778971067,0.00430028131280502,0,0,0.0116493371129608,0.00510688891278292,0.000271657462202324,0.0339260216805894,0.011951978332017,0.00541583902119467,0.22908156980651,4,2,12,130
0.0059128868051069,0.00322521098460376,0,0,0.00599827978590652,0.00278809027808916,0,0,0.00599693940810001,0.00278807748426003,6.26371445378027e-07,3,3,12,130
0.00376274614870439,0.00107507032820125,0,0,0.00280113759117487,0.000541231678026216,0,0,0.00280055711512397,0.000541231400640019,2.08345298347012e-07,2,2,12,130
0.00161260549230188,0.00752549229740878,0,0,0.00122416867275847,0.0084503480154426,0.00041737943662416,0.109395151114677,0.0016445915580383,0.00890305124305427,1.02139144901034,3,4,12,130
0.0107507032820125,0.00698795713330816,0,0,0.0109722470050197,0.00633808533994086,0,0,0.0109677306367588,0.00633779862557318,2.97826136375079e-06,5,4,12,130
0.00376274614870439,0.0107507032820125,0,0,0.00810635996527549,0.00805961084297957,0.00015199940635956,0.018457838377835,0.00825790748791702,0.00820356750060447,0.021344800485565,5,2,12,130
0.00698795713330816,0.00752549229740878,0,0,0.00961964296534182,0.00626802569285462,0,0,0.00961692168758008,0.00626781707393053,1.30436490053398e-06,5,4,12,130
0.00967563295381129,0.00483781647690565,0,0,0.000806960285383287,0.0123222231556684,0.000868788071218426,0.184786569581015,0.00169243692433691,0.0131773112783137,2.04669090849436,3,3,12,130
0.0107035150669259,0.0147173332170231,0,0,0.00841420040821402,0.0101024825697607,0,0,0.00841409413544068,0.010101935196816,2.13969428841665e-08,3,3,13,156
0.0160552726003889,0.0240829089005833,0,0,0.00975882175939501,0.0235515921107191,0,0,0.00975872666590432,0.023547755593371,4.1146799389935e-07,3,5,13,156
0.0133793938336574,0.00668969691682869,0,0,0.018719363933003,0.00557807891469252,0,0,0.0187181446069491,0.00557802489539019,6.57484804378328e-08,4,2,13,156
0.0200690907504861,0.0147173332170231,0,0,0.0238091735707863,0.0183938448007997,0,0,0.0238084167568918,0.0183899281152366,5.56178036958954e-07,5,2,13,156
0.0160552726003889,0.00401381815009721,0,0,0.0156998533712341,0.00271764501397369,0,0,0.0156989515802439,0.00271764645388627,4.21235739622716e-08,3,3,13,156
0.0107035150669259,0.0267587876673148,0,0,0.0137499182477603,0.0190003893606054,0,0,0.0137423542684442,0.0189980164418135,2.78337455483779e-06,2,4,13,156
0.00668969691682869,0.0107035150669259,0,0,0.00554680085918299,0.01549964465584,0,0,0.00554639869551833,0.0154962206979854,6.28717884865182e-07,3,5,13,156
0.0173932119837546,0.0240829089005833,0,0,0.0124268582598195,0.025972383857519,0.000781903441819146,0.0415934915941759,0.0132198312659635,0.0267328652713148,0.313146324777961,3,4,13,156
0.00668969691682869,0.0147173332170231,0,0,0.0105468794423585,0.0178359523997406,0,0,0.0105449752165553,0.0178306464908873,1.23389722261891e-06,3,3,13,156
0.0160552726003889,0.0187311513671203,0,0,0.00621826169734769,0.0213173318047949,0.000813975658021606,0.0652470861192393,0.00704067458910763,0.0221329531433013,0.389241027244992,3,3,13,156
0.000619925236890244,0.00148782056853659,0,0,0.000380420408301094,0.00165557459201173,0,0,0.000380431397792009,0.00165553579575432,9.7254826414428e-09,2,5,14,432
0.000619925236890244,0.000619925236890244,0,0,0.000878498545682393,0.000878211276342349,0,0,0.00087849862948199,0.000878209890581928,1.88435933523579e-11,5,5,14,432
0.00161180561591463,0.000991880379024391,0,0,0.00170667066686716,0.00050004409261309,0,0,0.00170626377757413,0.000500044640112202,7.22243868267469e-07,2,5,14,432
0.000743910284268293,0.00198376075804878,0,0,0.000503512039361995,0.00292406215274157,0,0,0.000503512103695574,0.00292394478621574,4.22128323407378e-08,3,3,14,432
0.00111586542640244,0.00136383552115854,0,0,0.00114076487925339,0.00182267944029514,0,0,0.00114075264717442,0.00182233430362639,4.8567133603683e-07,3,2,14,432
0.00161180561591463,0.00136383552115854,0,0,0.00165542569663677,0.00139284660245876,0,0,0.00165535829806728,0.00139283226233568,2.23812435251602e-08,3,5,14,432
0.000743910284268293,0.00185977571067073,0,0,0.000900305046932597,0.00101107230687911,0,0,0.000900279235840705,0.00101107050069487,5.55994006390392e-09,2,3,14,432
0.00210774580542683,0.00136383552115854,0,0,0.00245825650065124,0.0015216866286521,0,0,0.00245802534544762,0.00152166025463215,1.70086991602147e-07,4,4,14,432
0.00148782056853659,0.00185977571067073,0,0,0.00162255261421386,0.00253846506618489,0,0,0.00162247920640183,0.0025382523404324,1.55889949837729e-07,2,2,14,432
0.00210774580542683,0.000991880379024391,0,0,0.00184099679623718,0.00126579500982049,0,0,0.00184093702562414,0.00126579459782831,1.58128159455373e-08,2,5,14,432
0.00212732622876088,0.000744564180066308,0,0,0.00119079290391461,0.000751160621110242,0,0,0.00119078945132463,0.000751160559805178,9.52411483012838e-11,4,4,15,515
0.00191459360588479,0.000319098934314132,0,0,0.00187575095032939,0.000643641143778764,0,0,0.00187567458817861,0.000643641376121473,2.75837805929768e-08,4,4,15,515
0.000212732622876088,0.00138276204869457,0,0,0.000106591342982233,0.00109400015547166,0,0,0.000106591504179643,0.00109395080697879,1.98479881419189e-08,2,2,15,515
0.00117002942581848,0.00148912836013262,0,0,0.00144805524668807,0.00142104190747667,0,0,0.00144789148582089,0.00142096389874307,2.0150065438429e-07,2,2,15,515
0.00148912836013262,0.00191459360588479,0,0,0.00204273895915294,0.00242042384066654,0,0,0.0020426375730392,0.00242041868876819,4.44341594629805e-08,2,5,15,515
0.0017018609830087,0.00117002942581848,0,0,0.00163527417943458,0.00174194670147397,3.59740313220931e-05,0.0208695187131556,0.0016719964068649,0.00177941991269449,0.106137380760629,2,2,15,515
0.000319098934314132,0.00212732622876088,0,0,0.000213544338073553,0.00220086231315619,0,0,0.000213544340569705,0.00220075134878422,5.04262516187737e-08,2,4,15,515
0.000744564180066308,0.00159549467157066,0,0,0.000537224426279734,0.00153188033398757,0,0,0.000537223113854735,0.00153184927602137,6.08923755862634e-09,2,4,15,515
0.00202095991732284,0.00159549467157066,0,0,0.00143374856210728,0.000890618143435938,8.40808413410601e-05,0.0691274140676998,0.00151836926286888,0.000974920333380336,1.33017889856882,5,3,15,515
0.00191459360588479,0.00138276204869457,0,0,0.00254848692932779,0.000979418711938094,0,0,0.00254816809646161,0.000979403966143934,3.57197336597892e-07,3,2,15,515
0.00248414806394776,0.00248414806394776,0,0,0.00208549534770509,0.00238818822192189,0,0,0.00208533790273485,0.00238793671498127,1.24173396898186e-07,2,2,16,166
0.0016560987092985,0.00552032903099502,0,0,0.0035196477451139,0.00504880551687376,0,0,0.00351950017952478,0.00504850617504662,8.21525532046508e-08,3,5,16,166
0.00552032903099502,0.00220813161239801,0,0,0.00397907995609279,0.00173668456100098,0.000121589413948239,0.0440467141295606,0.00410209089303442,0.00186659834152477,0.189676757410297,5,2,16,166
0.00303618096704726,0.00441626322479601,0,0,0.00200886968362644,0.00417842167717146,0,0,0.0020088615719293,0.00417809355386481,8.63394689076813e-08,3,4,16,166
0.00331219741859701,0.00303618096704726,0,0,0.0029919084620506,0.0033291044189767,0,0,0.00299137833409794,0.00332868143755922,4.81539927932317e-07,2,3,16,166
0.00524431257944526,0.00441626322479601,0,0,0.00319690004985578,0.00342377348709183,0,0,0.00319685805561757,0.00342184017425796,3.24303650245383e-06,5,2,16,166
0.00441626322479601,0.00248414806394776,0,0,0.00451063153481225,0.00330797840484929,0.000254829369360532,0.0618444637793922,0.00477424875249037,0.00357579156153077,0.317084912386633,5,2,16,166
0.001104065806199,0.00276016451549751,0,0,0.0026062563779324,0.00141967545540515,0,0,0.00260572706743516,0.00141960983445089,3.72089431266431e-07,3,3,16,166
0.00441626322479601,0.001104065806199,0,0,0.00425664770977903,0.00269619089972825,0.000307874533379185,0.0831421802191594,0.00452528485738542,0.00300615056808186,0.450754891969979,4,2,16,166
0.00386423032169651,0.00248414806394776,0,0,0.00142853072000325,0.00326696979624801,0,0,0.00142852589707917,0.00326677750872117,4.4890697381561e-08,3,3,16,166
0.00169527850470401,0.00339055700940802,0,0,0.00188888585341073,0.00339788422832965,0.000415633719827689,0.140203119311824,0.00230591018939586,0.00383148509834634,2.75213466618544,2,3,17,322
0.0038749222964663,0.0038749222964663,0,0,0.00408754407649655,0.00324814712344512,0,0,0.00408746367120888,0.00324814458817811,7.06802438799059e-09,3,5,17,322
0.00435928758352459,0.00193746114823315,0,0,0.0047482911859094,0.00248924816763155,0,0,0.00474740704538712,0.00248924453106551,6.08771699717181e-07,2,3,17,322
0.00266400907882058,0.00193746114823315,0,0,0.00378266723579249,0.00172814807044417,0,0,0.00378215953905435,0.00172812404552787,2.65191829385003e-07,3,3,17,322
0.00193746114823315,0.00242182643529144,0,0,0.00330423959695541,0.0040755138419911,0,0,0.00330421272245795,0.0040754613158776,3.5003608900297e-09,4,4,17,322
0.00411710493999545,0.00435928758352459,0,0,0.00406387954439199,0.00536054312327749,0,0,0.00406382408500375,0.00536046803754415,7.99997224021354e-09,3,5,17,322
0.00339055700940802,0.0021796437917623,0,0,0.00404868056923552,0.00248831933274504,0,0,0.00404808065460202,0.00248826251062539,3.52754682353407e-07,4,5,17,322
0.00193746114823315,0.00121091321764572,0,0,0.000733197891298985,0.000488696369752269,0,0,0.000733195983608158,0.000488695647529318,2.49755771619675e-11,2,2,17,322
0.00169527850470401,0.00145309586117486,0,0,0.00199045633462033,0.0014826493968185,0,0,0.00199041860822122,0.0014826282150828,4.35167635259859e-09,4,3,17,322
0.00266400907882058,0.00314837436587887,0,0,0.00125581669213969,0.00312392082848126,0,0,0.00125581513692041,0.00312372092537322,4.88780642626807e-08,2,2,17,322
0.00953337798521831,0.0101689365175662,0,0,0.00919331069273391,0.00817294952500327,0.000447104790310951,0.0490463221083481,0.00963556622254472,0.00859276194938836,0.130907600113147,5,3,18,142
0.00190667559704366,0.00635558532347887,0,0,0.0026242928679636,0.0078565424917703,0,0,0.00262428204360562,0.0078525817779918,3.73174978562929e-06,2,2,18,142
0.0050844682587831,0.00635558532347887,0,0,0.00617800645627168,0.00752972036011183,0,0,0.00617773072009672,0.00752936808195521,4.88498983486352e-08,4,4,18,142
0.011440053582262,0.00699114385582676,0,0,0.0187154183837527,0.0076562952862791,0.00058161929064876,0.0461301469325283,0.0192153618327998,0.00823493690021174,0.214052208782448,5,5,18,142
0.00889781945287042,0.00762670238817465,0,0,0.00546745233426508,0.0110106617621509,0,0,0.00546683775958513,0.0110095060616515,2.65398455212562e-07,2,4,18,142
0.011440053582262,0.00254223412939155,0,0,0.00906264089178922,0.00217634445247161,0.00110581903132814,0.191415174932208,0.010176814423345,0.00330645669441867,3.13551067664508,5,2,18,142
0.00762670238817465,0.00444890972643521,0,0,0.00633739932798749,0.00282084394598741,0.00109853294245827,0.203487088795138,0.00745645485395475,0.00392252278893862,2.86536399026369,3,4,18,142
0.00635558532347887,0.00953337798521831,0,0,0.00388650418760684,0.0134243910225578,0.00082727578963395,0.100932918441022,0.00469279573071774,0.0142862106285923,0.858693466865788,5,4,18,142
0.00889781945287042,0.00953337798521831,0,0,0.0101855111195986,0.00817888777284092,0,0,0.0101850783794896,0.00817826213998106,9.48928970956331e-08,5,3,18,142
0.00889781945287042,0.00317779266173944,0,0,0.0106891523672561,0.00289647120794321,0.000370846986304336,0.0616909541962535,0.0109825863625258,0.00326835081232596,0.199158519864937,2,4,18,142
0.00554367574371372,0.00166310272311411,0,0,0.00528931366157269,0.00169377888456473,0,0,0.00528770837942368,0.00169375119985092,8.10715050647559e-07,3,2,19,200
0.00942424876431332,0.0110873514874274,0,0,0.0095846383636685,0.0121145193583886,0.000631871123739106,0.055371160780018,0.0102043308807177,0.0127218939443714,0.303692132486901,3,4,19,200
0.00886988118994195,0.00831551361557057,0,0,0.0100176802155168,0.00576797191892902,0,0,0.0100173203548135,0.00576792463941476,2.2290294054983e-08,4,3,19,200
0.00997861633868469,0.00886988118994195,0,0,0.00751466537417875,0.0118592996167629,0,0,0.00751462640261682,0.0118587968471883,3.78659024136141e-08,5,5,19,200
0.0038805730205996,0.0077611460411992,0,0,0.00436098244934763,0.0100325477907978,0.000404448482225711,0.0573488027962719,0.00474834051881692,0.0104218778733484,0.50472281130871,2,2,19,200
0.00277183787185686,0.00277183787185686,0,0,0.00339515994164143,0.00398083560335658,0,0,0.00339510786551932,0.00398072968795745,6.30649310551235e-09,4,4,19,200
0.0038805730205996,0.0110873514874274,0,0,0.00406340790489528,0.00537302414727963,0,0,0.00406337419936265,0.00537260395962694,6.51741345336632e-08,3,2,19,200
0.00332620544622823,0.00831551361557057,0,0,0.00373723039018896,0.00791112133924235,0.00023710237411092,0.0416650892969441,0.00396757969865334,0.00813847727355033,0.168681850812817,5,5,19,200
0.00332620544622823,0.00498930816934234,0,0,0.00173481613340924,0.00397603933516386,0,0,0.00173471572235771,0.00397593763185606,1.5489092675125e-08,2,4,19,200
0.00886988118994195,0.00942424876431332,0,0,0.0114303943230859,0.00752819756532439,0,0,0.0114287870523407,0.00752814034092538,3.60811668542738e-07,3,5,19,200
0.00247626951330445,0.00297152341596534,0,0,0.00355482249917433,0.00428768044946982,0,0,0.00355481895594236,0.00428725883489328,7.16514421128522e-08,4,2,20,186
0.00346677731862624,0.00148576170798267,0,0,0.0068994545293551,0.00255684255955843,0,0,0.00689898737411976,0.00255683797044144,5.88035504733853e-08,3,3,20,186
0.00643830073459158,0.00198101561064356,0,0,0.00521645886809336,0.00150309247585073,0,0,0.00521504789075212,0.00150308832874062,7.17209587719481e-07,3,3,20,186
0.00891457024789603,0.00396203122128713,0,0,0.0104384242572003,0.00201510352227119,0,0,0.0104368411520393,0.00201510342478583,5.47735851341713e-07,5,4,20,186
0.00396203122128713,0.00990507805321781,0,0,0.00321024863948295,0.00992925429354874,0.000991397271643448,0.146357074220545,0.0042014088381055,0.0107988162620781,2.50513321712575,3,3,20,186
0.00693355463725247,0.00742880853991336,0,0,0.00626985686641341,0.00430155484560835,0,0,0.00626974167700896,0.00430137032317007,2.19749551888526e-08,4,3,20,186
0.00792406244257425,0.00643830073459158,0,0,0.00745478126593932,0.00957276056523668,0,0,0.00745415959892911,0.00957210681396115,1.75995467088796e-07,3,4,20,186
0.00643830073459158,0.00346677731862624,0,0,0.00899773499058295,0.0035640706973738,0,0,0.00899726214392133,0.0035640661918043,4.42450982518494e-08,4,4,20,186
0.000990507805321781,0.00148576170798267,0,0,0.00100811376841317,0.00358331435897033,0,0,0.00100810406409638,0.00358307061869543,3.20806918807648e-08,2,3,20,186
0.00346677731862624,0.00940982415055692,0,0,0.00150918857101637,0.00783692611752885,0.00101697997577017,0.215037293031531,0.00253415313470662,0.00894095532141052,4.69073962669592,3,2,20,186
0.00457259466523773,0.00457259466523773,0,0,0.00236719297365685,0.00427585110141612,0,0,0.00236718361111657,0.00427563505000828,1.82360224698641e-08,3,3,21,101
0.00571574333154717,0.0114314866630943,0,0,0.0086232275152019,0.0105386997277074,0,0,0.00862150628884588,0.0105360906624014,1.37344559902886e-06,3,3,21,101
0.00514416899839245,0.00800204066416604,0,0,0.00770750264610844,0.000678048834711737,0.000503985743662265,0.161767852219472,0.00841129327457141,0.00119469174120145,1.51183204410216,2,2,21,101
0.00514416899839245,0.0068588919978566,0,0,0.00398742352716494,0.00529409058825056,0.00153699425163865,0.250198180185156,0.0055706533414554,0.00686409178570512,4.77550474021598,3,5,21,101
0.00628731766470189,0.0034294459989283,0,0,0.00752331578920867,0.00117046972941587,0,0,0.00752234245040799,0.00117046776334499,2.08706836701822e-07,5,2,21,101
0.00971676366363019,0.00571574333154717,0,0,0.00752044344779173,0.00893469305961377,0,0,0.00751917381074587,0.00893129365721497,2.23551856493032e-06,3,2,21,101
0.00743046633101132,0.00457259466523773,0,0,0.0082148533394214,0.00294189316924119,0,0,0.00821333420176468,0.00294188813451795,4.42077606521707e-07,5,2,21,101
0.00285787166577358,0.0108599123299396,0,0,0.00832246493825704,0.00433607977457829,0,0,0.00831966369655361,0.00433522251485226,1.66714207239238e-06,2,5,21,101
0.00800204066416604,0.00228629733261887,0,0,0.00814594427266476,0.00176233241410017,0,0,0.00814478036735284,0.00176232640109669,2.71879116553464e-07,5,2,21,101
0.00914518933047547,0.00285787166577358,0,0,0.00607155168055321,0.00235726806600228,0,0,0.00607133096515837,0.0023572640391894,1.49196637266868e-08,4,4,21,101
0.0075369278194588,0.00816500513774703,0,0,0.00957324853690977,0.00894671233917158,0,0,0.00956632688065054,0.00894667222631322,5.52525514763147e-06,2,4,22,140
0.0100492370926117,0.0113053917291882,0,0,0.00504156595112336,0.0121848312919901,0.00122089045862552,0.133247552694837,0.00625401737528007,0.0134052329058076,1.25395126041008,4,3,22,140
0.00314038659144116,0.00251230927315293,0,0,0.00647482448264255,0.00107848851373675,0.000852738357493502,0.226683221031215,0.00708865621833668,0.00193269227639828,2.03292481921179,4,3,22,140
0.0018842319548647,0.0075369278194588,0,0,0.00127032728129053,0.00708777192664748,0.000684955848425273,0.175699701149264,0.00196738876174662,0.00775191836896318,1.74790073747718,2,3,22,140
0.0100492370926117,0.00690885050117056,0,0,0.011388054216176,0.00557854189329484,0.000806836409974945,0.0914330521743136,0.0121691902498213,0.00636663100491203,0.662462607232243,3,3,22,140
0.00502461854630586,0.0106773144109,0,0,0.00220173925837172,0.0136526722904966,0.00185677760782401,0.234033493408554,0.00403141788652563,0.0146260568603942,1.94374802603343,5,2,22,140
0.0125615463657647,0.00314038659144116,0,0,0.013491378256225,0.00455200408268398,0,0,0.0134912825522306,0.00455200652449308,1.06199735228074e-07,4,5,22,140
0.00314038659144116,0.0056526958645941,0,0,0.00350800114786477,0.00550294471373501,0.00047065984444845,0.0965429230875977,0.00400053346021461,0.00597220601321537,0.92545450313014,4,5,22,140
0.0119334690474764,0.00942115977432349,0,0,0.00474907302809696,0.00410223243733127,0,0,0.00474872635268446,0.00410181528105497,9.70223652529967e-08,4,5,22,140
0.00690885050117056,0.0125615463657647,0,0,0.00943555620615926,0.00979559584587506,0,0,0.0094336651126747,0.00978925088411215,5.36146356466816e-06,3,3,22,140
0.00149492963289799,0.00498309877632662,0,0,0.00101113746962676,0.0069252338773754,0,0,0.00101113749476038,0.00692237087145623,1.99852314608506e-06,3,2,23,114
0.0039864790210613,0.00747464816448993,0,0,0.00218979073868342,0.00528165379126569,0.000925167414653367,0.210406717985844,0.00313066303394102,0.0063934356304533,3.2379654481044,3,2,23,114
0.00797295804212259,0.00199323951053065,0,0,0.0084814032008723,0.000378233832024687,0.000637429030520566,0.209453412027744,0.00902239374349399,0.00101747134641869,3.21894305669642,2,3,23,114
0.00298985926579597,0.00199323951053065,0,0,0.00210990662074851,0.00161046559182632,0,0,0.00210904411443365,0.00160993480106683,9.77363100673756e-07,2,2,23,114
0.00249154938816331,0.00348816914342864,0,0,0.00499510962972147,0.00210209534970578,0,0,0.00499394563980333,0.002102039347854,6.02365176405328e-07,3,2,23,114
0.00498309877632662,0.00647802840922461,0,0,0.00566070205688726,0.00650410388465719,0,0,0.00565808084799364,0.00650347683132354,2.15757381738513e-06,3,5,23,114
0.00647802840922461,0.00847126791975526,0,0,0.00651587414198278,0.0083591615810751,0,0,0.00651155805099324,0.00835879829749195,4.2729332392355e-06,2,5,23,114
0.00448478889869396,0.00647802840922461,0,0,0.00691358920130219,0.0038394506964338,0.00153830523192446,0.228173361883898,0.00859863685267594,0.00544163158166954,2.29975374777607,4,5,23,114
0.00697633828685727,0.00896957779738792,0,0,0.0048676126490266,0.00865011569163393,0.00210541808693145,0.243114899335798,0.00703549628164104,0.0105247750847483,3.1461460123401,3,3,23,114
0.00697633828685727,0.00498309877632662,0,0,0.00893755736735836,0.00481674703148831,0,0,0.00893502901968106,0.00481650383092204,1.66846785987218e-06,5,4,23,114
0.00200765476279501,0.0010038273813975,0,0,0.00116524528507119,0.00118126886689974,0,0,0.00116524347225195,0.00118125433729077,1.21627863336471e-09,4,4,24,374
0.00243786649767965,0.00172084693953858,0,0,0.0020670374991435,0.00161663844594054,0,0,0.00206694787187246,0.00161659568783819,3.36966081704304e-08,4,3,24,374
0.00272467432093608,0.00286807823256429,0,0,0.00188794767244432,0.00185027549335497,5.92338561504906e-05,0.0307189163419071,0.00194786553902154,0.00190977697087179,0.196877402389305,2,2,24,374
0.00229446258605143,0.0010038273813975,0,0,0.00191655410998045,0.00131094755015457,0,0,0.00191650028643365,0.00131093853843326,1.05879394141084e-08,4,4,24,374
0.00272467432093608,0.00186425085116679,0,0,0.0015827440961609,0.00235417028144428,0.0005311647978452,0.215074055404681,0.00212507378558471,0.00289768210947258,8.18468653820264,2,2,24,374
0.000573615646512859,0.00258127040930786,0,0,0.00072246711760233,0.00298704457253901,0,0,0.000722467150752071,0.00298654364507609,6.58044882584363e-07,5,2,24,374
0.00258127040930786,0.00258127040930786,0,0,0.00170202163075829,0.00277590525452369,6.88103842786829e-05,0.0306581447624328,0.00177062620262608,0.00284329981642073,0.256311837300586,3,4,24,374
0.00143403911628215,0.000717019558141073,0,0,0.00193105282618822,0.000868300175546154,0,0,0.00193093006324438,0.000868299266037621,5.47555032426317e-08,3,5,24,374
0.00114723129302572,0.00272467432093608,0,0,0.000901280175175939,0.00316997112039407,0.00011697405570678,0.063938906726012,0.00101934746175405,0.00328872417188264,1.45716830532024,5,5,24,374
0.000860423469769288,0.0010038273813975,0,0,0.000872482762233968,0.00116838197168343,0,0,0.000872478029646346,0.00116837330367885,6.17205841990653e-10,3,4,24,374
0.0297649990936377,0.0251857684638473,0,0,0.0353043322173813,0.0138362956272746,0.00630908720746312,0.217902426337334,0.0413149280955694,0.0201229951040187,2.9523950849603,5,2,25,100
0.0183169225191617,0.0366338450383233,0,0,0.0393199156990103,0.0348837840978468,0.00678613637942159,0.154821859486498,0.0460028551452947,0.0410236809076358,1.094665662647,3,2,25,100
0.0412130756681137,0.0297649990936377,0,0,0.0363955680975679,0.0432151014903674,0,0,0.0363950026530965,0.0431589022688615,1.99758522967386e-05,5,2,25,100
0.00457923062979041,0.0206065378340569,0,0,0.0046949364886963,0.0187586598580605,0,0,0.00469492950636758,0.0187415502719742,5.52311468027256e-06,2,2,25,100
0.0366338450383233,0.0251857684638473,0,0,0.0282105095661768,0.0193621922619653,0.00529026365169627,0.18408559505304,0.0332307805614158,0.024119528038135,1.77560306373744,3,2,25,100
0.0457923062979041,0.0366338450383233,0,0,0.0324555151192647,0.0585691531166111,2.80327858266385e-07,6.42960982102557e-06,0.0324556413289363,0.0584168921449703,1.97582866974244e-05,2,3,25,100
0.0160273072042664,0.0412130756681137,0,0,0.00865732699489837,0.0283224217723737,0.000890604483464453,0.0533263619136251,0.00955077597353874,0.0293100588144574,0.102470741752427,3,2,25,100
0.0206065378340569,0.00457923062979041,0,0,0.0289016590844288,0.00917513970950291,0.000315439356973258,0.0189430969080007,0.0292329402640812,0.00948548870346633,0.000163455635146192,2,3,25,100
0.0183169225191617,0.0274753837787425,0,0,0.0175764752389364,0.0247536638487958,0,0,0.0175709267760089,0.0247513889449751,7.58611662377007e-07,2,4,25,100
0.0412130756681137,0.00686884594468562,0,0,0.0584255953092306,0.00708474563439166,0,0,0.058383345992634,0.00708474419218823,9.89255488548224e-06,5,2,25,100
0.0181966227669692,0.0283058576375076,0,0,0.0198359550635892,0.0341152056107251,0,0,0.0198327052914276,0.0340982625175083,3.69509976394511e-06,3,4,26,104
0.0101092348705384,0.0363932455339383,0,0,0.0152332714680888,0.0344399134609956,0,0,0.0152325323849841,0.0344169923346262,6.60625525483738e-06,4,4,26,104
0.00808738789643074,0.0121310818446461,0,0,0.012653181104568,0.00852364622600048,0,0,0.0126515828354576,0.00852049366274712,6.2080142981813e-07,5,2,26,104
0.0222403167151845,0.0161747757928615,0,0,0.0233994317030873,0.0178217978338571,0.00280515195258057,0.120656369638484,0.0262369587886934,0.0207921259218278,0.968475836200895,5,3,26,104
0.0141529288187538,0.0181966227669692,0,0,0.00813441763436075,0.0261371562086888,0.000317532510267464,0.0212353002310176,0.00844983084181573,0.0264380230013677,0.00894018180397893,2,5,26,104
0.0363932455339383,0.0181966227669692,0,0,0.0218086487809637,0.016388845740759,0.000896199191084283,0.0452386870506246,0.0226843975878462,0.0172994562781598,0.0710031671209777,2,3,26,104
0.0404369394821537,0.0242621636892922,0,0,0.024192577461573,0.0278186114406011,0,0,0.0241922256860239,0.0278143894113222,2.5993523422585e-07,5,3,26,104
0.0202184697410768,0.0343713985598306,0,0,0.0293548865381531,0.0263117754901762,0.00025359881305542,0.00904234662802963,0.0295920925997729,0.0265589322805695,0.00312884225664334,2,4,26,104
0.0404369394821537,0.00808738789643074,0,0,0.026076107772737,0.00571347253509772,0.00295193532300127,0.186124461368491,0.0284773859396351,0.00858053659307806,1.99055323572171,2,2,26,104
0.0363932455339383,0.0181966227669692,0,0,0.0284297381153835,0.0114159498544227,0.00121508036459535,0.0627929979194737,0.0296449981776415,0.0126380890279132,0.348239527755766,4,3,26,104
0.00609355640170267,0.00152338910042567,0,0,0.00635884564817259,0.00092829181801644,0,0,0.00635647300187022,0.000928291881015275,3.37193736754671e-06,5,3,27,150
0.00121871128034053,0.0027421003807662,0,0,0.000934447812183455,0.00356214567685324,0,0,0.000934447226727979,0.00356204807696048,9.34201693780778e-09,2,5,27,150
0.00548420076153241,0.00517952294144727,0,0,0.00557433661431975,0.0052343610268165,0.000841760825960913,0.134815553086102,0.0064036141100965,0.00608025157378654,1.23295840433104,4,5,27,150
0.004570167301277,0.00152338910042567,0,0,0.00396661794145444,0.00189855477500235,0,0,0.00396634511618745,0.00189855646098278,6.10607173712197e-08,5,4,27,150
0.0036561338410216,0.000914033460255401,0,0,0.0045567170137109,0.000928896449452275,0,0,0.00455570509890563,0.000928896687344917,9.67963359244095e-07,2,3,27,150
0.0018280669205108,0.00396081166110674,0,0,0.0024415043350424,0.00288573772673246,0,0,0.00244053346456993,0.00288569664602273,1.06532991139829e-06,2,5,27,150
0.00487484512136214,0.00213274474059594,0,0,0.00390662771987215,0.00222107078607552,0,0,0.00390649733006326,0.0022210569155044,1.55189638917363e-08,5,4,27,150
0.0027421003807662,0.00396081166110674,0,0,0.0032982855970403,0.00450258886129166,0,0,0.00329796063512653,0.00450066214420365,2.38710239841566e-06,3,3,27,150
0.00548420076153241,0.00335145602093647,0,0,0.00561560380575948,0.00205888524178123,0,0,0.0056147461211723,0.00205879866575154,3.59624550583248e-07,3,2,27,150
0.00578887858161754,0.00335145602093647,0,0,0.00429549340536795,0.00191908237137441,0,0,0.00429489657673959,0.00191902058320442,2.48673103442343e-07,3,2,27,150
0.00127873164552319,0.00298370717288745,0,0,0.00223854980174224,0.00365405729146275,0,0,0.00223849868726057,0.0036538342029542,6.32553565083072e-08,2,3,28,283
0.00404931687749011,0.00213121940920532,0,0,0.00415090621224625,0.00109556776849603,0,0,0.00415058742013005,0.00109556766863959,1.29631331446944e-07,3,3,28,283
0.00340995105472851,0.00149185358644372,0,0,0.00218724538238676,0.00064870519859156,0,0,0.00218720053417536,0.000648708799652164,4.54605242339312e-09,5,2,28,283
0.00277058523196692,0.00255746329104638,0,0,0.0017465859079115,0.00358339087100365,0,0,0.00174654934267894,0.00358277801877156,4.67183213004319e-07,3,4,28,283
0.00383619493656958,0.000852487763682128,0,0,0.00480472451635731,0.00103203325165784,0.000292172895724048,0.112462874276487,0.00511054128535081,0.00133146793913862,1.25143668382543,3,2,28,283
0.000639365822761596,0.000639365822761596,0,0,0.000646033584965851,0.000644305836884269,0,0,0.000646032617277363,0.000644305128258809,1.01181285572238e-11,3,3,28,283
0.00170497552736426,0.00319682911380798,0,0,0.0013065984961399,0.00287820870064926,0,0,0.0013065716578057,0.00287796090223847,9.74867759850895e-08,3,4,28,283
0.000639365822761596,0.00298370717288745,0,0,0.00086655621742715,0.00240393752882122,0,0,0.000866554878465504,0.00240388682405617,4.86625140183605e-09,2,5,28,283
0.00426243881841064,0.000426243881841064,0,0,0.00572438556417683,0.000645291578358555,0,0,0.00572410605890775,0.000645291803251951,8.12956955087429e-08,5,3,28,283
0.00362307299564904,0.00404931687749011,0,0,0.00702599811626345,0.00316939775891144,0.000384765048135999,0.0749713770784285,0.00741351619440736,0.00356870730268714,1.09924097829321,5,2,28,283
0.00329802331330008,0.00177585870716158,0,0,0.0037031445846627,0.000774954620854462,0,0,0.00370087300284408,0.000774960300098121,4.45636240442582e-06,2,3,29,175
0.00076108230306925,0.00482018791943858,0,0,0.00129451204653433,0.00547806859165522,0,0,0.00129451183833558,0.00547631745760758,2.43509339270531e-06,3,5,29,175
0.00228324690920775,0.00228324690920775,0,0,0.00129947349582727,0.00254099713419255,0,0,0.00129947321559556,0.00254041513088871,5.94439825363224e-07,3,2,29,175
0.00482018791943858,0.00253694101023083,0,0,0.00434882442961984,0.00295172241169822,0,0,0.00434861627760517,0.00295166765793742,3.95916117668094e-08,5,5,29,175
0.00431279971739241,0.0045664938184155,0,0,0.00298685069427457,0.0041094768797771,5.31930449145781e-05,0.0149530211479987,0.00304212865052437,0.00416497552780347,0.0308090446893061,3,5,29,175
0.00177585870716158,0.00177585870716158,0,0,0.0018287219716903,0.00184353572784079,0,0,0.00182867043651926,0.00184338836637667,4.9485606723465e-08,5,3,29,175
0.00329802331330008,0.00253694101023083,0,0,0.00323599404884749,0.00234182985163355,0.000197680382113664,0.0669435949833039,0.00341474378862332,0.00254023709062077,0.282367255615526,2,2,29,175
0.00507388202046166,0.00126847050511542,0,0,0.00847712327626942,0.0016255335508015,0,0,0.00846993927795179,0.00162553408044712,1.37757303093622e-05,2,2,29,175
0.0045664938184155,0.0045664938184155,0,0,0.00468048240551372,0.00495744780035448,0.000292320628526232,0.0572122149346433,0.00496403873498596,0.00513363046555766,0.306573378401708,4,2,29,175
0.00279063511125392,0.0045664938184155,0,0,0.00387134686875252,0.00699324671060155,0,0,0.00387128338328702,0.00699002946808013,4.45072777210953e-06,3,3,29,175
0.0027703941993345,0.00615643155407667,0,0,0.00259201904259342,0.00515047343368412,0,0,0.00259159350831243,0.00514971661110336,5.51525715764001e-07,2,3,30,459
0.00492514524326134,0.00430950208785367,0,0,0.00315853180614611,0.0049019216676132,0,0,0.00315852819543085,0.00490171789780982,2.44008049321565e-08,3,2,30,459
0.00615643155407667,0.00307821577703834,0,0,0.00713161075879296,0.00282286112505775,0,0,0.00713147322688774,0.00282286071895752,8.90787532625836e-09,3,4,30,459
0.00492514524326134,0.00246257262163067,0,0,0.00345585061808923,0.00188360673858697,0,0,0.00345580508274892,0.0018835764881206,3.43769102073566e-09,4,2,30,459
0.00461732366555751,0.00615643155407667,0,0,0.00545280374797415,0.00621861666555581,0,0,0.00545277597206979,0.00621846072369376,1.41649820761813e-08,4,3,30,459
0.00461732366555751,0.00584860997637284,0,0,0.00561005537025868,0.00507255426274169,0,0,0.0056096761429996,0.00507254684381743,9.1058439011249e-08,2,5,30,459
0.003693858932446,0.00615643155407667,0,0,0.00504130270638216,0.00738703082183278,0,0,0.00504118839228155,0.00738618094757335,3.1020647384139e-07,5,5,30,459
0.0027703941993345,0.00523296682096517,0,0,0.00298292969794466,0.00585784232987523,0.000524446871368747,0.110846519459692,0.00351621015012444,0.00638705964219011,3.45505134241785,2,4,30,459
0.00615643155407667,0.00554078839866901,0,0,0.00505735286045722,0.00440399953320496,0,0,0.00505721558332229,0.00440392859425681,1.64240532285476e-08,5,5,30,459
0.00430950208785367,0.0027703941993345,0,0,0.00477552387777297,0.00155524880922836,0,0,0.00477517100039864,0.00155524498684016,7.98294195192284e-08,3,3,30,459
0.00200450008039769,0.00272039296625401,0,0,0.000889220239518203,0.00348151148100284,0,0,0.00088921807289918,0.00348144641391832,9.42253564062412e-09,2,4,31,372
0.0015749643488839,0.0015749643488839,0,0,0.00237633013666478,0.00118337322886933,0,0,0.00237613895746761,0.00118334762458721,1.05937317584903e-07,4,4,31,372
0.00229085723474022,0.00186132150322643,0,0,0.00213648565085952,0.00218100241477534,9.72266611075191e-05,0.043099581945694,0.00223215531456387,0.00227947361427682,0.203799147885718,4,3,31,372
0.00171814292605516,0.000715892885856318,0,0,0.00195267655350273,0.000903697375179292,0.000133115050334119,0.0905193874952765,0.00208392345102069,0.0010391939697637,1.91380051614848,5,2,31,372
0.00143178577171264,0.00229085723474022,0,0,0.00184453596297126,0.00228831412401971,7.91286213022538e-05,0.037079099790361,0.00192395543999928,0.00236840081968693,0.419395745742008,4,5,31,372
0.0015749643488839,0.00186132150322643,0,0,0.0020114871333038,0.00286917170107263,0,0,0.0020113669726557,0.00286910182946731,5.72898670725408e-08,2,3,31,372
0.00128860719454137,0.00229085723474022,0,0,0.000724998913897969,0.00178269945810369,0,0,0.00072499668762475,0.00178256160483608,7.08906782165286e-08,3,3,31,372
0.0015749643488839,0.00114542861737011,0,0,0.00179294854841781,0.00163084306155526,0.000149289597663485,0.0802882743821963,0.00193417155462362,0.00177382960260944,2.25895383471766,3,4,31,372
0.00229085723474022,0.00143178577171264,0,0,0.00205828365503399,0.00134291271114229,0,0,0.00205822620461823,0.00134283749264531,3.8981227135082e-08,4,4,31,372
0.00229085723474022,0.00128860719454137,0,0,0.00187699270530015,0.0012738720545802,4.63388449661931e-05,0.0290801384306526,0.00192309238979155,0.00131997699595345,0.09713131280634,4,3,31,372
0.00727727524771366,0.00335874242202169,0,0,0.00418565978860811,0.00681164045450313,0,0,0.0041853127965827,0.00680996409830667,6.78934782172291e-07,2,3,32,149
0.00447832322936225,0.00839685605505422,0,0,0.00315429415872263,0.00498617882284687,0.000409661380499096,0.0934177376637631,0.00356339006623668,0.0053826707368264,0.626425426077986,2,3,32,149
0.00783706565138394,0.00951643686239478,0,0,0.00795903807610446,0.00650442508052122,0,0,0.00795889373112907,0.00650307236583891,4.06531711405478e-07,5,2,32,149
0.0100762272660651,0.00671748484404338,0,0,0.00171275740477009,0.00172078068205669,0,0,0.00171273714944138,0.00172071909927525,4.17118428686081e-09,2,3,32,149
0.00279895201835141,0.00279895201835141,0,0,0.00477625537405432,0.00171452092246316,0,0,0.00477605191258907,0.00171452212468049,1.56959316655048e-08,3,3,32,149
0.00727727524771366,0.00839685605505422,0,0,0.00808659506180233,0.0074816304393289,0,0,0.00808372215052047,0.00747677195911495,6.10608893225617e-06,3,2,32,149
0.0111958080734056,0.00223916161468113,0,0,0.00984743693892127,0.00113496840564158,0,0,0.00984583113347353,0.00113497339841039,4.08051818112654e-07,5,3,32,149
0.0106360176697353,0.00391853282569197,0,0,0.00579699819932504,0.00323544310034969,0.000841363352958312,0.161730933647314,0.00662249578047264,0.00406593423812872,1.76638469190007,4,5,32,149
0.0111958080734056,0.00839685605505422,0,0,0.00988767387402813,0.00499578580125818,0,0,0.00988557200734979,0.004994155988251,1.50145808675006e-06,4,2,32,149
0.0100762272660651,0.00391853282569197,0,0,0.00942448400997353,0.00521093684102066,0.000726521269993825,0.0935822595955107,0.0101014058660839,0.00593361086985581,0.749437659273156,4,4,32,149
0.00588430362674129,0.00784573816898838,0,0,0.00727471975354757,0.00641179953092238,0,0,0.00727455328526765,0.00641028179728502,6.38521385099011e-07,5,2,33,191
0.00245179317780887,0.00784573816898838,0,0,0.00149064761551205,0.00947019230703501,0,0,0.00149064768721576,0.00946962177279104,7.79178890297771e-08,3,4,33,191
0.00784573816898838,0.00735537953342661,0,0,0.00814783516208089,0.00713862835796262,0.000130742093837308,0.0168534641767426,0.00827848978285277,0.00727369435313601,0.0599967152095928,5,5,33,191
0.00441322772005596,0.00637466226230306,0,0,0.00397025028340905,0.00884886640448265,9.30354952341677e-05,0.0154345879274727,0.00406335359727265,0.00893704145925404,0.016836288292609,5,2,33,191
0.00784573816898838,0.0019614345422471,0,0,0.00668800772311163,0.00099156886459868,0,0,0.00668681848439458,0.000991565846555054,4.06557461474222e-07,5,2,33,191
0.00637466226230306,0.00735537953342661,0,0,0.00727889293517219,0.0102264185884351,0,0,0.00727867656532439,0.0102252975668709,2.38764073401398e-07,4,5,33,191
0.00980717271123548,0.00882645544011193,0,0,0.0146955060627891,0.0114466856252144,0,0,0.0146893688522517,0.0114463113460556,4.04911986606749e-06,3,4,33,191
0.00588430362674129,0.00245179317780887,0,0,0.00669157160695285,0.00375555390964908,0.000281364321359312,0.0530317809103372,0.00698855344621708,0.00403918149812241,0.435238192724455,4,4,33,191
0.00343251044893242,0.00392286908449419,0,0,0.00412066551595308,0.00199580260762162,0,0,0.00411939121500612,0.00199579146820188,8.67589335484809e-07,2,4,33,191
0.00343251044893242,0.00735537953342661,0,0,0.00272658899501531,0.00818386611829169,0.000807414952664033,0.143236099373495,0.00353091415863036,0.00900128760773409,2.55802125898984,3,3,33,191
0.0088940032195355,0.00555875201220969,0,0,0.00579331253897484,0.00579685308064004,0,0,0.00579217252159067,0.00579576361507496,3.62229940265024e-07,2,2,34,160
0.0222350080488387,0.0166762560366291,0,0,0.0187220699635243,0.0103603923149785,0,0,0.0187120310042095,0.010360395817188,6.11493999258528e-06,2,4,34,160
0.0211232576463968,0.0188997568415129,0,0,0.0196639234224658,0.00833493915254051,0.000129189105486341,0.00998108436492434,0.0197926544576627,0.00846820304718612,0.00332047475947661,3,2,34,160
0.00778225281709356,0.0133410048293032,0,0,0.0133336185871476,0.0144496301866972,0.00095714563102805,0.0645051534545267,0.0142935178108788,0.0154021131073397,0.310502750127512,3,4,34,160
0.0111175040244194,0.0122292544268613,0,0,0.0107547644254067,0.0143096052154229,0,0,0.0107540806667196,0.0143088694457682,6.75152875828644e-08,3,4,34,160
0.0133410048293032,0.0144527552317452,0,0,0.0129829072923668,0.0200600093358759,0.000252529607077288,0.0154014303646722,0.0132391425409964,0.020304845891438,0.00917504992298745,3,5,34,160
0.017788006439071,0.0200115072439549,0,0,0.0265221532718962,0.0157382862177019,0.000866000815219817,0.0406094215575595,0.0273866166663296,0.0166239625300177,0.295297177122563,5,4,34,160
0.0144527552317452,0.00555875201220969,0,0,0.0145021097711928,0.00363742025732134,0.000977341177552125,0.115636195177037,0.0154505135682774,0.00456391799273184,1.07145340092546,4,3,34,160
0.0144527552317452,0.0155645056341871,0,0,0.0111597219852251,0.021166792446391,0,0,0.0111589978940536,0.0211502894279248,8.47543446980126e-06,2,2,34,160
0.00555875201220969,0.0144527552317452,0,0,0.00694174453797903,0.0153990449469185,0,0,0.00694164049805564,0.0153984363599868,2.5140963089143e-08,2,4,34,160
0.0021433040078754,0.0021433040078754,0,0,0.00221896560860243,0.00251010045454257,0,0,0.00221869589319474,0.00250963524769938,4.71005904500998e-07,2,3,35,325
0.000952579559055734,0.00238144889763933,0,0,0.00120762293434609,0.00270215737597869,0,0,0.00120761578138111,0.00270204744777817,1.82485280220135e-08,3,4,35,325
0.00238144889763933,0.00166701422834753,0,0,0.00220659947027048,0.00253455067652232,0,0,0.00220659538972583,0.00253445968320671,1.41921816521062e-08,3,2,35,325
0.00190515911811147,0.00166701422834753,0,0,0.00274988966205946,0.00146461986030465,0,0,0.00274909290294554,0.0014645874851581,8.94494519343425e-07,2,2,35,325
0.00333402845669507,0.00166701422834753,0,0,0.00318962546930099,0.00120842292218122,0,0,0.00318948607750013,0.00120841970994647,2.68007909198786e-08,4,4,35,325
0.0042866080157508,0.00238144889763933,0,0,0.00295981115911477,0.00271704571421477,0,0,0.0029595839617745,0.00271685165946933,1.37640824959817e-07,3,4,35,325
0.00190515911811147,0.0028577386771672,0,0,0.0027562436493876,0.00345933412343975,0,0,0.00275616549342564,0.00345931858639066,8.39793301565805e-09,2,4,35,325
0.00476289779527867,0.00309588356693114,0,0,0.00447451506459565,0.00474158991216433,0,0,0.00447312596365898,0.0047415246711356,1.55245186306274e-06,5,3,35,325
0.00166701422834753,0.00261959378740327,0,0,0.00097425145303639,0.00322410146851336,0,0,0.000974238813686594,0.00322365694186206,2.4241404616987e-07,3,3,35,325
0.00404846312598687,0.00404846312598687,0,0,0.00324876583351305,0.00419177447004681,0,0,0.00324814487473555,0.00419144559327175,5.68271900647233e-07,3,5,35,325
0.00134140167636164,0.00503025628635614,0,0,0.00101126389599825,0.00516144252299401,0,0,0.00101126381900894,0.00516129242622701,1.34645006255596e-08,3,4,36,425
0.00167675209545205,0.00469490586726573,0,0,0.00281268238625683,0.00559404175878768,0.000265808040941113,0.0625829410551611,0.00308561321794519,0.00586201187322423,1.25505092253235,3,5,36,425
0.00134140167636164,0.00503025628635614,0,0,0.000694631149691954,0.0051912283247561,0.000316706607080517,0.134188288111776,0.00101166455204363,0.00550962863787448,3.10315095292299,3,5,36,425
0.00167675209545205,0.00637165796271778,0,0,0.00206892369413868,0.0037564562534387,0,0,0.00206885784279168,0.00375642394659862,6.7878715981351e-09,2,5,36,425
0.00234745293363287,0.00570095712453696,0,0,0.00292306878563907,0.00506078317162825,0.000503144793095107,0.115237815598888,0.00342679993156794,0.00556233316152316,1.94737581369941,5,3,36,425
0.00234745293363287,0.00335350419090409,0,0,0.00341538115463447,0.00271496355587684,0,0,0.0034153495861508,0.00271495780649159,9.22767640076927e-10,4,5,36,425
0.00603630754362737,0.00134140167636164,0,0,0.00825227453743169,0.00308551411479472,0,0,0.00825157404382315,0.00308551242659983,1.95173242900637e-07,2,3,36,425
0.00234745293363287,0.00335350419090409,0,0,0.00256039908316411,0.00425797614615189,0.000194729362199601,0.0555966379501246,0.00275775269795691,0.00445160282285493,0.467011239809608,2,5,36,425
0.0036888546099945,0.00536560670544655,0,0,0.0044889725429715,0.00480964585343076,0,0,0.00448882329199605,0.00480953345166305,2.35020820582577e-08,4,4,36,425
0.00503025628635614,0.00503025628635614,0,0,0.00357921949618178,0.004925336861871,0.000248116691667684,0.0557593109994642,0.00383119786868666,0.00517524073651009,0.968618966991357,2,3,36,425
0.00246150818005132,0.00541531799611289,0,0,0.00257958003948385,0.00207280120817706,0.000476904492555493,0.170834383591052,0.00307401110441249,0.00255654910971529,2.71733763012242,2,2,37,170
0.00541531799611289,0.00787682617616421,0,0,0.0033318291622582,0.00630465785806146,0.000401493300518226,0.080240547257375,0.00373283199936905,0.00670435937648424,0.973938393963067,2,5,37,170
0.00886142944818474,0.00639992126813342,0,0,0.00966121478818867,0.00944154276226578,0.000192536754502284,0.0197609459282599,0.00984920769420649,0.00963316305125728,0.0497298698921327,3,4,37,170
0.009353731084195,0.00738452454015395,0,0,0.0094679346451666,0.0107418577173912,0.000159716511832571,0.0155899612480494,0.00962704607734693,0.0109036058203392,0.00959795348740045,4,3,37,170
0.00639992126813342,0.00492301636010263,0,0,0.0073440361929434,0.00200425358931343,0,0,0.00734384414558392,0.00200425324754235,1.09993152364041e-08,5,3,37,170
0.000984603272020526,0.00738452454015395,0,0,0.000995284944004586,0.0107547873549847,0,0,0.000995292996552724,0.0107532477576504,3.91976158198304e-07,3,4,37,170
0.00689222290414368,0.00984603272020526,0,0,0.00622654001108943,0.0100412629499282,8.8585135146823e-05,0.0110756291385621,0.00631547194995404,0.0101293444855968,0.0175486383807879,3,4,37,170
0.00443071472409237,0.00787682617616421,0,0,0.00361022296394191,0.011529337345642,0,0,0.00361022277543608,0.0115261145486563,1.32349848058766e-06,2,2,37,170
0.009353731084195,0.00147690490803079,0,0,0.00779294046588151,0.00200135730605572,0,0,0.00779101225026981,0.00200134385328113,9.10281244159705e-07,5,4,37,170
0.00590761963212316,0.00541531799611289,0,0,0.00215920426716784,0.00532391697260527,0.000369027026883367,0.0972705378043049,0.00253071943650903,0.00569630876797445,0.940558798324815,3,3,37,170
0.00846024434042916,0.00966885067477618,0,0,0.0114609654305959,0.00638450026503402,0,0,0.0114581469000793,0.00638219866879312,1.17176264780028e-06,4,2,38,151
0.0193377013495524,0.0145032760121643,0,0,0.0113237325958307,0.0119115322922191,0.000192543914530644,0.0163082714038556,0.0115112880817442,0.0121121752547128,0.00137221270344412,3,2,38,151
0.0241721266869405,0.00241721266869405,0,0,0.0322548732282334,0.00121622276376305,0,0,0.0322383437292334,0.00121622376223502,5.9595514017019e-06,3,2,38,151
0.0120860633434702,0.00846024434042916,0,0,0.0179863786647275,0.00810244800374038,0,0,0.0179820593552304,0.00810241039089809,1.02096706200427e-06,2,4,38,151
0.00604303167173511,0.00846024434042916,0,0,0.00370436787414909,0.0114025401386746,0,0,0.00370425255010332,0.0114003688287506,3.25129164480131e-07,2,4,38,151
0.00966885067477618,0.0108774570091232,0,0,0.0076089169438872,0.0118545055307239,0,0,0.00760869135057645,0.0118517305975456,4.6513305562712e-07,2,2,38,151
0.00604303167173511,0.0132946696778173,0,0,0.00122584565496144,0.0153624522098028,0.00122752580070822,0.192409304550781,0.00245836590754387,0.0164423734004823,1.36423311124032,2,2,38,151
0.0205463076838994,0.0157118823465113,0,0,0.0179609079941899,0.0151578581816489,0.000238166219275529,0.0142282412133463,0.0182090090336914,0.0154031347745997,0.0273450262575352,5,5,38,151
0.0157118823465113,0.0120860633434702,0,0,0.00957156086238205,0.0108837956358503,0.000526280242299874,0.0490296206928137,0.0100920586287581,0.0114110760249785,0.190409515140232,3,4,38,151
0.0229635203525934,0.0205463076838994,0,0,0.0126109357426578,0.00502424829210464,0,0,0.0126091915860429,0.00502352331528418,2.70757283260536e-07,4,4,38,151
0.0166331302983617,0.00554437676612058,0,0,0.0192935790366976,0.0114767873218505,0.000131608986555995,0.00876429154731686,0.019423579439882,0.0116097751798106,0.00099859086719789,3,5,39,163
0.0221775070644823,0.0249496954475426,0,0,0.0396426281795605,0.0225888369162002,0,0,0.0396378152130741,0.0225885242737434,3.73851548829407e-07,5,4,39,163
0.0124748477237713,0.009702659340711,0,0,0.0101243445774574,0.00877688035435661,0,0,0.0101230296850925,0.00877321059523285,1.13304133719794e-06,4,2,39,163
0.0180192244898919,0.00554437676612058,0,0,0.0107975479064627,0.00712535929039428,0,0,0.0107944678740603,0.0071253449492311,5.60325318588184e-07,2,3,39,163
0.0263357896390727,0.00415828257459043,0,0,0.025997296375511,0.00639110232165827,0.00218723869609518,0.140665984364601,0.0283007536110998,0.00860701968957497,1.83613406230626,3,4,39,163
0.00831656514918086,0.0221775070644823,0,0,0.00423800312811563,0.0186529901540878,0,0,0.00423800790165322,0.0186529525657524,1.63213371706661e-08,4,3,39,163
0.0124748477237713,0.0263357896390727,0,0,0.00709694040354717,0.0194274676108035,0,0,0.00709694528187278,0.0194274096804096,5.84336135034391e-09,3,4,39,163
0.0124748477237713,0.00554437676612058,0,0,0.013377348645048,0.0044622046545319,0.00119638091956383,0.131743798444436,0.0145515113377368,0.00566416910259346,1.57564676357867,4,5,39,163
0.009702659340711,0.0263357896390727,0,0,0.00816383541316085,0.0223201014986835,0.00249073277376221,0.153192860241724,0.0106614712004008,0.0244838924394282,1.32832355362169,2,5,39,163
0.00693047095765072,0.00554437676612058,0,0,0.0130672302426292,0.00281651466903748,0,0,0.0130642325674577,0.0028164791202568,5.41274118859292e-07,3,2,39,163
0.00664197639537792,0.00132839527907558,0,0,0.0083277462756203,0.000892574468584828,0,0,0.00832668416647721,0.000892573560698318,2.90423969317999e-07,5,2,40,364
0.00708477482173645,0.0079703716744535,0,0,0.00738411092632879,0.00458067220602426,0,0,0.00738298489972542,0.00458011629817845,5.06360379404214e-07,2,2,40,364
0.00708477482173645,0.00664197639537792,0,0,0.00725056907784872,0.00828929714202397,0.000240231617361672,0.0300540860265574,0.00748925125810318,0.0085333722254612,0.302270231525767,3,3,40,364
0.00442798426358528,0.00531358111630234,0,0,0.00561052295181624,0.00470097342866049,0.000304791856951104,0.0560117559121751,0.0059192756500334,0.00500876839011893,0.816028707078544,5,5,40,364
0.00487078268994381,0.00221399213179264,0,0,0.00642434211500709,0.00224586103756286,0,0,0.00642369910672483,0.00224585259669139,1.38860087872672e-07,3,3,40,364
0.0030995889845097,0.00575637954266086,0,0,0.00224683835138802,0.00452663878368594,0,0,0.00224682775995175,0.00452656749465921,2.58410182141233e-09,3,5,40,364
0.00619917796901939,0.0079703716744535,0,0,0.00604084031516034,0.00637182526933458,0,0,0.00603897256225116,0.00637160251150703,1.21369436101304e-06,2,5,40,364
0.00619917796901939,0.0030995889845097,0,0,0.004546933419284,0.00269467254772279,0,0,0.00454679579367657,0.00269465700927832,9.40451627684524e-09,4,3,40,364
0.00619917796901939,0.000885596852717056,0,0,0.00227848435824874,0.00134914437902222,0,0,0.00227838456140747,0.00134913849959961,1.0080398737955e-08,2,2,40,364
0.0079703716744535,0.00354238741086822,0,0,0.00547322554828294,0.00365413859819256,0,0,0.00547292873744467,0.00365396047272786,5.81783012876258e-08,3,3,40,364
0.00714316016710349,0.00892895020887937,0,0,0.00498523971167486,0.00880876608497002,0,0,0.00498520530359206,0.0088085764835096,6.78528522257693e-09,5,5,41,167
0.0107147402506552,0.00892895020887937,0,0,0.00768140156083764,0.00436572965468732,0.000565939670096571,0.0887393372802519,0.00820051540958184,0.00491753972570774,1.41708939323377,5,4,41,167
0.00416684343081037,0.00833368686162074,0,0,0.00120521418196085,0.0120411025406955,0,0,0.0012052149558908,0.0120360347473265,3.15734601485929e-06,2,3,41,167
0.0113100035979139,0.00833368686162074,0,0,0.0109849477004283,0.00621490503385248,0.000539723864169911,0.0611725515265704,0.0114949245444393,0.0066421685349892,0.259685720728584,3,2,41,167
0.00535737012532762,0.00416684343081037,0,0,0.00305645771494915,0.00504170908725256,0,0,0.00305635256107827,0.00504055096511363,4.29974221560769e-07,3,4,41,167
0.0119052669451725,0.0107147402506552,0,0,0.00193861221978237,0.00635336287701647,0.000483840635731442,0.118887287843462,0.00242192924198507,0.00684484137502682,1.34819308614041,4,3,41,167
0.00535737012532762,0.00714316016710349,0,0,0.0100470227685285,0.00241443157856638,0.000627205364120564,0.110074782645077,0.0105217159089033,0.00303798948535397,0.67978816198584,5,5,41,167
0.00773842351436212,0.0101194769033966,0,0,0.0068646015541566,0.0129751339294929,0,0,0.00686452043279558,0.0129737352361981,2.29532759021822e-07,4,5,41,167
0.0023810533890345,0.0113100035979139,0,0,0.00258820066975945,0.00703054755935027,0.00109643114467864,0.200364027911971,0.00371008928273297,0.00810780213051243,4.0726962554663,3,5,41,167
0.00416684343081037,0.00119052669451725,0,0,0.00248283935097479,0.00121930753080251,0,0,0.00248256793836045,0.00121928363010115,5.39424576118108e-08,2,2,41,167
0.0101164594095018,0.0121397512914022,0,0,0.0114376500174655,0.00928818585993096,0.00131469939555037,0.113062694312716,0.0128023906946768,0.0105600588875168,1.5873746371588,2,4,42,122
0.00472101439110084,0.0101164594095018,0,0,0.00430902256390613,0.00692988143408665,0,0,0.00430898715647892,0.00692866789340665,3.70725231846336e-07,2,2,42,122
0.00606987564570108,0.00269772250920048,0,0,0.00629404583209728,0.00520921253230864,0,0,0.00629284361642343,0.00520894695106603,2.9376809607129e-07,2,2,42,122
0.011465320664102,0.00809316752760144,0,0,0.0141421475242684,0.00555513274707532,0.00100586088825557,0.100896324163484,0.0150755024114628,0.00653382233984922,0.867201230412263,4,3,42,122
0.0121397512914022,0.00876759815490156,0,0,0.00872652177658152,0.00738930135369833,0,0,0.0087259088149061,0.0073878495452225,4.37150390553143e-07,5,3,42,122
0.00741873690030132,0.00944202878220168,0,0,0.00719412352358863,0.017315573711722,0.00161773594651265,0.125245054343909,0.00882901935122764,0.0188776236686507,0.962877060704443,5,3,42,122
0.0107908900368019,0.00876759815490156,0,0,0.0080555325610567,0.00815561060321146,0.00161761786744302,0.166369204011577,0.00975779740905541,0.00965668877111776,0.890234691412275,2,4,42,122
0.0128141819187023,0.0128141819187023,0,0,0.0190829884664403,0.00553806162571974,0.000848634699693028,0.0752161878277956,0.0199344764997821,0.0063907291972334,0.519741157550527,4,5,42,122
0.00269772250920048,0.0101164594095018,0,0,0.00353702350166709,0.00825937139774864,0,0,0.00353698004018651,0.00825780384176833,3.97940596030821e-07,3,5,42,122
0.0107908900368019,0.00404658376380072,0,0,0.00958048705072142,0.00608308058032329,0,0,0.00957621234484516,0.00608291651114128,1.99886122231874e-06,2,2,42,122
0.000968581933251223,0.00177573354429391,0,0,0.00164914415821202,0.00117325228396742,0,0,0.00164912567765522,0.0011732216077334,5.97967186877213e-09,5,2,43,347
0.00226002451091952,0.000968581933251223,0,0,0.00185251530923796,0.000162933573641221,0,0,0.00185234258356546,0.000162934419474962,1.04166986147902e-07,3,2,43,347
0.00226002451091952,0.000968581933251223,0,0,0.00328992551143935,0.00114559806278727,0,0,0.00328991358269504,0.00114559874445029,6.75152023177361e-09,3,4,43,347
0.00113001225545976,0.000807151611042686,0,0,0.00149030625558171,0.00148724852103682,0,0,0.0014902802542884,0.0014872303356525,4.06257072427252e-09,3,4,43,347
0.00209859418871098,0.00290574579975367,0,0,0.00256453505699506,0.00449037342790656,0,0,0.00256448702462505,0.00449013889213461,7.43906412026263e-08,4,4,43,347
0.0025828851553366,0.00242145483312806,0,0,0.00219837952430641,0.00285738760239548,0,0,0.00219832050651805,0.0028573715710941,9.57146539803944e-09,2,5,43,347
0.000484290966625612,0.00193716386650245,0,0,0.000492634602959053,0.00199202918911791,0,0,0.000492630340976249,0.00199197348104736,1.03384536487283e-08,2,5,43,347
0.00113001225545976,0.00274431547754513,0,0,0.0018308743391928,0.00148873860722913,0,0,0.00183078647621906,0.00148871014167992,2.83947088064451e-08,4,3,43,347
0.00193716386650245,0.00177573354429391,0,0,0.00177994234287128,0.00160847543913111,4.78775267708841e-05,0.0275162068714514,0.00182751547919257,0.00165630841921172,0.0783126959024685,4,3,43,347
0.00242145483312806,0.0012914425776683,0,0,0.00239504445244543,0.00132095690197709,0,0,0.00239494882673627,0.00132095615933523,2.52395579991571e-08,2,4,43,347
0.00233978281625623,0.00233978281625623,0,0,0.00343551269135398,0.00120621434503024,0,0,0.00343435793683227,0.00120620837263237,8.74483262691683e-07,2,2,44,126
0.00467956563251246,0.0027297466189656,0,0,0.00303098247874708,0.0020190423821293,0,0,0.00303002319782759,0.00201903867176213,8.47841917561709e-07,2,4,44,126
0.00116989140812811,0.00467956563251246,0,0,0.0016437584567318,0.00381417020707997,0,0,0.00164370715163623,0.00381388616984218,5.47375407222717e-08,2,4,44,126
0.00428960182980309,0.0054594932379312,0,0,0.00355141566214602,0.00548087429291938,0,0,0.0035509203324701,0.00547747509805958,4.23201240096205e-06,2,2,44,126
0.00389963802709372,0.00311971042167497,0,0,0.00279212988167656,0.00329420861510201,0.000132218611398677,0.0417693072592561,0.0029214929331923,0.00340996161517019,0.0564044089258857,4,3,44,126
0.00116989140812811,0.00194981901354686,0,0,0.000795957192026685,0.00341471325094862,0,0,0.000795957035529384,0.00341417366505708,2.0112817367135e-07,2,3,44,126
0.00623942084334995,0.00350967422438434,0,0,0.00377838603006241,0.00163660176319529,0,0,0.00377818555631417,0.00163656087444,3.46212516433297e-08,4,2,44,126
0.00779927605418743,0.00623942084334995,0,0,0.00696745235978977,0.00534482333493457,0,0,0.00696712380428788,0.00534422008877101,1.84047678430943e-07,5,3,44,126
0.00740931225147806,0.0054594932379312,0,0,0.00524419470466991,0.00277297527176174,0.000515950668807324,0.118539860149312,0.00577316461463649,0.00325059273850193,0.242187564164283,4,2,44,126
0.00506952943522183,0.00428960182980309,0,0,0.00290616688841729,0.00376908866425643,0,0,0.00290610582603554,0.00376893475144571,2.10056612104381e-08,4,5,44,126
0.0027476912089957,0.00206076840674677,0,0,0.00215460632133025,0.00131285602258001,0.000120158562451003,0.0665520076082401,0.00227070774717766,0.00142632894913565,1.12979226848262,5,3,45,363
0.00109907648359828,0.0017859992858472,0,0,0.00098974791537258,0.0027623456388836,0,0,0.000989747216775977,0.0027622540372142,2.2931033072382e-08,4,3,45,363
0.00123646104404806,0.00233553752764634,0,0,0.00127218681123823,0.0018810792165541,0,0,0.00127213176935811,0.00188063972815178,7.0802886398269e-07,3,3,45,363
0.0017859992858472,0.0017859992858472,0,0,0.00200435350484276,0.00169721408507504,0,0,0.00200412664141843,0.00169714902708571,1.93041614693357e-07,3,5,45,363
0.000961691923148493,0.00164861472539742,0,0,0.000741814710301545,0.00296990304626246,9.42433932477933e-05,0.0588813726476655,0.000836806090518944,0.00306676318800758,0.739672726753213,4,4,45,363
0.000686922802248924,0.00151123016494763,0,0,0.000559653919451403,0.00159510259747479,0,0,0.000559646058408334,0.00159495687994713,9.21348828342161e-08,2,4,45,363
0.00137384560449785,0.00261030664854591,0,0,0.0016518850772799,0.00312082357495901,7.41546497051759e-05,0.0315775944459267,0.00172532516808226,0.00319226139201904,0.300789357665849,5,4,45,363
0.00164861472539742,0.00219815296719656,0,0,0.00201526984375421,0.00234113277980756,0,0,0.00201525288162908,0.00234106000896861,1.59761270879244e-08,4,3,45,363
0.0027476912089957,0.0027476912089957,0,0,0.00261608159172638,0.00244473975696308,0,0,0.00261600893486788,0.0024440779412319,1.11720436279938e-06,3,2,45,363
0.0017859992858472,0.00123646104404806,0,0,0.00259882262263549,0.00160154588631558,0,0,0.00259878877005851,0.0016014954143974,1.29876980281551e-08,4,2,45,363
0.00650808659244901,0.00691484200447707,0,0,0.00647057183236785,0.00287576758848433,8.18341462005444e-05,0.018589354544525,0.00654511260757825,0.00295520409422944,0.0156330475596178,5,5,46,151
0.00162702164811225,0.00528782035636482,0,0,0.00169499979501009,0.00415759498551944,0,0,0.00169499118683504,0.00415368601191265,7.14880820851249e-06,3,2,46,151
0.00691484200447707,0.00691484200447707,0,0,0.00659120482252949,0.00342690524203904,0,0,0.00658685101173504,0.00342685492544626,5.88352935437797e-06,5,4,46,151
0.00528782035636482,0.00691484200447707,0,0,0.00358400269959018,0.00404117872566597,0.00139511232301029,0.268152435213328,0.00493579941448249,0.00542562255869546,9.1285668497992,3,3,46,151
0.00528782035636482,0.00244053247216838,0,0,0.00430498861129956,0.00462347928747698,0,0,0.00430498077331191,0.00462236179537729,5.17233189611943e-07,5,2,46,151
0.0077283528285332,0.00813510824056126,0,0,0.0102776833635597,0.00519017485216031,6.06227265219383e-05,0.00822807295302418,0.0103345861908595,0.00524989581392774,0.00393513038852689,3,4,46,151
0.00528782035636482,0.00732159741650513,0,0,0.00634365134932302,0.00234340143109079,0,0,0.00634063825085378,0.00234313731250904,2.74889544016332e-06,4,4,46,151
0.00528782035636482,0.00732159741650513,0,0,0.00548988402019485,0.01249961378832,0,0,0.00548987127534293,0.0124914811081599,8.19577832089635e-06,3,3,46,151
0.00244053247216838,0.00610133118042095,0,0,0.00231310415766515,0.00512117579080809,0.000670981400552978,0.161392993386373,0.00299013313267265,0.00583634632104984,2.45245125290458,4,2,46,151
0.00691484200447707,0.00528782035636482,0,0,0.00816849033766509,0.00439611544922928,0.000640034115365765,0.0960953187539573,0.00899697961550821,0.00510238655959176,1.19874121100497,3,3,46,151
0.016948511532625,0.00762683018968125,0,0,0.02105037011677,0.0105069443397228,0.000215908903342819,0.0142978131307267,0.0212746450131436,0.0107277840592648,0.0518828831263818,4,3,47,244
0.003389702306525,0.0161010859559937,0,0,0.00436835448875523,0.0156724802593079,0.000858999674452594,0.0924051485224056,0.00523915738191996,0.0165632330524798,3.81558891765144,4,4,47,244
0.0050845534597875,0.003389702306525,0,0,0.00894267194680719,0.00344277245937655,0,0,0.00894225912141837,0.00344277391304756,2.01441139324743e-08,2,3,47,244
0.003389702306525,0.0135588092261,0,0,0.0044909860908112,0.0100738634419639,0,0,0.0044908897615372,0.0100726170983969,1.66843420856821e-07,2,2,47,244
0.010169106919575,0.0016948511532625,0,0,0.0110302106686226,0.00436305243464595,0,0,0.0110294309400529,0.00436304610245493,7.14497616627341e-08,3,3,47,244
0.00932168134294375,0.00677940461305,0,0,0.00630898923307206,0.0100663212965784,0,0,0.00630872674109102,0.0100649387657524,2.08590790862218e-07,2,2,47,244
0.0110165324962062,0.00932168134294375,0,0,0.00611569825045604,0.0131427748612651,0,0,0.00611568104757211,0.013137416818428,2.26647475187747e-06,4,4,47,244
0.00762683018968125,0.0016948511532625,0,0,0.00997735950233446,0.00172506079242901,0,0,0.00997733308817956,0.00172506123763459,5.29595922671433e-09,2,2,47,244
0.0118639580728375,0.003389702306525,0,0,0.00275586465261602,0.0137937023153254,0.0015768447051195,0.193225519522406,0.00433334900204445,0.0153303678741643,3.81092953553318,2,3,47,244
0.0152536603793625,0.0110165324962062,0,0,0.0143525767825878,0.0116062007895022,0,0,0.0143522527892669,0.0116058706734835,1.826117568271e-08,4,5,47,244
0.0026768847424718,0.001912060530337,0,0,0.00245609097749979,0.00137347527338681,0,0,0.00245596698984427,0.00137347491472165,3.38152119638835e-08,2,3,48,294
0.0015296484242696,0.003824121060674,0,0,0.00116501303436759,0.00387077288208772,0,0,0.00116501302670242,0.00386892519324208,4.06698256938398e-06,4,2,48,294
0.0007648242121348,0.0032505029015729,0,0,0.000579967728583832,0.00297682810784188,0,0,0.00057996787707503,0.00297662089520391,7.77559705511521e-08,3,5,48,294
0.001912060530337,0.0022944726364044,0,0,0.00175956774649672,0.00221518246695971,0,0,0.00175952743516982,0.00221458242858456,7.81613863409802e-07,4,2,48,294
0.0022944726364044,0.0026768847424718,0,0,0.00240281562310068,0.00178829773022436,0,0,0.002402490962341,0.00178809217291651,3.33206088498628e-07,3,2,48,294
0.0003824121060674,0.0036329150076403,0,0,0.000386219742440053,0.00338543031274032,0,0,0.000386220303565577,0.00338425300965104,1.88079985719014e-06,2,2,48,294
0.0005736181591011,0.0021032665833707,0,0,0.000581225607836685,0.00242404384166963,0,0,0.000581226102514645,0.00242353399891895,5.3232946584103e-07,2,3,48,294
0.0028680907955055,0.001912060530337,0,0,0.00257557987810078,0.0017640276236879,0,0,0.00257541399715451,0.00176399481636148,5.66355993214529e-08,4,4,48,294
0.0028680907955055,0.0024856786894381,0,0,0.0045027659440123,0.00241394144576788,0,0,0.00450246450829595,0.00241391402911676,9.70833866631438e-08,3,4,48,294
0.001912060530337,0.0024856786894381,0,0,0.0019493789187517,0.00256155293922311,0,0,0.00194936274029151,0.00256144224514298,2.66558117800741e-08,5,5,48,294
0.00560725467795491,0.00149526791412131,0,0,0.0045970347619495,0.00123537140557341,0.000309941658756993,0.112554983677816,0.0049180064806982,0.00155096088648422,1.17568835614,3,2,49,136
0.00747633957060654,0.00747633957060654,0,0,0.0101625557009237,0.00795473769895083,0,0,0.0101569235623561,0.0079543716490923,6.32583845572299e-06,3,5,49,136
0.00598107165648524,0.0041119867638336,0,0,0.00528921153357393,0.00322608363424499,0.000375660423779231,0.0831656470737261,0.00563338254402627,0.00360632528140069,1.43007859026764,5,3,49,136
0.00299053582824262,0.00710252259207622,0,0,0.00282198477507287,0.0100626847309356,0,0,0.00282198439162976,0.0100513713087067,2.00469976050499e-05,2,2,49,136
0.00635488863501556,0.00560725467795491,0,0,0.00403337315553063,0.00382668967492503,4.61400390062092e-05,0.0116080584277897,0.00407774332680737,0.00386709518555938,0.00352449145768219,3,2,49,136
0.00598107165648524,0.00186908489265164,0,0,0.00454340243427979,0.00202078022621517,0.000289239114130589,0.0865679081092393,0.00483338603300025,0.00230809339907152,0.888589306447187,4,5,49,136
0.0041119867638336,0.00523343769942458,0,0,0.00645924750855364,0.00562489596704391,0.000522582583559556,0.0797667288963875,0.00695471657635923,0.00614435576372797,0.399976308759676,5,2,49,136
0.0041119867638336,0.00635488863501556,0,0,0.004343078702264,0.00819272187927486,0,0,0.00434307944736831,0.00818615390284696,9.37570564474299e-06,5,2,49,136
0.00485962072089425,0.00560725467795491,0,0,0.00262404587193327,0.00434270290650441,0.000526386830591295,0.134398995421733,0.00317395999786745,0.00489375559270757,1.25526244325263,3,4,49,136
0.00336435280677295,0.0041119867638336,0,0,0.000898006816992751,0.00429771405972366,0.000252614251695294,0.110400317176902,0.00115122755512327,0.00455748774960447,0.552821123121078,2,3,49,136
0.00137173249276374,0.00868763912083699,0,0,0.000918027179739132,0.0117227816664559,0,0,0.000918027179256572,0.0117224308812029,2.49415847974888e-08,3,5,50,358
0.00182897665701831,0.00548692997105494,0,0,0.00091819148191648,0.0058325459957241,0,0,0.000918191583776942,0.00583108039401722,8.64838341385621e-07,3,3,50,358
0.00320070914978205,0.00914488328509157,0,0,0.00379308429444847,0.00983656888658482,0,0,0.00379306083505146,0.00983526404839046,3.41390489211335e-07,2,2,50,358
0.0064014182995641,0.00548692997105494,0,0,0.00625761832310606,0.00333519697308709,0.00041740962120539,0.0834006417510303,0.00668931684807847,0.00375320912050431,2.31764659558704,3,2,50,358
0.00228622082127289,0.00457244164254578,0,0,0.00184615633203255,0.00468494097178636,0,0,0.00184615337315474,0.00468483466005952,5.36704192199977e-09,3,4,50,358
0.00411519747829121,0.00823039495658241,0,0,0.00193245110056999,0.00678668869282221,0.000390426717219508,0.0956205815850177,0.00232735653243847,0.0072132235077552,1.50097795392685,4,2,50,358
0.00228622082127289,0.00502968580680036,0,0,0.00185096335354242,0.00530195900531034,0,0,0.00185095259582037,0.00530015820372649,1.23657588346759e-06,2,2,50,358
0.00823039495658241,0.00685866246381868,0,0,0.00677362605161784,0.00748111325359091,0.00019195955913947,0.0262570703033984,0.00697128087350008,0.00767453131329366,0.190988420041833,3,3,50,358
0.0064014182995641,0.00457244164254578,0,0,0.00576537481534022,0.00526837694754411,0,0,0.0057652359401837,0.00526827585485226,1.08184678992984e-08,2,2,50,358
0.00182897665701831,0.0064014182995641,0,0,0.00141858092423731,0.00844648807617673,0.000442861078311249,0.10886988800366,0.00185559817424518,0.00883829634541366,2.12078790079104,2,2,50,358
