binominal,F00004,F01286,F01287,F00645
Dicranopteris linearis,"Long Y, Kong D, Chen Z, Zeng H. 2013. Variation of the linkage of root function with root branch order. PLoS ONE 8: e57153. Doi:10.1371/journal.pone.0057153",Dicranopteris,linearis,AM
Cunninghamia lanceolata,"Long Y, Kong D, Chen Z, Zeng H. 2013. Variation of the linkage of root function with root branch order. PLoS ONE 8: e57153. Doi:10.1371/journal.pone.0057153",Cunninghamia,lanceolata,AM
Magnolia baillonii,"Long Y, Kong D, Chen Z, Zeng H. 2013. Variation of the linkage of root function with root branch order. PLoS ONE 8: e57153. Doi:10.1371/journal.pone.0057153",Magnolia,baillonii,AM
Acacia auriculiformis,"Long Y, Kong D, Chen Z, Zeng H. 2013. Variation of the linkage of root function with root branch order. PLoS ONE 8: e57153. Doi:10.1371/journal.pone.0057153",Acacia,auriculiformis,AM
Gordonia axillaris,"Long Y, Kong D, Chen Z, Zeng H. 2013. Variation of the linkage of root function with root branch order. PLoS ONE 8: e57153. Doi:10.1371/journal.pone.0057153",Gordonia,axillaris,AM
Larix gmelinii,"Ouimette A, Guo DL, Hobbie E, and Gu JC. 2012. Insights into root growth, function, and mycorrhizal abundance from chemical and isotopic data across root orders. Plant soil 367:313-326.",Larix,gmelinii,AM
Fraxinus mandshurica,"Shi W, Wang ZQ, Liu JL, Gu JC, Guo DL. 2008. Fine root morphology of twenty hardwood species in Maoershan Natural Secondary Forest in Northeastern China. Journal of Plant Ecology (Chinese Version) 32: 1217-1226.",Fraxinus,mandshurica,AM
Juglans mandshurica,"Shi W, Wang ZQ, Liu JL, Gu JC, Guo DL. 2008. Fine root morphology of twenty hardwood species in Maoershan Natural Secondary Forest in Northeastern China. Journal of Plant Ecology (Chinese Version) 32: 1217-1226.",Juglans,mandshurica,AM
Phellodendron amurense,"Shi W, Wang ZQ, Liu JL, Gu JC, Guo DL. 2008. Fine root morphology of twenty hardwood species in Maoershan Natural Secondary Forest in Northeastern China. Journal of Plant Ecology (Chinese Version) 32: 1217-1226.",Phellodendron,amurense,AM
Tilia mandshurica,"Shi W, Wang ZQ, Liu JL, Gu JC, Guo DL. 2008. Fine root morphology of twenty hardwood species in Maoershan Natural Secondary Forest in Northeastern China. Journal of Plant Ecology (Chinese Version) 32: 1217-1226.",Tilia,mandshurica,EM
Ulmus davidiana,"Shi W, Wang ZQ, Liu JL, Gu JC, Guo DL. 2008. Fine root morphology of twenty hardwood species in Maoershan Natural Secondary Forest in Northeastern China. Journal of Plant Ecology (Chinese Version) 32: 1217-1226.",Ulmus,davidiana,EM
Populus tremuloides,"Adams TS, McCormack ML, Eissenstat DM. 2013. Foraging strategies in trees of different root morphology: the role of root lifespan. Tree physiology 33:940-948.",Populus,tremuloides,AM
Acer negundo,"Adams TS, McCormack ML, Eissenstat DM. 2013. Foraging strategies in trees of different root morphology: the role of root lifespan. Tree physiology 33:940-948.",Acer,negundo,AM
Liriodendron tulipifera,"Adams TS, McCormack ML, Eissenstat DM. 2013. Foraging strategies in trees of different root morphology: the role of root lifespan. Tree physiology 33:940-948.",Liriodendron,tulipifera,AM
Acer saccharum,"McCormack ML, Gaines KP, Pastore M, Eissenstat DM. 2015. Early season root production in relation to leaf production among six diverse temperate tree species. Plant Soil DOI 10.1007/s11104-014-2347-7.",Acer,saccharum,AM
Carya glabra,"McCormack ML, Gaines KP, Pastore M, Eissenstat DM. 2015. Early season root production in relation to leaf production among six diverse temperate tree species. Plant Soil DOI 10.1007/s11104-014-2347-7.",Carya,glabra,EM
Liriodendron tulipifera,"McCormack ML, Gaines KP, Pastore M, Eissenstat DM. 2015. Early season root production in relation to leaf production among six diverse temperate tree species. Plant Soil DOI 10.1007/s11104-014-2347-7.",Liriodendron,tulipifera,AM
Pinus strobus,"McCormack ML, Gaines KP, Pastore M, Eissenstat DM. 2015. Early season root production in relation to leaf production among six diverse temperate tree species. Plant Soil DOI 10.1007/s11104-014-2347-7.",Pinus,strobus,EM
Pinus virginiana,"McCormack ML, Gaines KP, Pastore M, Eissenstat DM. 2015. Early season root production in relation to leaf production among six diverse temperate tree species. Plant Soil DOI 10.1007/s11104-014-2347-7.",Pinus,virginiana,EM
Quercus alba,"McCormack ML, Gaines KP, Pastore M, Eissenstat DM. 2015. Early season root production in relation to leaf production among six diverse temperate tree species. Plant Soil DOI 10.1007/s11104-014-2347-7.",Quercus,alba,EM
Dacrycarpus imbricatus,"Ushio M, Fujiki Y, Hidaka A, Kitayama K. 2015. Linkage of root physiology and morphology as an adaptation to soil phosphorus impoverishment in tropical montane forests. Functional Ecology 29: 1235-1245.",Dacrycarpus,imbricatus,AM
Fraxinus excelsior,"Kubisch P, Hertel D, Leuschner C. 2015. Do ectomycorrhizal and arbuscular mycorrhizal temperate tree species systematically differ in root order-related fine root morphology and biomass? Frontiers in Plant Science 6(64): 1-12.",Fraxinus,excelsior,AM
Acer pseudoplatanus,"Kubisch P, Hertel D, Leuschner C. 2015. Do ectomycorrhizal and arbuscular mycorrhizal temperate tree species systematically differ in root order-related fine root morphology and biomass? Frontiers in Plant Science 6(64): 1-12.",Acer,pseudoplatanus,AM
Acer platanoides,"Kubisch P, Hertel D, Leuschner C. 2015. Do ectomycorrhizal and arbuscular mycorrhizal temperate tree species systematically differ in root order-related fine root morphology and biomass? Frontiers in Plant Science 6(64): 1-12.",Acer,platanoides,AM
Carpinus betulus,"Kubisch P, Hertel D, Leuschner C. 2015. Do ectomycorrhizal and arbuscular mycorrhizal temperate tree species systematically differ in root order-related fine root morphology and biomass? Frontiers in Plant Science 6(64): 1-12.",Carpinus,betulus,EM
Tilia cordata,"Kubisch P, Hertel D, Leuschner C. 2015. Do ectomycorrhizal and arbuscular mycorrhizal temperate tree species systematically differ in root order-related fine root morphology and biomass? Frontiers in Plant Science 6(64): 1-12.",Tilia,cordata,EM
Acer saccharum," Valverde-Barrantes OJ, Smemo KA, Blackwood CB. 2014. Fine root morphology is phylogenetically structured, but nitrogen is related to the plant economics spectrum in temperate trees. Functional Ecology 29: 796-807.",Acer,saccharum,AM
Aesculus hippocastanum," Valverde-Barrantes OJ, Smemo KA, Blackwood CB. 2014. Fine root morphology is phylogenetically structured, but nitrogen is related to the plant economics spectrum in temperate trees. Functional Ecology 29: 796-807.",Aesculus,hippocastanum,AM
Aesculus parviflora," Valverde-Barrantes OJ, Smemo KA, Blackwood CB. 2014. Fine root morphology is phylogenetically structured, but nitrogen is related to the plant economics spectrum in temperate trees. Functional Ecology 29: 796-807.",Aesculus,parviflora,AM
Asimina triloba," Valverde-Barrantes OJ, Smemo KA, Blackwood CB. 2014. Fine root morphology is phylogenetically structured, but nitrogen is related to the plant economics spectrum in temperate trees. Functional Ecology 29: 796-807.",Asimina,triloba,AM
Catalpa bignonioides," Valverde-Barrantes OJ, Smemo KA, Blackwood CB. 2014. Fine root morphology is phylogenetically structured, but nitrogen is related to the plant economics spectrum in temperate trees. Functional Ecology 29: 796-807.",Catalpa,bignonioides,AM
Cercidiphyllum japonicum," Valverde-Barrantes OJ, Smemo KA, Blackwood CB. 2014. Fine root morphology is phylogenetically structured, but nitrogen is related to the plant economics spectrum in temperate trees. Functional Ecology 29: 796-807.",Cercidiphyllum,japonicum,AM
Chionanthus virginicus," Valverde-Barrantes OJ, Smemo KA, Blackwood CB. 2014. Fine root morphology is phylogenetically structured, but nitrogen is related to the plant economics spectrum in temperate trees. Functional Ecology 29: 796-807.",Chionanthus,virginicus,AM
Cornus florida," Valverde-Barrantes OJ, Smemo KA, Blackwood CB. 2014. Fine root morphology is phylogenetically structured, but nitrogen is related to the plant economics spectrum in temperate trees. Functional Ecology 29: 796-807.",Cornus,florida,AM
Diospyros virginiana," Valverde-Barrantes OJ, Smemo KA, Blackwood CB. 2014. Fine root morphology is phylogenetically structured, but nitrogen is related to the plant economics spectrum in temperate trees. Functional Ecology 29: 796-807.",Diospyros,virginiana,AM
Fraxinus americana," Valverde-Barrantes OJ, Smemo KA, Blackwood CB. 2014. Fine root morphology is phylogenetically structured, but nitrogen is related to the plant economics spectrum in temperate trees. Functional Ecology 29: 796-807.",Fraxinus,americana,AM
Gleditsia triacanthos," Valverde-Barrantes OJ, Smemo KA, Blackwood CB. 2014. Fine root morphology is phylogenetically structured, but nitrogen is related to the plant economics spectrum in temperate trees. Functional Ecology 29: 796-807.",Gleditsia,triacanthos,AM
Halesia tetraptera," Valverde-Barrantes OJ, Smemo KA, Blackwood CB. 2014. Fine root morphology is phylogenetically structured, but nitrogen is related to the plant economics spectrum in temperate trees. Functional Ecology 29: 796-807.",Halesia,tetraptera,AM
Hamamelis virginiana," Valverde-Barrantes OJ, Smemo KA, Blackwood CB. 2014. Fine root morphology is phylogenetically structured, but nitrogen is related to the plant economics spectrum in temperate trees. Functional Ecology 29: 796-807.",Hamamelis,virginiana,AM
Ilex opaca," Valverde-Barrantes OJ, Smemo KA, Blackwood CB. 2014. Fine root morphology is phylogenetically structured, but nitrogen is related to the plant economics spectrum in temperate trees. Functional Ecology 29: 796-807.",Ilex,opaca,AM
Juglans nigra," Valverde-Barrantes OJ, Smemo KA, Blackwood CB. 2014. Fine root morphology is phylogenetically structured, but nitrogen is related to the plant economics spectrum in temperate trees. Functional Ecology 29: 796-807.",Juglans,nigra,AM
Koelreuteria paniculata," Valverde-Barrantes OJ, Smemo KA, Blackwood CB. 2014. Fine root morphology is phylogenetically structured, but nitrogen is related to the plant economics spectrum in temperate trees. Functional Ecology 29: 796-807.",Koelreuteria,paniculata,AM
Liquidambar styraciflua," Valverde-Barrantes OJ, Smemo KA, Blackwood CB. 2014. Fine root morphology is phylogenetically structured, but nitrogen is related to the plant economics spectrum in temperate trees. Functional Ecology 29: 796-807.",Liquidambar,styraciflua,AM
Liriodendron tulipifera," Valverde-Barrantes OJ, Smemo KA, Blackwood CB. 2014. Fine root morphology is phylogenetically structured, but nitrogen is related to the plant economics spectrum in temperate trees. Functional Ecology 29: 796-807.",Liriodendron,tulipifera,AM
Magnolia acuminata," Valverde-Barrantes OJ, Smemo KA, Blackwood CB. 2014. Fine root morphology is phylogenetically structured, but nitrogen is related to the plant economics spectrum in temperate trees. Functional Ecology 29: 796-807.",Magnolia,acuminata,AM
Magnolia denudata," Valverde-Barrantes OJ, Smemo KA, Blackwood CB. 2014. Fine root morphology is phylogenetically structured, but nitrogen is related to the plant economics spectrum in temperate trees. Functional Ecology 29: 796-807.",Magnolia,denudata,AM
Magnolia grandiflora," Valverde-Barrantes OJ, Smemo KA, Blackwood CB. 2014. Fine root morphology is phylogenetically structured, but nitrogen is related to the plant economics spectrum in temperate trees. Functional Ecology 29: 796-807.",Magnolia,grandiflora,AM
Magnolia kobus," Valverde-Barrantes OJ, Smemo KA, Blackwood CB. 2014. Fine root morphology is phylogenetically structured, but nitrogen is related to the plant economics spectrum in temperate trees. Functional Ecology 29: 796-807.",Magnolia,kobus,AM
Magnolia macrophylla," Valverde-Barrantes OJ, Smemo KA, Blackwood CB. 2014. Fine root morphology is phylogenetically structured, but nitrogen is related to the plant economics spectrum in temperate trees. Functional Ecology 29: 796-807.",Magnolia,macrophylla,AM
Magnolia stellata," Valverde-Barrantes OJ, Smemo KA, Blackwood CB. 2014. Fine root morphology is phylogenetically structured, but nitrogen is related to the plant economics spectrum in temperate trees. Functional Ecology 29: 796-807.",Magnolia,stellata,AM
Magnolia tripetala," Valverde-Barrantes OJ, Smemo KA, Blackwood CB. 2014. Fine root morphology is phylogenetically structured, but nitrogen is related to the plant economics spectrum in temperate trees. Functional Ecology 29: 796-807.",Magnolia,tripetala,AM
Magnolia virginiana," Valverde-Barrantes OJ, Smemo KA, Blackwood CB. 2014. Fine root morphology is phylogenetically structured, but nitrogen is related to the plant economics spectrum in temperate trees. Functional Ecology 29: 796-807.",Magnolia,virginiana,AM
Nyssa sylvatica," Valverde-Barrantes OJ, Smemo KA, Blackwood CB. 2014. Fine root morphology is phylogenetically structured, but nitrogen is related to the plant economics spectrum in temperate trees. Functional Ecology 29: 796-807.",Nyssa,sylvatica,AM
Platanus occidentalis," Valverde-Barrantes OJ, Smemo KA, Blackwood CB. 2014. Fine root morphology is phylogenetically structured, but nitrogen is related to the plant economics spectrum in temperate trees. Functional Ecology 29: 796-807.",Platanus,occidentalis,AM
Populus deltoides," Valverde-Barrantes OJ, Smemo KA, Blackwood CB. 2014. Fine root morphology is phylogenetically structured, but nitrogen is related to the plant economics spectrum in temperate trees. Functional Ecology 29: 796-807.",Populus,deltoides,AM
Prunus sargentii," Valverde-Barrantes OJ, Smemo KA, Blackwood CB. 2014. Fine root morphology is phylogenetically structured, but nitrogen is related to the plant economics spectrum in temperate trees. Functional Ecology 29: 796-807.",Prunus,sargentii,AM
Sassafras albidum," Valverde-Barrantes OJ, Smemo KA, Blackwood CB. 2014. Fine root morphology is phylogenetically structured, but nitrogen is related to the plant economics spectrum in temperate trees. Functional Ecology 29: 796-807.",Sassafras,albidum,AM
Styphnolobium japonicum," Valverde-Barrantes OJ, Smemo KA, Blackwood CB. 2014. Fine root morphology is phylogenetically structured, but nitrogen is related to the plant economics spectrum in temperate trees. Functional Ecology 29: 796-807.",Styphnolobium,japonicum,AM
Syringa reticulata," Valverde-Barrantes OJ, Smemo KA, Blackwood CB. 2014. Fine root morphology is phylogenetically structured, but nitrogen is related to the plant economics spectrum in temperate trees. Functional Ecology 29: 796-807.",Syringa,reticulata,AM
Ulmus americana," Valverde-Barrantes OJ, Smemo KA, Blackwood CB. 2014. Fine root morphology is phylogenetically structured, but nitrogen is related to the plant economics spectrum in temperate trees. Functional Ecology 29: 796-807.",Ulmus,americana,AM
Acer fabri,"Liu B, Li H, Zhu B, Koide RT, Eissenstat DM, Guo D. 2015. Complementarity between roots and AM fungi in nutrient foraging strategies. New Phytologist 208: 125-136.",Acer,fabri,AM
Alniphyllum fortunei,"Liu B, Li H, Zhu B, Koide RT, Eissenstat DM, Guo D. 2015. Complementarity between roots and AM fungi in nutrient foraging strategies. New Phytologist 208: 125-136.",Alniphyllum,fortunei,AM
Cinnamomum porrectum,"Liu B, Li H, Zhu B, Koide RT, Eissenstat DM, Guo D. 2015. Complementarity between roots and AM fungi in nutrient foraging strategies. New Phytologist 208: 125-136.",Cinnamomum,porrectum,AM
Cunninghamia lanceolata,"Liu B, Li H, Zhu B, Koide RT, Eissenstat DM, Guo D. 2015. Complementarity between roots and AM fungi in nutrient foraging strategies. New Phytologist 208: 125-136.",Cunninghamia,lanceolata,AM
Magnolia acuminata,"Eissenstat DM, Kucharski JM, Zadworny M, Adams TS, Koide RT. 2015. Linking root traits to nutrient foraging in arbuscular mycorrhizal trees in a temperate forest. New Phytologist 208: 114-121",Magnolia,acuminata,AM
Liriodendron tulipifera,"Eissenstat DM, Kucharski JM, Zadworny M, Adams TS, Koide RT. 2015. Linking root traits to nutrient foraging in arbuscular mycorrhizal trees in a temperate forest. New Phytologist 208: 114-121",Liriodendron,tulipifera,AM
Juglans nigra,"Eissenstat DM, Kucharski JM, Zadworny M, Adams TS, Koide RT. 2015. Linking root traits to nutrient foraging in arbuscular mycorrhizal trees in a temperate forest. New Phytologist 208: 114-121",Juglans,nigra,AM
Fraxinus americana,"Eissenstat DM, Kucharski JM, Zadworny M, Adams TS, Koide RT. 2015. Linking root traits to nutrient foraging in arbuscular mycorrhizal trees in a temperate forest. New Phytologist 208: 114-121",Fraxinus,americana,AM
Acer rubrum,"Eissenstat DM, Kucharski JM, Zadworny M, Adams TS, Koide RT. 2015. Linking root traits to nutrient foraging in arbuscular mycorrhizal trees in a temperate forest. New Phytologist 208: 114-121",Acer,rubrum,AM
Magnolia macclurei,"Kong D, Ma C, Zhang Q, Li L, Chen X, Zeng H, Guo D. 2014. Leading dimensions in absorptive root trait variation across 96 subtropical forest species. New Phytologist 203: 863-872.",Magnolia,macclurei,AM
Magnolia yunnanensis,"Kong D, Ma C, Zhang Q, Li L, Chen X, Zeng H, Guo D. 2014. Leading dimensions in absorptive root trait variation across 96 subtropical forest species. New Phytologist 203: 863-872.",Magnolia,yunnanensis,AM
Magnolia lotungensis,"Kong D, Ma C, Zhang Q, Li L, Chen X, Zeng H, Guo D. 2014. Leading dimensions in absorptive root trait variation across 96 subtropical forest species. New Phytologist 203: 863-872.",Magnolia,lotungensis,AM
Magnolia balansae,"Kong D, Ma C, Zhang Q, Li L, Chen X, Zeng H, Guo D. 2014. Leading dimensions in absorptive root trait variation across 96 subtropical forest species. New Phytologist 203: 863-872.",Magnolia,balansae,AM
Magnolia odora,"Kong D, Ma C, Zhang Q, Li L, Chen X, Zeng H, Guo D. 2014. Leading dimensions in absorptive root trait variation across 96 subtropical forest species. New Phytologist 203: 863-872.",Magnolia,odora,AM
Magnolia fulva,"Kong D, Ma C, Zhang Q, Li L, Chen X, Zeng H, Guo D. 2014. Leading dimensions in absorptive root trait variation across 96 subtropical forest species. New Phytologist 203: 863-872.",Magnolia,fulva,AM
Magnolia cavaleriei,"Kong D, Ma C, Zhang Q, Li L, Chen X, Zeng H, Guo D. 2014. Leading dimensions in absorptive root trait variation across 96 subtropical forest species. New Phytologist 203: 863-872.",Magnolia,cavaleriei,AM
Manglietia paruicula,"Kong D, Ma C, Zhang Q, Li L, Chen X, Zeng H, Guo D. 2014. Leading dimensions in absorptive root trait variation across 96 subtropical forest species. New Phytologist 203: 863-872.",Manglietia,paruicula,AM
Magnolia champaca,"Kong D, Ma C, Zhang Q, Li L, Chen X, Zeng H, Guo D. 2014. Leading dimensions in absorptive root trait variation across 96 subtropical forest species. New Phytologist 203: 863-872.",Magnolia,champaca,AM
Magnolia opipara,"Kong D, Ma C, Zhang Q, Li L, Chen X, Zeng H, Guo D. 2014. Leading dimensions in absorptive root trait variation across 96 subtropical forest species. New Phytologist 203: 863-872.",Magnolia,opipara,AM
Magnolia maudiae,"Kong D, Ma C, Zhang Q, Li L, Chen X, Zeng H, Guo D. 2014. Leading dimensions in absorptive root trait variation across 96 subtropical forest species. New Phytologist 203: 863-872.",Magnolia,maudiae,AM
Liriodendron chinense,"Kong D, Ma C, Zhang Q, Li L, Chen X, Zeng H, Guo D. 2014. Leading dimensions in absorptive root trait variation across 96 subtropical forest species. New Phytologist 203: 863-872.",Liriodendron,chinense,AM
Magnolia ernestii,"Kong D, Ma C, Zhang Q, Li L, Chen X, Zeng H, Guo D. 2014. Leading dimensions in absorptive root trait variation across 96 subtropical forest species. New Phytologist 203: 863-872.",Magnolia,ernestii,AM
Magnolia grandiflora,"Kong D, Ma C, Zhang Q, Li L, Chen X, Zeng H, Guo D. 2014. Leading dimensions in absorptive root trait variation across 96 subtropical forest species. New Phytologist 203: 863-872.",Magnolia,grandiflora,AM
Magnolia baillonii,"Kong D, Ma C, Zhang Q, Li L, Chen X, Zeng H, Guo D. 2014. Leading dimensions in absorptive root trait variation across 96 subtropical forest species. New Phytologist 203: 863-872.",Magnolia,baillonii,AM
Magnolia dandyi,"Kong D, Ma C, Zhang Q, Li L, Chen X, Zeng H, Guo D. 2014. Leading dimensions in absorptive root trait variation across 96 subtropical forest species. New Phytologist 203: 863-872.",Magnolia,dandyi,AM
Magnolia chapensis,"Kong D, Ma C, Zhang Q, Li L, Chen X, Zeng H, Guo D. 2014. Leading dimensions in absorptive root trait variation across 96 subtropical forest species. New Phytologist 203: 863-872.",Magnolia,chapensis,AM
Cryptocarya chinensis,"Kong D, Ma C, Zhang Q, Li L, Chen X, Zeng H, Guo D. 2014. Leading dimensions in absorptive root trait variation across 96 subtropical forest species. New Phytologist 203: 863-872.",Cryptocarya,chinensis,AM
Machilus velutina,"Kong D, Ma C, Zhang Q, Li L, Chen X, Zeng H, Guo D. 2014. Leading dimensions in absorptive root trait variation across 96 subtropical forest species. New Phytologist 203: 863-872.",Machilus,velutina,AM
Machilus kwangtungensis,"Kong D, Ma C, Zhang Q, Li L, Chen X, Zeng H, Guo D. 2014. Leading dimensions in absorptive root trait variation across 96 subtropical forest species. New Phytologist 203: 863-872.",Machilus,kwangtungensis,AM
Litsea cubeba,"Kong D, Ma C, Zhang Q, Li L, Chen X, Zeng H, Guo D. 2014. Leading dimensions in absorptive root trait variation across 96 subtropical forest species. New Phytologist 203: 863-872.",Litsea,cubeba,AM
Cinnamomum camphora,"Kong D, Ma C, Zhang Q, Li L, Chen X, Zeng H, Guo D. 2014. Leading dimensions in absorptive root trait variation across 96 subtropical forest species. New Phytologist 203: 863-872.",Cinnamomum,camphora,AM
Litsea verticillata,"Kong D, Ma C, Zhang Q, Li L, Chen X, Zeng H, Guo D. 2014. Leading dimensions in absorptive root trait variation across 96 subtropical forest species. New Phytologist 203: 863-872.",Litsea,verticillata,AM
Cryptocarya concinna,"Kong D, Ma C, Zhang Q, Li L, Chen X, Zeng H, Guo D. 2014. Leading dimensions in absorptive root trait variation across 96 subtropical forest species. New Phytologist 203: 863-872.",Cryptocarya,concinna,AM
Machilus robusta,"Kong D, Ma C, Zhang Q, Li L, Chen X, Zeng H, Guo D. 2014. Leading dimensions in absorptive root trait variation across 96 subtropical forest species. New Phytologist 203: 863-872.",Machilus,robusta,AM
Cinnamomum micranthum,"Kong D, Ma C, Zhang Q, Li L, Chen X, Zeng H, Guo D. 2014. Leading dimensions in absorptive root trait variation across 96 subtropical forest species. New Phytologist 203: 863-872.",Cinnamomum,micranthum,AM
Cinnamomum cassia,"Kong D, Ma C, Zhang Q, Li L, Chen X, Zeng H, Guo D. 2014. Leading dimensions in absorptive root trait variation across 96 subtropical forest species. New Phytologist 203: 863-872.",Cinnamomum,cassia,AM
Litsea baviensis,"Kong D, Ma C, Zhang Q, Li L, Chen X, Zeng H, Guo D. 2014. Leading dimensions in absorptive root trait variation across 96 subtropical forest species. New Phytologist 203: 863-872.",Litsea,baviensis,AM
Cinnamomum porrectum,"Kong D, Ma C, Zhang Q, Li L, Chen X, Zeng H, Guo D. 2014. Leading dimensions in absorptive root trait variation across 96 subtropical forest species. New Phytologist 203: 863-872.",Cinnamomum,porrectum,AM
Ocotea lancifolia,"Kong D, Ma C, Zhang Q, Li L, Chen X, Zeng H, Guo D. 2014. Leading dimensions in absorptive root trait variation across 96 subtropical forest species. New Phytologist 203: 863-872.",Ocotea,lancifolia,AM
Orophea creaghii,"Kong D, Ma C, Zhang Q, Li L, Chen X, Zeng H, Guo D. 2014. Leading dimensions in absorptive root trait variation across 96 subtropical forest species. New Phytologist 203: 863-872.",Orophea,creaghii,AM
Helicia formosana,"Kong D, Ma C, Zhang Q, Li L, Chen X, Zeng H, Guo D. 2014. Leading dimensions in absorptive root trait variation across 96 subtropical forest species. New Phytologist 203: 863-872.",Helicia,formosana,AM
Syzygium hancei,"Kong D, Ma C, Zhang Q, Li L, Chen X, Zeng H, Guo D. 2014. Leading dimensions in absorptive root trait variation across 96 subtropical forest species. New Phytologist 203: 863-872.",Syzygium,hancei,AM
Syzygium levinei,"Kong D, Ma C, Zhang Q, Li L, Chen X, Zeng H, Guo D. 2014. Leading dimensions in absorptive root trait variation across 96 subtropical forest species. New Phytologist 203: 863-872.",Syzygium,levinei,AM
Eucalyptus urophylla,"Kong D, Ma C, Zhang Q, Li L, Chen X, Zeng H, Guo D. 2014. Leading dimensions in absorptive root trait variation across 96 subtropical forest species. New Phytologist 203: 863-872.",Eucalyptus,urophylla,AM + EM
Syzygium globiflorum,"Kong D, Ma C, Zhang Q, Li L, Chen X, Zeng H, Guo D. 2014. Leading dimensions in absorptive root trait variation across 96 subtropical forest species. New Phytologist 203: 863-872.",Syzygium,globiflorum,AM
Microtropis discolor,"Kong D, Ma C, Zhang Q, Li L, Chen X, Zeng H, Guo D. 2014. Leading dimensions in absorptive root trait variation across 96 subtropical forest species. New Phytologist 203: 863-872.",Microtropis,discolor,AM
Castanea henryi,"Kong D, Ma C, Zhang Q, Li L, Chen X, Zeng H, Guo D. 2014. Leading dimensions in absorptive root trait variation across 96 subtropical forest species. New Phytologist 203: 863-872.",Castanea,henryi,EM
Castanopsis fissa,"Kong D, Ma C, Zhang Q, Li L, Chen X, Zeng H, Guo D. 2014. Leading dimensions in absorptive root trait variation across 96 subtropical forest species. New Phytologist 203: 863-872.",Castanopsis,fissa,EM
Quercus asymmetrica,"Kong D, Ma C, Zhang Q, Li L, Chen X, Zeng H, Guo D. 2014. Leading dimensions in absorptive root trait variation across 96 subtropical forest species. New Phytologist 203: 863-872.",Quercus,asymmetrica,EM
Castanopsis hystrix,"Kong D, Ma C, Zhang Q, Li L, Chen X, Zeng H, Guo D. 2014. Leading dimensions in absorptive root trait variation across 96 subtropical forest species. New Phytologist 203: 863-872.",Castanopsis,hystrix,EM
Castanopsis echinocarpa,"Kong D, Ma C, Zhang Q, Li L, Chen X, Zeng H, Guo D. 2014. Leading dimensions in absorptive root trait variation across 96 subtropical forest species. New Phytologist 203: 863-872.",Castanopsis,echinocarpa,EM
Castanopsis wattii,"Kong D, Ma C, Zhang Q, Li L, Chen X, Zeng H, Guo D. 2014. Leading dimensions in absorptive root trait variation across 96 subtropical forest species. New Phytologist 203: 863-872.",Castanopsis,wattii,EM
Lithocarpus chiungchungensis,"Kong D, Ma C, Zhang Q, Li L, Chen X, Zeng H, Guo D. 2014. Leading dimensions in absorptive root trait variation across 96 subtropical forest species. New Phytologist 203: 863-872.",Lithocarpus,chiungchungensis,EM
Aporosa octandra,"Kong D, Ma C, Zhang Q, Li L, Chen X, Zeng H, Guo D. 2014. Leading dimensions in absorptive root trait variation across 96 subtropical forest species. New Phytologist 203: 863-872.",Aporosa,octandra,AM
Macaranga sampsonii,"Kong D, Ma C, Zhang Q, Li L, Chen X, Zeng H, Guo D. 2014. Leading dimensions in absorptive root trait variation across 96 subtropical forest species. New Phytologist 203: 863-872.",Macaranga,sampsonii,AM
Aporosa yunnanensis,"Kong D, Ma C, Zhang Q, Li L, Chen X, Zeng H, Guo D. 2014. Leading dimensions in absorptive root trait variation across 96 subtropical forest species. New Phytologist 203: 863-872.",Aporosa,yunnanensis,AM
Endospermum chinense,"Kong D, Ma C, Zhang Q, Li L, Chen X, Zeng H, Guo D. 2014. Leading dimensions in absorptive root trait variation across 96 subtropical forest species. New Phytologist 203: 863-872.",Endospermum,chinense,AM
Antidesma maclurei,"Kong D, Ma C, Zhang Q, Li L, Chen X, Zeng H, Guo D. 2014. Leading dimensions in absorptive root trait variation across 96 subtropical forest species. New Phytologist 203: 863-872.",Antidesma,maclurei,AM
Engelhardia roxburghiana,"Kong D, Ma C, Zhang Q, Li L, Chen X, Zeng H, Guo D. 2014. Leading dimensions in absorptive root trait variation across 96 subtropical forest species. New Phytologist 203: 863-872.",Engelhardia,roxburghiana,EM
Elaeocarpus dubius,"Kong D, Ma C, Zhang Q, Li L, Chen X, Zeng H, Guo D. 2014. Leading dimensions in absorptive root trait variation across 96 subtropical forest species. New Phytologist 203: 863-872.",Elaeocarpus,dubius,AM
Ficus variolosa,"Kong D, Ma C, Zhang Q, Li L, Chen X, Zeng H, Guo D. 2014. Leading dimensions in absorptive root trait variation across 96 subtropical forest species. New Phytologist 203: 863-872.",Ficus,variolosa,AM
Artocarpus styracifolius,"Kong D, Ma C, Zhang Q, Li L, Chen X, Zeng H, Guo D. 2014. Leading dimensions in absorptive root trait variation across 96 subtropical forest species. New Phytologist 203: 863-872.",Artocarpus,styracifolius,AM
Gironniera subaequalis,"Kong D, Ma C, Zhang Q, Li L, Chen X, Zeng H, Guo D. 2014. Leading dimensions in absorptive root trait variation across 96 subtropical forest species. New Phytologist 203: 863-872.",Gironniera,subaequalis,NM
Celtis sinensis,"Kong D, Ma C, Zhang Q, Li L, Chen X, Zeng H, Guo D. 2014. Leading dimensions in absorptive root trait variation across 96 subtropical forest species. New Phytologist 203: 863-872.",Celtis,sinensis,AM
Canarium album,"Kong D, Ma C, Zhang Q, Li L, Chen X, Zeng H, Guo D. 2014. Leading dimensions in absorptive root trait variation across 96 subtropical forest species. New Phytologist 203: 863-872.",Canarium,album,AM
Pistacia chinensis,"Kong D, Ma C, Zhang Q, Li L, Chen X, Zeng H, Guo D. 2014. Leading dimensions in absorptive root trait variation across 96 subtropical forest species. New Phytologist 203: 863-872.",Pistacia,chinensis,AM
Acronychia pedunculata,"Kong D, Ma C, Zhang Q, Li L, Chen X, Zeng H, Guo D. 2014. Leading dimensions in absorptive root trait variation across 96 subtropical forest species. New Phytologist 203: 863-872.",Acronychia,pedunculata,AM
Melicope pteleifolia,"Kong D, Ma C, Zhang Q, Li L, Chen X, Zeng H, Guo D. 2014. Leading dimensions in absorptive root trait variation across 96 subtropical forest species. New Phytologist 203: 863-872.",Melicope,pteleifolia,AM
Nephelium lappaceum,"Kong D, Ma C, Zhang Q, Li L, Chen X, Zeng H, Guo D. 2014. Leading dimensions in absorptive root trait variation across 96 subtropical forest species. New Phytologist 203: 863-872.",Nephelium,lappaceum,AM
Allophylus cobbe,"Kong D, Ma C, Zhang Q, Li L, Chen X, Zeng H, Guo D. 2014. Leading dimensions in absorptive root trait variation across 96 subtropical forest species. New Phytologist 203: 863-872.",Allophylus,cobbe,AM
Vaccinium mandarinorum,"Kong D, Ma C, Zhang Q, Li L, Chen X, Zeng H, Guo D. 2014. Leading dimensions in absorptive root trait variation across 96 subtropical forest species. New Phytologist 203: 863-872.",Vaccinium,mandarinorum,ErM
Barringtonia racemosa,"Kong D, Ma C, Zhang Q, Li L, Chen X, Zeng H, Guo D. 2014. Leading dimensions in absorptive root trait variation across 96 subtropical forest species. New Phytologist 203: 863-872.",Barringtonia,racemosa,AM
Pentaphylax euryoides,"Kong D, Ma C, Zhang Q, Li L, Chen X, Zeng H, Guo D. 2014. Leading dimensions in absorptive root trait variation across 96 subtropical forest species. New Phytologist 203: 863-872.",Pentaphylax,euryoides,AM
Alniphyllum fortunei,"Kong D, Ma C, Zhang Q, Li L, Chen X, Zeng H, Guo D. 2014. Leading dimensions in absorptive root trait variation across 96 subtropical forest species. New Phytologist 203: 863-872.",Alniphyllum,fortunei,AM
Gordonia axillaris,"Kong D, Ma C, Zhang Q, Li L, Chen X, Zeng H, Guo D. 2014. Leading dimensions in absorptive root trait variation across 96 subtropical forest species. New Phytologist 203: 863-872.",Gordonia,axillaris,AM
Schima wallichii,"Kong D, Ma C, Zhang Q, Li L, Chen X, Zeng H, Guo D. 2014. Leading dimensions in absorptive root trait variation across 96 subtropical forest species. New Phytologist 203: 863-872.",Schima,wallichii,AM
Alstonia scholaris,"Kong D, Ma C, Zhang Q, Li L, Chen X, Zeng H, Guo D. 2014. Leading dimensions in absorptive root trait variation across 96 subtropical forest species. New Phytologist 203: 863-872.",Alstonia,scholaris,AM
Catunaregam spinosa,"Kong D, Ma C, Zhang Q, Li L, Chen X, Zeng H, Guo D. 2014. Leading dimensions in absorptive root trait variation across 96 subtropical forest species. New Phytologist 203: 863-872.",Catunaregam,spinosa,AM
Wendlandia uvariifolia,"Kong D, Ma C, Zhang Q, Li L, Chen X, Zeng H, Guo D. 2014. Leading dimensions in absorptive root trait variation across 96 subtropical forest species. New Phytologist 203: 863-872.",Wendlandia,uvariifolia,AM
Pertusadina metcalfii,"Kong D, Ma C, Zhang Q, Li L, Chen X, Zeng H, Guo D. 2014. Leading dimensions in absorptive root trait variation across 96 subtropical forest species. New Phytologist 203: 863-872.",Pertusadina,metcalfii,AM
Psychotria asiatica,"Kong D, Ma C, Zhang Q, Li L, Chen X, Zeng H, Guo D. 2014. Leading dimensions in absorptive root trait variation across 96 subtropical forest species. New Phytologist 203: 863-872.",Psychotria,asiatica,AM
Saprosma ternatum,"Kong D, Ma C, Zhang Q, Li L, Chen X, Zeng H, Guo D. 2014. Leading dimensions in absorptive root trait variation across 96 subtropical forest species. New Phytologist 203: 863-872.",Saprosma,ternatum,AM
Osmanthus didymopetalus,"Kong D, Ma C, Zhang Q, Li L, Chen X, Zeng H, Guo D. 2014. Leading dimensions in absorptive root trait variation across 96 subtropical forest species. New Phytologist 203: 863-872.",Osmanthus,didymopetalus,AM
Olea rosea,"Kong D, Ma C, Zhang Q, Li L, Chen X, Zeng H, Guo D. 2014. Leading dimensions in absorptive root trait variation across 96 subtropical forest species. New Phytologist 203: 863-872.",Olea,rosea,AM
Schefflera minutistellata,"Kong D, Ma C, Zhang Q, Li L, Chen X, Zeng H, Guo D. 2014. Leading dimensions in absorptive root trait variation across 96 subtropical forest species. New Phytologist 203: 863-872.",Schefflera,minutistellata,AM
Macropanax undulatus,"Kong D, Ma C, Zhang Q, Li L, Chen X, Zeng H, Guo D. 2014. Leading dimensions in absorptive root trait variation across 96 subtropical forest species. New Phytologist 203: 863-872.",Macropanax,undulatus,AM
Pterospermum acerifolium,"Kong D, Ma C, Zhang Q, Li L, Chen X, Zeng H, Guo D. 2014. Leading dimensions in absorptive root trait variation across 96 subtropical forest species. New Phytologist 203: 863-872.",Pterospermum,acerifolium,AM
Sterculia lanceolata,"Kong D, Ma C, Zhang Q, Li L, Chen X, Zeng H, Guo D. 2014. Leading dimensions in absorptive root trait variation across 96 subtropical forest species. New Phytologist 203: 863-872.",Sterculia,lanceolata,AM
Itea chinensis,"Kong D, Ma C, Zhang Q, Li L, Chen X, Zeng H, Guo D. 2014. Leading dimensions in absorptive root trait variation across 96 subtropical forest species. New Phytologist 203: 863-872.",Itea,chinensis,AM
Garcinia oblongifolia,"Kong D, Ma C, Zhang Q, Li L, Chen X, Zeng H, Guo D. 2014. Leading dimensions in absorptive root trait variation across 96 subtropical forest species. New Phytologist 203: 863-872.",Garcinia,oblongifolia,AM
Cratoxylum cochinchinense,"Kong D, Ma C, Zhang Q, Li L, Chen X, Zeng H, Guo D. 2014. Leading dimensions in absorptive root trait variation across 96 subtropical forest species. New Phytologist 203: 863-872.",Cratoxylum,cochinchinense,AM
Garcinia cowa,"Kong D, Ma C, Zhang Q, Li L, Chen X, Zeng H, Guo D. 2014. Leading dimensions in absorptive root trait variation across 96 subtropical forest species. New Phytologist 203: 863-872.",Garcinia,cowa,AM
Eriobotrya japonica,"Kong D, Ma C, Zhang Q, Li L, Chen X, Zeng H, Guo D. 2014. Leading dimensions in absorptive root trait variation across 96 subtropical forest species. New Phytologist 203: 863-872.",Eriobotrya,japonica,AM
Rhaphiolepis indica,"Kong D, Ma C, Zhang Q, Li L, Chen X, Zeng H, Guo D. 2014. Leading dimensions in absorptive root trait variation across 96 subtropical forest species. New Phytologist 203: 863-872.",Rhaphiolepis,indica,AM
Archidendron lucidum,"Kong D, Ma C, Zhang Q, Li L, Chen X, Zeng H, Guo D. 2014. Leading dimensions in absorptive root trait variation across 96 subtropical forest species. New Phytologist 203: 863-872.",Archidendron,lucidum,AM
Acacia crassicarpa,"Kong D, Ma C, Zhang Q, Li L, Chen X, Zeng H, Guo D. 2014. Leading dimensions in absorptive root trait variation across 96 subtropical forest species. New Phytologist 203: 863-872.",Acacia,crassicarpa,AM + EM
Acacia mangium,"Kong D, Ma C, Zhang Q, Li L, Chen X, Zeng H, Guo D. 2014. Leading dimensions in absorptive root trait variation across 96 subtropical forest species. New Phytologist 203: 863-872.",Acacia,mangium,AM + EM
Acacia auriculiformis,"Kong D, Ma C, Zhang Q, Li L, Chen X, Zeng H, Guo D. 2014. Leading dimensions in absorptive root trait variation across 96 subtropical forest species. New Phytologist 203: 863-872.",Acacia,auriculiformis,AM
Archidendron clypearia,"Kong D, Ma C, Zhang Q, Li L, Chen X, Zeng H, Guo D. 2014. Leading dimensions in absorptive root trait variation across 96 subtropical forest species. New Phytologist 203: 863-872.",Archidendron,clypearia,AM
Millettia leptobotrya,"Kong D, Ma C, Zhang Q, Li L, Chen X, Zeng H, Guo D. 2014. Leading dimensions in absorptive root trait variation across 96 subtropical forest species. New Phytologist 203: 863-872.",Millettia,leptobotrya,AM
Carallia brachiata,"Kong D, Ma C, Zhang Q, Li L, Chen X, Zeng H, Guo D. 2014. Leading dimensions in absorptive root trait variation across 96 subtropical forest species. New Phytologist 203: 863-872.",Carallia,brachiata,AM
Alangium chinense,"Kong D, Ma C, Zhang Q, Li L, Chen X, Zeng H, Guo D. 2014. Leading dimensions in absorptive root trait variation across 96 subtropical forest species. New Phytologist 203: 863-872.",Alangium,chinense,AM
Microcos paniculata,"Kong D, Ma C, Zhang Q, Li L, Chen X, Zeng H, Guo D. 2014. Leading dimensions in absorptive root trait variation across 96 subtropical forest species. New Phytologist 203: 863-872.",Microcos,paniculata,AM
Acer fabri,"Kong D, Ma C, Zhang Q, Li L, Chen X, Zeng H, Guo D. 2014. Leading dimensions in absorptive root trait variation across 96 subtropical forest species. New Phytologist 203: 863-872.",Acer,fabri,AM
Decaspermum gracilentum,"Kong D, Ma C, Zhang Q, Li L, Chen X, Zeng H, Guo D. 2014. Leading dimensions in absorptive root trait variation across 96 subtropical forest species. New Phytologist 203: 863-872.",Decaspermum,gracilentum,AM
Acer negundo,"Comas LH, Eissenstat DM. 2009. Patterns in root trait variation among 25 co-existing North American forest species. New Phytologist 182: 919-928.",Acer,negundo,AM
Acer saccharum,"Comas LH, Eissenstat DM. 2009. Patterns in root trait variation among 25 co-existing North American forest species. New Phytologist 182: 919-928.",Acer,saccharum,AM
Carya glabra,"Comas LH, Eissenstat DM. 2009. Patterns in root trait variation among 25 co-existing North American forest species. New Phytologist 182: 919-928.",Carya,glabra,EM
Fraxinus americana,"Comas LH, Eissenstat DM. 2009. Patterns in root trait variation among 25 co-existing North American forest species. New Phytologist 182: 919-928.",Fraxinus,americana,AM
Hamamelis virginiana,"Comas LH, Eissenstat DM. 2009. Patterns in root trait variation among 25 co-existing North American forest species. New Phytologist 182: 919-928.",Hamamelis,virginiana,AM
Juglans nigra,"Comas LH, Eissenstat DM. 2009. Patterns in root trait variation among 25 co-existing North American forest species. New Phytologist 182: 919-928.",Juglans,nigra,AM
Liriodendron tulipifera,"Comas LH, Eissenstat DM. 2009. Patterns in root trait variation among 25 co-existing North American forest species. New Phytologist 182: 919-928.",Liriodendron,tulipifera,AM
Pinus strobus,"Comas LH, Eissenstat DM. 2009. Patterns in root trait variation among 25 co-existing North American forest species. New Phytologist 182: 919-928.",Pinus,strobus,EM
Pinus virginiana,"Comas LH, Eissenstat DM. 2009. Patterns in root trait variation among 25 co-existing North American forest species. New Phytologist 182: 919-928.",Pinus,virginiana,EM
Quercus alba,"Comas LH, Eissenstat DM. 2009. Patterns in root trait variation among 25 co-existing North American forest species. New Phytologist 182: 919-928.",Quercus,alba,EM
Quercus rubra,"Comas LH, Eissenstat DM. 2009. Patterns in root trait variation among 25 co-existing North American forest species. New Phytologist 182: 919-928.",Quercus,rubra,EM
Sassafras albidum,"Comas LH, Eissenstat DM. 2009. Patterns in root trait variation among 25 co-existing North American forest species. New Phytologist 182: 919-928.",Sassafras,albidum,AM
Acer negundo,"Comas LH, Bouma TJ, Eissenstat DM. 2002. Linking root traits to potential growth rate in six temperate tree species. Oecologia 132: 34-43.",Acer,negundo,NM
Acer saccharum,"Comas LH, Bouma TJ, Eissenstat DM. 2002. Linking root traits to potential growth rate in six temperate tree species. Oecologia 132: 34-43.",Acer,saccharum,NM
Quercus rubra,"Comas LH, Bouma TJ, Eissenstat DM. 2002. Linking root traits to potential growth rate in six temperate tree species. Oecologia 132: 34-43.",Quercus,rubra,NM
Quercus alba,"Comas LH, Bouma TJ, Eissenstat DM. 2002. Linking root traits to potential growth rate in six temperate tree species. Oecologia 132: 34-43.",Quercus,alba,NM
Pinus virginiana,"Comas LH, Bouma TJ, Eissenstat DM. 2002. Linking root traits to potential growth rate in six temperate tree species. Oecologia 132: 34-43.",Pinus,virginiana,NM
Cunninghamia lanceolata,"Xiong Y, Fan P, Fu S, Zeng H, Guo D. 2013. Slow decomposition and limited nitrogen release by lower order roots in eight Chinese temperate and subtropical trees. Plant Soil 363: 19-31.",Cunninghamia,lanceolata,AM
Schima wallichii,"Xiong Y, Fan P, Fu S, Zeng H, Guo D. 2013. Slow decomposition and limited nitrogen release by lower order roots in eight Chinese temperate and subtropical trees. Plant Soil 363: 19-31.",Schima,wallichii,AM
Larix gmelinii,"Xiong Y, Fan P, Fu S, Zeng H, Guo D. 2013. Slow decomposition and limited nitrogen release by lower order roots in eight Chinese temperate and subtropical trees. Plant Soil 363: 19-31.",Larix,gmelinii,EM
Juglans mandshurica,"Xiong Y, Fan P, Fu S, Zeng H, Guo D. 2013. Slow decomposition and limited nitrogen release by lower order roots in eight Chinese temperate and subtropical trees. Plant Soil 363: 19-31.",Juglans,mandshurica,AM
Phellodendron amurense,"Xiong Y, Fan P, Fu S, Zeng H, Guo D. 2013. Slow decomposition and limited nitrogen release by lower order roots in eight Chinese temperate and subtropical trees. Plant Soil 363: 19-31.",Phellodendron,amurense,AM
Adiantum pedatum,"Dong X, Wang H, Gu J, Wang Y, Wang Z. 2014. Root morphology, histology and chemistry of nine fern species (pteridophyta) in a temperate forest. Plant Soil 393: 215-227.",Adiantum,pedatum,AM
Athyrium multidentatum,"Dong X, Wang H, Gu J, Wang Y, Wang Z. 2014. Root morphology, histology and chemistry of nine fern species (pteridophyta) in a temperate forest. Plant Soil 393: 215-227.",Athyrium,multidentatum,AM
Athyrium sinense,"Dong X, Wang H, Gu J, Wang Y, Wang Z. 2014. Root morphology, histology and chemistry of nine fern species (pteridophyta) in a temperate forest. Plant Soil 393: 215-227.",Athyrium,sinense,AM
Equisetum hyemale,"Dong X, Wang H, Gu J, Wang Y, Wang Z. 2014. Root morphology, histology and chemistry of nine fern species (pteridophyta) in a temperate forest. Plant Soil 393: 215-227.",Equisetum,hyemale,AM
Athyrium spinulosum,"Dong X, Wang H, Gu J, Wang Y, Wang Z. 2014. Root morphology, histology and chemistry of nine fern species (pteridophyta) in a temperate forest. Plant Soil 393: 215-227.",Athyrium,spinulosum,AM
Chenopodium serotinum,"Chen W, Zeng H, Eissenstat DM, Guo D. 2013. Variation of first-order root traits across climatic gradients and evolutionary trends in geological time. Global Ecology and Biogeography 22: 846-856.",Chenopodium,serotinum,AM
Cornus officinalis,"Chen W, Zeng H, Eissenstat DM, Guo D. 2013. Variation of first-order root traits across climatic gradients and evolutionary trends in geological time. Global Ecology and Biogeography 22: 846-856.",Cornus,officinalis,AM + EM
Cornus bretschneideri,"Chen W, Zeng H, Eissenstat DM, Guo D. 2013. Variation of first-order root traits across climatic gradients and evolutionary trends in geological time. Global Ecology and Biogeography 22: 846-856.",Cornus,bretschneideri,AM
Ardisia depressa,"Chen W, Zeng H, Eissenstat DM, Guo D. 2013. Variation of first-order root traits across climatic gradients and evolutionary trends in geological time. Global Ecology and Biogeography 22: 846-856.",Ardisia,depressa,AM
Eurya japonica,"Chen W, Zeng H, Eissenstat DM, Guo D. 2013. Variation of first-order root traits across climatic gradients and evolutionary trends in geological time. Global Ecology and Biogeography 22: 846-856.",Eurya,japonica,AM
Diospyros strigosa,"Chen W, Zeng H, Eissenstat DM, Guo D. 2013. Variation of first-order root traits across climatic gradients and evolutionary trends in geological time. Global Ecology and Biogeography 22: 846-856.",Diospyros,strigosa,AM
Barringtonia racemosa,"Chen W, Zeng H, Eissenstat DM, Guo D. 2013. Variation of first-order root traits across climatic gradients and evolutionary trends in geological time. Global Ecology and Biogeography 22: 846-856.",Barringtonia,racemosa,AM
Myrsine seguinii,"Chen W, Zeng H, Eissenstat DM, Guo D. 2013. Variation of first-order root traits across climatic gradients and evolutionary trends in geological time. Global Ecology and Biogeography 22: 846-856.",Myrsine,seguinii,AM
Betula albosinensis,"Chen W, Zeng H, Eissenstat DM, Guo D. 2013. Variation of first-order root traits across climatic gradients and evolutionary trends in geological time. Global Ecology and Biogeography 22: 846-856.",Betula,albosinensis,EM
Carpinus cordata,"Chen W, Zeng H, Eissenstat DM, Guo D. 2013. Variation of first-order root traits across climatic gradients and evolutionary trends in geological time. Global Ecology and Biogeography 22: 846-856.",Carpinus,cordata,EM
Quercus aliena,"Chen W, Zeng H, Eissenstat DM, Guo D. 2013. Variation of first-order root traits across climatic gradients and evolutionary trends in geological time. Global Ecology and Biogeography 22: 846-856.",Quercus,aliena,EM
Quercus variabilis,"Chen W, Zeng H, Eissenstat DM, Guo D. 2013. Variation of first-order root traits across climatic gradients and evolutionary trends in geological time. Global Ecology and Biogeography 22: 846-856.",Quercus,variabilis,EM
Quercus wutaishanica,"Chen W, Zeng H, Eissenstat DM, Guo D. 2013. Variation of first-order root traits across climatic gradients and evolutionary trends in geological time. Global Ecology and Biogeography 22: 846-856.",Quercus,wutaishanica,EM
Ginkgo biloba,"Chen W, Zeng H, Eissenstat DM, Guo D. 2013. Variation of first-order root traits across climatic gradients and evolutionary trends in geological time. Global Ecology and Biogeography 22: 846-856.",Ginkgo,biloba,AM
Fraxinus chinensis,"Chen W, Zeng H, Eissenstat DM, Guo D. 2013. Variation of first-order root traits across climatic gradients and evolutionary trends in geological time. Global Ecology and Biogeography 22: 846-856.",Fraxinus,chinensis,AM
Syringa reticulata,"Chen W, Zeng H, Eissenstat DM, Guo D. 2013. Variation of first-order root traits across climatic gradients and evolutionary trends in geological time. Global Ecology and Biogeography 22: 846-856.",Syringa,reticulata,AM + EM
Cryptocarya concinna,"Chen W, Zeng H, Eissenstat DM, Guo D. 2013. Variation of first-order root traits across climatic gradients and evolutionary trends in geological time. Global Ecology and Biogeography 22: 846-856.",Cryptocarya,concinna,AM
Machilus breviflora,"Chen W, Zeng H, Eissenstat DM, Guo D. 2013. Variation of first-order root traits across climatic gradients and evolutionary trends in geological time. Global Ecology and Biogeography 22: 846-856.",Machilus,breviflora,AM
Ocotea lancifolia,"Chen W, Zeng H, Eissenstat DM, Guo D. 2013. Variation of first-order root traits across climatic gradients and evolutionary trends in geological time. Global Ecology and Biogeography 22: 846-856.",Ocotea,lancifolia,AM
Cinnamomum camphora,"Chen W, Zeng H, Eissenstat DM, Guo D. 2013. Variation of first-order root traits across climatic gradients and evolutionary trends in geological time. Global Ecology and Biogeography 22: 846-856.",Cinnamomum,camphora,AM
Lindera communis,"Chen W, Zeng H, Eissenstat DM, Guo D. 2013. Variation of first-order root traits across climatic gradients and evolutionary trends in geological time. Global Ecology and Biogeography 22: 846-856.",Lindera,communis,AM
Goniothalamus griffithii,"Chen W, Zeng H, Eissenstat DM, Guo D. 2013. Variation of first-order root traits across climatic gradients and evolutionary trends in geological time. Global Ecology and Biogeography 22: 846-856.",Goniothalamus,griffithii,AM
Liriodendron chinense,"Chen W, Zeng H, Eissenstat DM, Guo D. 2013. Variation of first-order root traits across climatic gradients and evolutionary trends in geological time. Global Ecology and Biogeography 22: 846-856.",Liriodendron,chinense,AM
Magnolia championii,"Chen W, Zeng H, Eissenstat DM, Guo D. 2013. Variation of first-order root traits across climatic gradients and evolutionary trends in geological time. Global Ecology and Biogeography 22: 846-856.",Magnolia,championii,AM
Magnolia macclurei,"Chen W, Zeng H, Eissenstat DM, Guo D. 2013. Variation of first-order root traits across climatic gradients and evolutionary trends in geological time. Global Ecology and Biogeography 22: 846-856.",Magnolia,macclurei,AM
Magnolia maudiae,"Chen W, Zeng H, Eissenstat DM, Guo D. 2013. Variation of first-order root traits across climatic gradients and evolutionary trends in geological time. Global Ecology and Biogeography 22: 846-856.",Magnolia,maudiae,AM
Magnolia ernestii,"Chen W, Zeng H, Eissenstat DM, Guo D. 2013. Variation of first-order root traits across climatic gradients and evolutionary trends in geological time. Global Ecology and Biogeography 22: 846-856.",Magnolia,ernestii,AM
Magnolia odora,"Chen W, Zeng H, Eissenstat DM, Guo D. 2013. Variation of first-order root traits across climatic gradients and evolutionary trends in geological time. Global Ecology and Biogeography 22: 846-856.",Magnolia,odora,AM
Knema erratica,"Chen W, Zeng H, Eissenstat DM, Guo D. 2013. Variation of first-order root traits across climatic gradients and evolutionary trends in geological time. Global Ecology and Biogeography 22: 846-856.",Knema,erratica,AM
Populus cathayana,"Chen W, Zeng H, Eissenstat DM, Guo D. 2013. Variation of first-order root traits across climatic gradients and evolutionary trends in geological time. Global Ecology and Biogeography 22: 846-856.",Populus,cathayana,AM + EM
Macaranga sampsonii,"Chen W, Zeng H, Eissenstat DM, Guo D. 2013. Variation of first-order root traits across climatic gradients and evolutionary trends in geological time. Global Ecology and Biogeography 22: 846-856.",Macaranga,sampsonii,AM
Tilia mandshurica,"Chen W, Zeng H, Eissenstat DM, Guo D. 2013. Variation of first-order root traits across climatic gradients and evolutionary trends in geological time. Global Ecology and Biogeography 22: 846-856.",Tilia,mandshurica,AM
Tilia mongolica,"Chen W, Zeng H, Eissenstat DM, Guo D. 2013. Variation of first-order root traits across climatic gradients and evolutionary trends in geological time. Global Ecology and Biogeography 22: 846-856.",Tilia,mongolica,EM
Memecylon nigrescens,"Chen W, Zeng H, Eissenstat DM, Guo D. 2013. Variation of first-order root traits across climatic gradients and evolutionary trends in geological time. Global Ecology and Biogeography 22: 846-856.",Memecylon,nigrescens,AM
Syzygium hancei,"Chen W, Zeng H, Eissenstat DM, Guo D. 2013. Variation of first-order root traits across climatic gradients and evolutionary trends in geological time. Global Ecology and Biogeography 22: 846-856.",Syzygium,hancei,AM
Syzygium levinei,"Chen W, Zeng H, Eissenstat DM, Guo D. 2013. Variation of first-order root traits across climatic gradients and evolutionary trends in geological time. Global Ecology and Biogeography 22: 846-856.",Syzygium,levinei,AM
Larix gmelinii,"Chen W, Zeng H, Eissenstat DM, Guo D. 2013. Variation of first-order root traits across climatic gradients and evolutionary trends in geological time. Global Ecology and Biogeography 22: 846-856.",Larix,gmelinii,EM
Picea meyeri,"Chen W, Zeng H, Eissenstat DM, Guo D. 2013. Variation of first-order root traits across climatic gradients and evolutionary trends in geological time. Global Ecology and Biogeography 22: 846-856.",Picea,meyeri,EM
Picea wilsonii,"Chen W, Zeng H, Eissenstat DM, Guo D. 2013. Variation of first-order root traits across climatic gradients and evolutionary trends in geological time. Global Ecology and Biogeography 22: 846-856.",Picea,wilsonii,EM
Pinus armandii,"Chen W, Zeng H, Eissenstat DM, Guo D. 2013. Variation of first-order root traits across climatic gradients and evolutionary trends in geological time. Global Ecology and Biogeography 22: 846-856.",Pinus,armandii,EM
Pinus tabuliformis,"Chen W, Zeng H, Eissenstat DM, Guo D. 2013. Variation of first-order root traits across climatic gradients and evolutionary trends in geological time. Global Ecology and Biogeography 22: 846-856.",Pinus,tabuliformis,EM
Dacrycarpus imbricatus,"Chen W, Zeng H, Eissenstat DM, Guo D. 2013. Variation of first-order root traits across climatic gradients and evolutionary trends in geological time. Global Ecology and Biogeography 22: 846-856.",Dacrycarpus,imbricatus,AM
Ulmus macrocarpa,"Chen W, Zeng H, Eissenstat DM, Guo D. 2013. Variation of first-order root traits across climatic gradients and evolutionary trends in geological time. Global Ecology and Biogeography 22: 846-856.",Ulmus,macrocarpa,AM
Ulmus davidiana,"Chen W, Zeng H, Eissenstat DM, Guo D. 2013. Variation of first-order root traits across climatic gradients and evolutionary trends in geological time. Global Ecology and Biogeography 22: 846-856.",Ulmus,davidiana,AM + EM
Malus baccata,"Chen W, Zeng H, Eissenstat DM, Guo D. 2013. Variation of first-order root traits across climatic gradients and evolutionary trends in geological time. Global Ecology and Biogeography 22: 846-856.",Malus,baccata,AM
Pyrus betulifolia,"Chen W, Zeng H, Eissenstat DM, Guo D. 2013. Variation of first-order root traits across climatic gradients and evolutionary trends in geological time. Global Ecology and Biogeography 22: 846-856.",Pyrus,betulifolia,AM
Sorbus aucuparia,"Chen W, Zeng H, Eissenstat DM, Guo D. 2013. Variation of first-order root traits across climatic gradients and evolutionary trends in geological time. Global Ecology and Biogeography 22: 846-856.",Sorbus,aucuparia,AM
Aphanamixis polystachya,"Chen W, Zeng H, Eissenstat DM, Guo D. 2013. Variation of first-order root traits across climatic gradients and evolutionary trends in geological time. Global Ecology and Biogeography 22: 846-856.",Aphanamixis,polystachya,AM
Dysoxylum excelsum,"Chen W, Zeng H, Eissenstat DM, Guo D. 2013. Variation of first-order root traits across climatic gradients and evolutionary trends in geological time. Global Ecology and Biogeography 22: 846-856.",Dysoxylum,excelsum,AM
Acronychia pedunculata,"Chen W, Zeng H, Eissenstat DM, Guo D. 2013. Variation of first-order root traits across climatic gradients and evolutionary trends in geological time. Global Ecology and Biogeography 22: 846-856.",Acronychia,pedunculata,AM
Canarium album,"Chen W, Zeng H, Eissenstat DM, Guo D. 2013. Variation of first-order root traits across climatic gradients and evolutionary trends in geological time. Global Ecology and Biogeography 22: 846-856.",Canarium,album,AM
Acer davidii,"Chen W, Zeng H, Eissenstat DM, Guo D. 2013. Variation of first-order root traits across climatic gradients and evolutionary trends in geological time. Global Ecology and Biogeography 22: 846-856.",Acer,davidii,AM
Acer truncatum,"Chen W, Zeng H, Eissenstat DM, Guo D. 2013. Variation of first-order root traits across climatic gradients and evolutionary trends in geological time. Global Ecology and Biogeography 22: 846-856.",Acer,truncatum,AM + EM
Rhodoleia championii,"Chen W, Zeng H, Eissenstat DM, Guo D. 2013. Variation of first-order root traits across climatic gradients and evolutionary trends in geological time. Global Ecology and Biogeography 22: 846-856.",Rhodoleia,championii,AM
Acer negundo,"Cheng L, Chen W, Adams TS, Wei X, Li L, McCormack ML, Deforest JL, Koide RT, Eissenstat DM. 2016. Mycorrhizal fungi and roots are complementary in foraging within nutrient patches. Functional Ecology accepted article.",Acer,negundo,AM
Liriodendron tulipifera,"Cheng L, Chen W, Adams TS, Wei X, Li L, McCormack ML, Deforest JL, Koide RT, Eissenstat DM. 2016. Mycorrhizal fungi and roots are complementary in foraging within nutrient patches. Functional Ecology accepted article.",Liriodendron,tulipifera,AM
Pinus strobus,"Cheng L, Chen W, Adams TS, Wei X, Li L, McCormack ML, Deforest JL, Koide RT, Eissenstat DM. 2016. Mycorrhizal fungi and roots are complementary in foraging within nutrient patches. Functional Ecology accepted article.",Pinus,strobus,EM
Quercus alba,"Cheng L, Chen W, Adams TS, Wei X, Li L, McCormack ML, Deforest JL, Koide RT, Eissenstat DM. 2016. Mycorrhizal fungi and roots are complementary in foraging within nutrient patches. Functional Ecology accepted article.",Quercus,alba,EM
Fraxinus mandshurica,"Fan P, Guo D. 2010. Slow decomposition of lower order roots: a key mechanism of root carbon and nutrient retention in the soil. Oecologia 163: 509-515.",Fraxinus,mandshurica,AM
Larix gmelinii,"Fan P, Guo D. 2010. Slow decomposition of lower order roots: a key mechanism of root carbon and nutrient retention in the soil. Oecologia 163: 509-515.",Larix,gmelinii,EM
Liriodendron tulipifera,"Taylor MK, Lankau RA, Wurzburger N. 2016. Mycorrhizal associations of trees have different indirect effects on organic matter decomposition. Journal of Ecology 104: 1576-1584.",Liriodendron,tulipifera,AM
Liquidambar styraciflua,"Taylor MK, Lankau RA, Wurzburger N. 2016. Mycorrhizal associations of trees have different indirect effects on organic matter decomposition. Journal of Ecology 104: 1576-1584.",Liquidambar,styraciflua,AM
Ilex opaca,"Taylor MK, Lankau RA, Wurzburger N. 2016. Mycorrhizal associations of trees have different indirect effects on organic matter decomposition. Journal of Ecology 104: 1576-1584.",Ilex,opaca,AM
Quercus alba,"Taylor MK, Lankau RA, Wurzburger N. 2016. Mycorrhizal associations of trees have different indirect effects on organic matter decomposition. Journal of Ecology 104: 1576-1584.",Quercus,alba,EM
Larix gmelinii,"Sun T, Mao Z, Han Y. 2013. Slow decomposition of very fine roots and some factors controlling the process: a 4-year experiment in four temperate tree species. Plant Soil 372: 445-458.",Larix,gmelinii,EM
Populus tremula,"Sun T, Mao Z, Han Y. 2013. Slow decomposition of very fine roots and some factors controlling the process: a 4-year experiment in four temperate tree species. Plant Soil 372: 445-458.",Populus,tremula,EM
Fraxinus mandshurica,"Dong L, Mao Z, Sun T. 2016. Condensed tannin effects on decomposition of very fine roots among temperate tree species. Soil Biology & Biochemistry 103: 489-492.",Fraxinus,mandshurica,AM
Phellodendron amurense,"Dong L, Mao Z, Sun T. 2016. Condensed tannin effects on decomposition of very fine roots among temperate tree species. Soil Biology & Biochemistry 103: 489-492.",Phellodendron,amurense,AM
Larix gmelinii,"Dong L, Mao Z, Sun T. 2016. Condensed tannin effects on decomposition of very fine roots among temperate tree species. Soil Biology & Biochemistry 103: 489-492.",Larix,gmelinii,EM
Populus tremula,"Dong L, Mao Z, Sun T. 2016. Condensed tannin effects on decomposition of very fine roots among temperate tree species. Soil Biology & Biochemistry 103: 489-492.",Populus,tremula,EM
Acer negundo,"Chen W, Koide RT, Adams TS, DeForest JL, Cheng L, Eissenstat DM. 2016. Root morphology and mycorrhizal symbioses together shape nutrient foraging strategies of temperate trees. Proceedings of the National Academy of Sciences 113: 8741-8746.",Acer,negundo,AM
Acer saccharum,"Chen W, Koide RT, Adams TS, DeForest JL, Cheng L, Eissenstat DM. 2016. Root morphology and mycorrhizal symbioses together shape nutrient foraging strategies of temperate trees. Proceedings of the National Academy of Sciences 113: 8741-8746.",Acer,saccharum,AM
Juglans nigra,"Chen W, Koide RT, Adams TS, DeForest JL, Cheng L, Eissenstat DM. 2016. Root morphology and mycorrhizal symbioses together shape nutrient foraging strategies of temperate trees. Proceedings of the National Academy of Sciences 113: 8741-8746.",Juglans,nigra,AM
Sassafras albidum,"Chen W, Koide RT, Adams TS, DeForest JL, Cheng L, Eissenstat DM. 2016. Root morphology and mycorrhizal symbioses together shape nutrient foraging strategies of temperate trees. Proceedings of the National Academy of Sciences 113: 8741-8746.",Sassafras,albidum,AM
Liriodendron tulipifera,"Chen W, Koide RT, Adams TS, DeForest JL, Cheng L, Eissenstat DM. 2016. Root morphology and mycorrhizal symbioses together shape nutrient foraging strategies of temperate trees. Proceedings of the National Academy of Sciences 113: 8741-8746.",Liriodendron,tulipifera,AM
Carya glabra,"Chen W, Koide RT, Adams TS, DeForest JL, Cheng L, Eissenstat DM. 2016. Root morphology and mycorrhizal symbioses together shape nutrient foraging strategies of temperate trees. Proceedings of the National Academy of Sciences 113: 8741-8746.",Carya,glabra,EM
Quercus alba,"Chen W, Koide RT, Adams TS, DeForest JL, Cheng L, Eissenstat DM. 2016. Root morphology and mycorrhizal symbioses together shape nutrient foraging strategies of temperate trees. Proceedings of the National Academy of Sciences 113: 8741-8746.",Quercus,alba,EM
Quercus rubra,"Chen W, Koide RT, Adams TS, DeForest JL, Cheng L, Eissenstat DM. 2016. Root morphology and mycorrhizal symbioses together shape nutrient foraging strategies of temperate trees. Proceedings of the National Academy of Sciences 113: 8741-8746.",Quercus,rubra,EM
Pinus virginiana,"Chen W, Koide RT, Adams TS, DeForest JL, Cheng L, Eissenstat DM. 2016. Root morphology and mycorrhizal symbioses together shape nutrient foraging strategies of temperate trees. Proceedings of the National Academy of Sciences 113: 8741-8746.",Pinus,virginiana,EM
Pinus strobus,"Chen W, Koide RT, Adams TS, DeForest JL, Cheng L, Eissenstat DM. 2016. Root morphology and mycorrhizal symbioses together shape nutrient foraging strategies of temperate trees. Proceedings of the National Academy of Sciences 113: 8741-8746.",Pinus,strobus,EM
Fraxinus excelsior,"Liese R, Alings K, Meier IC. 2017. Root branching is a leading root trait of the plant economics spectrum in temperate trees. Frontiers in Plant Science 8:315.",Fraxinus,excelsior,AM
Acer platanoides,"Liese R, Alings K, Meier IC. 2017. Root branching is a leading root trait of the plant economics spectrum in temperate trees. Frontiers in Plant Science 8:315.",Acer,platanoides,AM
Acer pseudoplatanus,"Liese R, Alings K, Meier IC. 2017. Root branching is a leading root trait of the plant economics spectrum in temperate trees. Frontiers in Plant Science 8:315.",Acer,pseudoplatanus,AM
Carpinus betulus,"Liese R, Alings K, Meier IC. 2017. Root branching is a leading root trait of the plant economics spectrum in temperate trees. Frontiers in Plant Science 8:315.",Carpinus,betulus,EM
Tilia cordata,"Liese R, Alings K, Meier IC. 2017. Root branching is a leading root trait of the plant economics spectrum in temperate trees. Frontiers in Plant Science 8:315.",Tilia,cordata,EM
Acer pseudoplatanus,"Goebel M, Hobbie SE, Bulaj B, Zadworny M, Archibald DD, Oleksyn J, Reich PB, Eissenstat DM. 2011. Decomposition of the finest root branching orders: linking belowground dynamics to fine-root function and structure. Ecological Monographs 81: 89-102.",Acer,pseudoplatanus,AM
Tilia cordata,"Goebel M, Hobbie SE, Bulaj B, Zadworny M, Archibald DD, Oleksyn J, Reich PB, Eissenstat DM. 2011. Decomposition of the finest root branching orders: linking belowground dynamics to fine-root function and structure. Ecological Monographs 81: 89-102.",Tilia,cordata,EM
Acer davidii,"Guo D, Xia M, Wei X, Chang W, Liu Y, Wang Z. 2008. Anatomical traits associated with absorption and mycorrhizal colonization are linked to root branch order in twenty-three Chinese temperate species. New Phytologist 180: 673-683.",Acer,davidii,AM
Fraxinus mandshurica,"Guo D, Xia M, Wei X, Chang W, Liu Y, Wang Z. 2008. Anatomical traits associated with absorption and mycorrhizal colonization are linked to root branch order in twenty-three Chinese temperate species. New Phytologist 180: 673-683.",Fraxinus,mandshurica,AM
Fraxinus chinensis,"Guo D, Xia M, Wei X, Chang W, Liu Y, Wang Z. 2008. Anatomical traits associated with absorption and mycorrhizal colonization are linked to root branch order in twenty-three Chinese temperate species. New Phytologist 180: 673-683.",Fraxinus,chinensis,AM
Juglans mandshurica,"Guo D, Xia M, Wei X, Chang W, Liu Y, Wang Z. 2008. Anatomical traits associated with absorption and mycorrhizal colonization are linked to root branch order in twenty-three Chinese temperate species. New Phytologist 180: 673-683.",Juglans,mandshurica,AM
Phellodendron amurense,"Guo D, Xia M, Wei X, Chang W, Liu Y, Wang Z. 2008. Anatomical traits associated with absorption and mycorrhizal colonization are linked to root branch order in twenty-three Chinese temperate species. New Phytologist 180: 673-683.",Phellodendron,amurense,AM
Tilia mandshurica,"Guo D, Xia M, Wei X, Chang W, Liu Y, Wang Z. 2008. Anatomical traits associated with absorption and mycorrhizal colonization are linked to root branch order in twenty-three Chinese temperate species. New Phytologist 180: 673-683.",Tilia,mandshurica,AM
Cornus officinalis,"Guo D, Xia M, Wei X, Chang W, Liu Y, Wang Z. 2008. Anatomical traits associated with absorption and mycorrhizal colonization are linked to root branch order in twenty-three Chinese temperate species. New Phytologist 180: 673-683.",Cornus,officinalis,AM + EM
Syringa reticulata,"Guo D, Xia M, Wei X, Chang W, Liu Y, Wang Z. 2008. Anatomical traits associated with absorption and mycorrhizal colonization are linked to root branch order in twenty-three Chinese temperate species. New Phytologist 180: 673-683.",Syringa,reticulata,AM + EM
Ulmus davidiana,"Guo D, Xia M, Wei X, Chang W, Liu Y, Wang Z. 2008. Anatomical traits associated with absorption and mycorrhizal colonization are linked to root branch order in twenty-three Chinese temperate species. New Phytologist 180: 673-683.",Ulmus,davidiana,AM + EM
Larix gmelinii,"Guo D, Xia M, Wei X, Chang W, Liu Y, Wang Z. 2008. Anatomical traits associated with absorption and mycorrhizal colonization are linked to root branch order in twenty-three Chinese temperate species. New Phytologist 180: 673-683.",Larix,gmelinii,EM
Pinus tabuliformis,"Guo D, Xia M, Wei X, Chang W, Liu Y, Wang Z. 2008. Anatomical traits associated with absorption and mycorrhizal colonization are linked to root branch order in twenty-three Chinese temperate species. New Phytologist 180: 673-683.",Pinus,tabuliformis,EM
Acer saccharum,"Poon GT, Maherali H. 2015. Competitive interactions between a nonmycorrhizal invasive plant, Alliaria petiolata, and a suite of mycorrhizal grassland, old field, and forest species. PeerJ 3: e1090",Acer,saccharum,AM
Pinus strobus,"Poon GT, Maherali H. 2015. Competitive interactions between a nonmycorrhizal invasive plant, Alliaria petiolata, and a suite of mycorrhizal grassland, old field, and forest species. PeerJ 3: e1090",Pinus,strobus,EM
Larix gmelinii,"Sun T, Dong L, Mao Z. 2015. Simulated atmospheric nitrogen deposition alters decomposition of ephemeral roots.  Ecosystems 18: 1240-1252.",Larix,gmelinii,EM
Fraxinus mandshurica,"Sun T, Dong L, Mao Z. 2015. Simulated atmospheric nitrogen deposition alters decomposition of ephemeral roots.  Ecosystems 18: 1240-1252.",Fraxinus,mandshurica,AM
Acer platanoides,"Liese R, Lubbe T, Albers NW, Meier IC. 2018. The mycorrhizal type governs root exudation and nitrogen uptake of temperate tree species. Tree Physiology 38: 83-95.",Acer,platanoides,AM
Acer pseudoplatanus,"Liese R, Lubbe T, Albers NW, Meier IC. 2018. The mycorrhizal type governs root exudation and nitrogen uptake of temperate tree species. Tree Physiology 38: 83-95.",Acer,pseudoplatanus,AM
Carpinus betulus,"Liese R, Lubbe T, Albers NW, Meier IC. 2018. The mycorrhizal type governs root exudation and nitrogen uptake of temperate tree species. Tree Physiology 38: 83-95.",Carpinus,betulus,EM
Fraxinus excelsior,"Liese R, Lubbe T, Albers NW, Meier IC. 2018. The mycorrhizal type governs root exudation and nitrogen uptake of temperate tree species. Tree Physiology 38: 83-95.",Fraxinus,excelsior,AM
Tilia cordata,"Liese R, Lubbe T, Albers NW, Meier IC. 2018. The mycorrhizal type governs root exudation and nitrogen uptake of temperate tree species. Tree Physiology 38: 83-95.",Tilia,cordata,EM
Fraxinus mandshurica,"Yin L, Dijkstra FA, Wang P, Zhu B, Cheng W. 2018. Rhizosphere priming effects on soil carbon and nitrogen dynamics among tree species with and without intraspecific competition. New Phytologist , in press.",Fraxinus,mandshurica,AM
Cunninghamia lanceolata,"Yin L, Dijkstra FA, Wang P, Zhu B, Cheng W. 2018. Rhizosphere priming effects on soil carbon and nitrogen dynamics among tree species with and without intraspecific competition. New Phytologist , in press.",Cunninghamia,lanceolata,AM
Acer saccharum,"Fahey TJ, Yavitt JB. 2005. An in situ approach for measuring root-associated respiration and nitrate uptake of forest trees. Plant and Soil 272: 125-131.",Acer,saccharum,AM
Pinus strobus,"Fahey TJ, Yavitt JB. 2005. An in situ approach for measuring root-associated respiration and nitrate uptake of forest trees. Plant and Soil 272: 125-131.",Pinus,strobus,EM
Acer rubrum,"Fahey TJ, Yavitt JB. 2005. An in situ approach for measuring root-associated respiration and nitrate uptake of forest trees. Plant and Soil 272: 125-131.",Acer,rubrum,AM
Liriodendron tulipifera,"Fahey TJ, Yavitt JB. 2005. An in situ approach for measuring root-associated respiration and nitrate uptake of forest trees. Plant and Soil 272: 125-131.",Liriodendron,tulipifera,AM
Larix gmelinii,"Salahuddin, Rewald B, Razaq M, Lixue Y, Li J, Khan F, Jie Z. 2018. Root order-based traits of Manchurian walnut & larch and their plasticity under interspecific competition. Scientific Reports 8: 9815",Larix,gmelinii,EM
Juglans mandshurica,"Salahuddin, Rewald B, Razaq M, Lixue Y, Li J, Khan F, Jie Z. 2018. Root order-based traits of Manchurian walnut & larch and their plasticity under interspecific competition. Scientific Reports 8: 9815",Juglans,mandshurica,AM
Acer davidii,"Akhmetzhanova AA, Soudzilovskaiana NA, Onipchenko VG, Cornwell WK, Agafonov VA, Selivanov IA, Cornelissen JHC. 2012. A rediscovered treasure: mycorrhizal intensity database for 3000 vascular plant species across the former Soviet Union. Ecology 93: 689.",Acer,davidii,AM
Acer negundo,"Akhmetzhanova AA, Soudzilovskaiana NA, Onipchenko VG, Cornwell WK, Agafonov VA, Selivanov IA, Cornelissen JHC. 2012. A rediscovered treasure: mycorrhizal intensity database for 3000 vascular plant species across the former Soviet Union. Ecology 93: 689.",Acer,negundo,AM
Acer platanoides,"Akhmetzhanova AA, Soudzilovskaiana NA, Onipchenko VG, Cornwell WK, Agafonov VA, Selivanov IA, Cornelissen JHC. 2012. A rediscovered treasure: mycorrhizal intensity database for 3000 vascular plant species across the former Soviet Union. Ecology 93: 689.",Acer,platanoides,AM
Acer platanoides,"Akhmetzhanova AA, Soudzilovskaiana NA, Onipchenko VG, Cornwell WK, Agafonov VA, Selivanov IA, Cornelissen JHC. 2012. A rediscovered treasure: mycorrhizal intensity database for 3000 vascular plant species across the former Soviet Union. Ecology 93: 689.",Acer,platanoides,NM
Acer pseudoplatanus,"Akhmetzhanova AA, Soudzilovskaiana NA, Onipchenko VG, Cornwell WK, Agafonov VA, Selivanov IA, Cornelissen JHC. 2012. A rediscovered treasure: mycorrhizal intensity database for 3000 vascular plant species across the former Soviet Union. Ecology 93: 689.",Acer,pseudoplatanus,AM
Acer pseudoplatanus,"Akhmetzhanova AA, Soudzilovskaiana NA, Onipchenko VG, Cornwell WK, Agafonov VA, Selivanov IA, Cornelissen JHC. 2012. A rediscovered treasure: mycorrhizal intensity database for 3000 vascular plant species across the former Soviet Union. Ecology 93: 689.",Acer,pseudoplatanus,NM
Aesculus hippocastanum,"Akhmetzhanova AA, Soudzilovskaiana NA, Onipchenko VG, Cornwell WK, Agafonov VA, Selivanov IA, Cornelissen JHC. 2012. A rediscovered treasure: mycorrhizal intensity database for 3000 vascular plant species across the former Soviet Union. Ecology 93: 689.",Aesculus,hippocastanum,AM
Carpinus betulus,"Akhmetzhanova AA, Soudzilovskaiana NA, Onipchenko VG, Cornwell WK, Agafonov VA, Selivanov IA, Cornelissen JHC. 2012. A rediscovered treasure: mycorrhizal intensity database for 3000 vascular plant species across the former Soviet Union. Ecology 93: 689.",Carpinus,betulus,EM
Cornus florida,"Akhmetzhanova AA, Soudzilovskaiana NA, Onipchenko VG, Cornwell WK, Agafonov VA, Selivanov IA, Cornelissen JHC. 2012. A rediscovered treasure: mycorrhizal intensity database for 3000 vascular plant species across the former Soviet Union. Ecology 93: 689.",Cornus,florida,AM
Equisetum hyemale,"Akhmetzhanova AA, Soudzilovskaiana NA, Onipchenko VG, Cornwell WK, Agafonov VA, Selivanov IA, Cornelissen JHC. 2012. A rediscovered treasure: mycorrhizal intensity database for 3000 vascular plant species across the former Soviet Union. Ecology 93: 689.",Equisetum,hyemale,NM
Equisetum pratense,"Akhmetzhanova AA, Soudzilovskaiana NA, Onipchenko VG, Cornwell WK, Agafonov VA, Selivanov IA, Cornelissen JHC. 2012. A rediscovered treasure: mycorrhizal intensity database for 3000 vascular plant species across the former Soviet Union. Ecology 93: 689.",Equisetum,pratense,NM
Fraxinus americana,"Akhmetzhanova AA, Soudzilovskaiana NA, Onipchenko VG, Cornwell WK, Agafonov VA, Selivanov IA, Cornelissen JHC. 2012. A rediscovered treasure: mycorrhizal intensity database for 3000 vascular plant species across the former Soviet Union. Ecology 93: 689.",Fraxinus,americana,AM
Fraxinus excelsior,"Akhmetzhanova AA, Soudzilovskaiana NA, Onipchenko VG, Cornwell WK, Agafonov VA, Selivanov IA, Cornelissen JHC. 2012. A rediscovered treasure: mycorrhizal intensity database for 3000 vascular plant species across the former Soviet Union. Ecology 93: 689.",Fraxinus,excelsior,AM
Fraxinus chinensis,"Akhmetzhanova AA, Soudzilovskaiana NA, Onipchenko VG, Cornwell WK, Agafonov VA, Selivanov IA, Cornelissen JHC. 2012. A rediscovered treasure: mycorrhizal intensity database for 3000 vascular plant species across the former Soviet Union. Ecology 93: 689.",Fraxinus,chinensis,AM
Gleditsia triacanthos,"Akhmetzhanova AA, Soudzilovskaiana NA, Onipchenko VG, Cornwell WK, Agafonov VA, Selivanov IA, Cornelissen JHC. 2012. A rediscovered treasure: mycorrhizal intensity database for 3000 vascular plant species across the former Soviet Union. Ecology 93: 689.",Gleditsia,triacanthos,AM
Hamamelis virginiana,"Akhmetzhanova AA, Soudzilovskaiana NA, Onipchenko VG, Cornwell WK, Agafonov VA, Selivanov IA, Cornelissen JHC. 2012. A rediscovered treasure: mycorrhizal intensity database for 3000 vascular plant species across the former Soviet Union. Ecology 93: 689.",Hamamelis,virginiana,AM
Juglans mandshurica,"Akhmetzhanova AA, Soudzilovskaiana NA, Onipchenko VG, Cornwell WK, Agafonov VA, Selivanov IA, Cornelissen JHC. 2012. A rediscovered treasure: mycorrhizal intensity database for 3000 vascular plant species across the former Soviet Union. Ecology 93: 689.",Juglans,mandshurica,AM
Larix gmelinii,"Akhmetzhanova AA, Soudzilovskaiana NA, Onipchenko VG, Cornwell WK, Agafonov VA, Selivanov IA, Cornelissen JHC. 2012. A rediscovered treasure: mycorrhizal intensity database for 3000 vascular plant species across the former Soviet Union. Ecology 93: 689.",Larix,gmelinii,EM
Liriodendron chinense,"Akhmetzhanova AA, Soudzilovskaiana NA, Onipchenko VG, Cornwell WK, Agafonov VA, Selivanov IA, Cornelissen JHC. 2012. A rediscovered treasure: mycorrhizal intensity database for 3000 vascular plant species across the former Soviet Union. Ecology 93: 689.",Liriodendron,chinense,AM
Liriodendron tulipifera,"Akhmetzhanova AA, Soudzilovskaiana NA, Onipchenko VG, Cornwell WK, Agafonov VA, Selivanov IA, Cornelissen JHC. 2012. A rediscovered treasure: mycorrhizal intensity database for 3000 vascular plant species across the former Soviet Union. Ecology 93: 689.",Liriodendron,tulipifera,AM
Magnolia grandiflora,"Akhmetzhanova AA, Soudzilovskaiana NA, Onipchenko VG, Cornwell WK, Agafonov VA, Selivanov IA, Cornelissen JHC. 2012. A rediscovered treasure: mycorrhizal intensity database for 3000 vascular plant species across the former Soviet Union. Ecology 93: 689.",Magnolia,grandiflora,AM
Magnolia kobus,"Akhmetzhanova AA, Soudzilovskaiana NA, Onipchenko VG, Cornwell WK, Agafonov VA, Selivanov IA, Cornelissen JHC. 2012. A rediscovered treasure: mycorrhizal intensity database for 3000 vascular plant species across the former Soviet Union. Ecology 93: 689.",Magnolia,kobus,AM
Magnolia tripetala,"Akhmetzhanova AA, Soudzilovskaiana NA, Onipchenko VG, Cornwell WK, Agafonov VA, Selivanov IA, Cornelissen JHC. 2012. A rediscovered treasure: mycorrhizal intensity database for 3000 vascular plant species across the former Soviet Union. Ecology 93: 689.",Magnolia,tripetala,AM
Magnolia virginiana,"Akhmetzhanova AA, Soudzilovskaiana NA, Onipchenko VG, Cornwell WK, Agafonov VA, Selivanov IA, Cornelissen JHC. 2012. A rediscovered treasure: mycorrhizal intensity database for 3000 vascular plant species across the former Soviet Union. Ecology 93: 689.",Magnolia,virginiana,AM
Matteuccia struthiopteris,"Akhmetzhanova AA, Soudzilovskaiana NA, Onipchenko VG, Cornwell WK, Agafonov VA, Selivanov IA, Cornelissen JHC. 2012. A rediscovered treasure: mycorrhizal intensity database for 3000 vascular plant species across the former Soviet Union. Ecology 93: 689.",Matteuccia,struthiopteris,AM
Phellodendron amurense,"Akhmetzhanova AA, Soudzilovskaiana NA, Onipchenko VG, Cornwell WK, Agafonov VA, Selivanov IA, Cornelissen JHC. 2012. A rediscovered treasure: mycorrhizal intensity database for 3000 vascular plant species across the former Soviet Union. Ecology 93: 689.",Phellodendron,amurense,AM
Pinus armandii,"Akhmetzhanova AA, Soudzilovskaiana NA, Onipchenko VG, Cornwell WK, Agafonov VA, Selivanov IA, Cornelissen JHC. 2012. A rediscovered treasure: mycorrhizal intensity database for 3000 vascular plant species across the former Soviet Union. Ecology 93: 689.",Pinus,armandii,EM
Pinus strobus,"Akhmetzhanova AA, Soudzilovskaiana NA, Onipchenko VG, Cornwell WK, Agafonov VA, Selivanov IA, Cornelissen JHC. 2012. A rediscovered treasure: mycorrhizal intensity database for 3000 vascular plant species across the former Soviet Union. Ecology 93: 689.",Pinus,strobus,EM
Populus tremula,"Akhmetzhanova AA, Soudzilovskaiana NA, Onipchenko VG, Cornwell WK, Agafonov VA, Selivanov IA, Cornelissen JHC. 2012. A rediscovered treasure: mycorrhizal intensity database for 3000 vascular plant species across the former Soviet Union. Ecology 93: 689.",Populus,tremula,EM
Sorbus aucuparia,"Akhmetzhanova AA, Soudzilovskaiana NA, Onipchenko VG, Cornwell WK, Agafonov VA, Selivanov IA, Cornelissen JHC. 2012. A rediscovered treasure: mycorrhizal intensity database for 3000 vascular plant species across the former Soviet Union. Ecology 93: 689.",Sorbus,aucuparia,AM
Syringa reticulata,"Akhmetzhanova AA, Soudzilovskaiana NA, Onipchenko VG, Cornwell WK, Agafonov VA, Selivanov IA, Cornelissen JHC. 2012. A rediscovered treasure: mycorrhizal intensity database for 3000 vascular plant species across the former Soviet Union. Ecology 93: 689.",Syringa,reticulata,AM
Tilia cordata,"Akhmetzhanova AA, Soudzilovskaiana NA, Onipchenko VG, Cornwell WK, Agafonov VA, Selivanov IA, Cornelissen JHC. 2012. A rediscovered treasure: mycorrhizal intensity database for 3000 vascular plant species across the former Soviet Union. Ecology 93: 689.",Tilia,cordata,EM
Machilus breviflora,"Wang R, Wang Q, Zhao N, Xu Z, Zhu X, Jiao C, Yu G, He N. 2018. Different phylogenetic and environmental controls of first-order root morphological and nutrient traits: Evidence of multidimensional root traits. Special Focus on Functional Traits Along A Transect 32(1): 29-39.",Machilus,breviflora,AM
Cryptocarya chinensis,"Wang R, Wang Q, Zhao N, Xu Z, Zhu X, Jiao C, Yu G, He N. 2018. Different phylogenetic and environmental controls of first-order root morphological and nutrient traits: Evidence of multidimensional root traits. Special Focus on Functional Traits Along A Transect 32(1): 29-39.",Cryptocarya,chinensis,AM
Engelhardia roxburghiana,"Wang R, Wang Q, Zhao N, Xu Z, Zhu X, Jiao C, Yu G, He N. 2018. Different phylogenetic and environmental controls of first-order root morphological and nutrient traits: Evidence of multidimensional root traits. Special Focus on Functional Traits Along A Transect 32(1): 29-39.",Engelhardia,roxburghiana,EM
Sterculia lanceolata,"Wang R, Wang Q, Zhao N, Xu Z, Zhu X, Jiao C, Yu G, He N. 2018. Different phylogenetic and environmental controls of first-order root morphological and nutrient traits: Evidence of multidimensional root traits. Special Focus on Functional Traits Along A Transect 32(1): 29-39.",Sterculia,lanceolata,AM
Psychotria asiatica,"Wang R, Wang Q, Zhao N, Xu Z, Zhu X, Jiao C, Yu G, He N. 2018. Different phylogenetic and environmental controls of first-order root morphological and nutrient traits: Evidence of multidimensional root traits. Special Focus on Functional Traits Along A Transect 32(1): 29-39.",Psychotria,asiatica,AM
Castanopsis fissa,"Wang R, Wang Q, Zhao N, Xu Z, Zhu X, Jiao C, Yu G, He N. 2018. Different phylogenetic and environmental controls of first-order root morphological and nutrient traits: Evidence of multidimensional root traits. Special Focus on Functional Traits Along A Transect 32(1): 29-39.",Castanopsis,fissa,EM
Elaeocarpus dubius,"Wang R, Wang Q, Zhao N, Xu Z, Zhu X, Jiao C, Yu G, He N. 2018. Different phylogenetic and environmental controls of first-order root morphological and nutrient traits: Evidence of multidimensional root traits. Special Focus on Functional Traits Along A Transect 32(1): 29-39.",Elaeocarpus,dubius,AM
Aporosa yunnanensis,"Wang R, Wang Q, Zhao N, Xu Z, Zhu X, Jiao C, Yu G, He N. 2018. Different phylogenetic and environmental controls of first-order root morphological and nutrient traits: Evidence of multidimensional root traits. Special Focus on Functional Traits Along A Transect 32(1): 29-39.",Aporosa,yunnanensis,AM
Juglans mandshurica,"Wang R, Wang Q, Zhao N, Xu Z, Zhu X, Jiao C, Yu G, He N. 2018. Different phylogenetic and environmental controls of first-order root morphological and nutrient traits: Evidence of multidimensional root traits. Special Focus on Functional Traits Along A Transect 32(1): 29-39.",Juglans,mandshurica,AM
Larix gmelinii,"Wang R, Wang Q, Zhao N, Xu Z, Zhu X, Jiao C, Yu G, He N. 2018. Different phylogenetic and environmental controls of first-order root morphological and nutrient traits: Evidence of multidimensional root traits. Special Focus on Functional Traits Along A Transect 32(1): 29-39.",Larix,gmelinii,EM
Fraxinus chinensis,"Wang R, Wang Q, Zhao N, Xu Z, Zhu X, Jiao C, Yu G, He N. 2018. Different phylogenetic and environmental controls of first-order root morphological and nutrient traits: Evidence of multidimensional root traits. Special Focus on Functional Traits Along A Transect 32(1): 29-39.",Fraxinus,chinensis,AM
Matteuccia struthiopteris,"Wang R, Wang Q, Zhao N, Xu Z, Zhu X, Jiao C, Yu G, He N. 2018. Different phylogenetic and environmental controls of first-order root morphological and nutrient traits: Evidence of multidimensional root traits. Special Focus on Functional Traits Along A Transect 32(1): 29-39.",Matteuccia,struthiopteris,mycorrhizal
Syringa reticulata,"Wang R, Wang Q, Zhao N, Xu Z, Zhu X, Jiao C, Yu G, He N. 2018. Different phylogenetic and environmental controls of first-order root morphological and nutrient traits: Evidence of multidimensional root traits. Special Focus on Functional Traits Along A Transect 32(1): 29-39.",Syringa,reticulata,AM
Quercus wutaishanica,"Wang R, Wang Q, Zhao N, Xu Z, Zhu X, Jiao C, Yu G, He N. 2018. Different phylogenetic and environmental controls of first-order root morphological and nutrient traits: Evidence of multidimensional root traits. Special Focus on Functional Traits Along A Transect 32(1): 29-39.",Quercus,wutaishanica,EM
Populus cathayana,"Wang R, Wang Q, Zhao N, Xu Z, Zhu X, Jiao C, Yu G, He N. 2018. Different phylogenetic and environmental controls of first-order root morphological and nutrient traits: Evidence of multidimensional root traits. Special Focus on Functional Traits Along A Transect 32(1): 29-39.",Populus,cathayana,AM + EM
Magnolia odora,"Wang R, Wang Q, Zhao N, Xu Z, Zhu X, Jiao C, Yu G, He N. 2018. Different phylogenetic and environmental controls of first-order root morphological and nutrient traits: Evidence of multidimensional root traits. Special Focus on Functional Traits Along A Transect 32(1): 29-39.",Magnolia,odora,AM
Cinnamomum porrectum,"Wang R, Wang Q, Zhao N, Xu Z, Zhu X, Jiao C, Yu G, He N. 2018. Different phylogenetic and environmental controls of first-order root morphological and nutrient traits: Evidence of multidimensional root traits. Special Focus on Functional Traits Along A Transect 32(1): 29-39.",Cinnamomum,porrectum,AM
Magnolia chapensis,"Wang R, Wang Q, Zhao N, Xu Z, Zhu X, Jiao C, Yu G, He N. 2018. Different phylogenetic and environmental controls of first-order root morphological and nutrient traits: Evidence of multidimensional root traits. Special Focus on Functional Traits Along A Transect 32(1): 29-39.",Magnolia,chapensis,AM
Alniphyllum fortunei,"Wang R, Wang Q, Zhao N, Xu Z, Zhu X, Jiao C, Yu G, He N. 2018. Different phylogenetic and environmental controls of first-order root morphological and nutrient traits: Evidence of multidimensional root traits. Special Focus on Functional Traits Along A Transect 32(1): 29-39.",Alniphyllum,fortunei,AM
Cunninghamia lanceolata,"Wang R, Wang Q, Zhao N, Xu Z, Zhu X, Jiao C, Yu G, He N. 2018. Different phylogenetic and environmental controls of first-order root morphological and nutrient traits: Evidence of multidimensional root traits. Special Focus on Functional Traits Along A Transect 32(1): 29-39.",Cunninghamia,lanceolata,AM
Magnolia maudiae,"Wang R, Wang Q, Zhao N, Xu Z, Zhu X, Jiao C, Yu G, He N. 2018. Different phylogenetic and environmental controls of first-order root morphological and nutrient traits: Evidence of multidimensional root traits. Special Focus on Functional Traits Along A Transect 32(1): 29-39.",Magnolia,maudiae,AM
Elaeocarpus sylvestris,"Wang R, Wang Q, Zhao N, Xu Z, Zhu X, Jiao C, Yu G, He N. 2018. Different phylogenetic and environmental controls of first-order root morphological and nutrient traits: Evidence of multidimensional root traits. Special Focus on Functional Traits Along A Transect 32(1): 29-39.",Elaeocarpus,sylvestris,AM
Ulmus davidiana,"Wang R, Wang Q, Zhao N, Xu Z, Zhu X, Jiao C, Yu G, He N. 2018. Different phylogenetic and environmental controls of first-order root morphological and nutrient traits: Evidence of multidimensional root traits. Special Focus on Functional Traits Along A Transect 32(1): 29-39.",Ulmus,davidiana,AM + EM
Phellodendron amurense,"Wang R, Wang Q, Zhao N, Xu Z, Zhu X, Jiao C, Yu G, He N. 2018. Different phylogenetic and environmental controls of first-order root morphological and nutrient traits: Evidence of multidimensional root traits. Special Focus on Functional Traits Along A Transect 32(1): 29-39.",Phellodendron,amurense,AM
Adiantum pedatum,"Wang R, Wang Q, Zhao N, Xu Z, Zhu X, Jiao C, Yu G, He N. 2018. Different phylogenetic and environmental controls of first-order root morphological and nutrient traits: Evidence of multidimensional root traits. Special Focus on Functional Traits Along A Transect 32(1): 29-39.",Adiantum,pedatum,mycorrhizal
Fraxinus mandshurica,"Wang R, Wang Q, Zhao N, Xu Z, Zhu X, Jiao C, Yu G, He N. 2018. Different phylogenetic and environmental controls of first-order root morphological and nutrient traits: Evidence of multidimensional root traits. Special Focus on Functional Traits Along A Transect 32(1): 29-39.",Fraxinus,mandshurica,AM
Pinus armandii,"Wang R, Wang Q, Zhao N, Xu Z, Zhu X, Jiao C, Yu G, He N. 2018. Different phylogenetic and environmental controls of first-order root morphological and nutrient traits: Evidence of multidimensional root traits. Special Focus on Functional Traits Along A Transect 32(1): 29-39.",Pinus,armandii,EM
Acer davidii,"Wang R, Wang Q, Zhao N, Xu Z, Zhu X, Jiao C, Yu G, He N. 2018. Different phylogenetic and environmental controls of first-order root morphological and nutrient traits: Evidence of multidimensional root traits. Special Focus on Functional Traits Along A Transect 32(1): 29-39.",Acer,davidii,AM
Quercus aliena,"Wang R, Wang Q, Zhao N, Xu Z, Zhu X, Jiao C, Yu G, He N. 2018. Different phylogenetic and environmental controls of first-order root morphological and nutrient traits: Evidence of multidimensional root traits. Special Focus on Functional Traits Along A Transect 32(1): 29-39.",Quercus,aliena,EM
Pinus tabuliformis,"Wang R, Wang Q, Zhao N, Xu Z, Zhu X, Jiao C, Yu G, He N. 2018. Different phylogenetic and environmental controls of first-order root morphological and nutrient traits: Evidence of multidimensional root traits. Special Focus on Functional Traits Along A Transect 32(1): 29-39.",Pinus,tabuliformis,EM
Cornus bretschneideri,"Wang R, Wang Q, Zhao N, Xu Z, Zhu X, Jiao C, Yu G, He N. 2018. Different phylogenetic and environmental controls of first-order root morphological and nutrient traits: Evidence of multidimensional root traits. Special Focus on Functional Traits Along A Transect 32(1): 29-39.",Cornus,bretschneideri,AM
