Dataset,SpeciesName,AccSpeciesName,TraitID,OrigValueStr
Sheffield-Iran-Spain Database,Acer pseudoplatanus,Acer pseudoplatanus,22.0,C3
Sheffield-Iran-Spain Database,Fraxinus excelsior,Fraxinus excelsior,22.0,C3
Sheffield-Iran-Spain Database,Sorbus aucuparia,Sorbus aucuparia,22.0,C3
Abisko & Sheffield Database,Matteuccia struthiopteris,Matteuccia struthiopteris,22.0,C3
Abisko & Sheffield Database,Populus tremula,Populus tremula,22.0,C3
Abisko & Sheffield Database,Sorbus aucuparia,Sorbus aucuparia,22.0,C3
Sheffield Database,Acer platanoides,Acer platanoides,22.0,C3
Sheffield Database,Acer pseudoplatanus,Acer pseudoplatanus,22.0,C3
Sheffield Database,Aesculus hippocastanum,Aesculus hippocastanum,22.0,C3
Sheffield Database,Carpinus betulus,Carpinus betulus,22.0,C3
Sheffield Database,Fraxinus excelsior,Fraxinus excelsior,22.0,C3
Sheffield Database,Populus tremula,Populus tremula,22.0,C3
Sheffield Database,Sorbus aucuparia,Sorbus aucuparia,22.0,C3
Sheffield Database,Tilia cordata,Tilia cordata,22.0,C3
Categorical Plant Traits Database,Acacia auriculiformis,Acacia auriculiformis,22.0,C3
Categorical Plant Traits Database,Acacia mangium,Acacia mangium,22.0,C3
Categorical Plant Traits Database,Acer negundo,Acer negundo,22.0,C3
Categorical Plant Traits Database,Acer negundo var interius,Acer negundo,22.0,C3
Categorical Plant Traits Database,Acer platanoides,Acer platanoides,22.0,C3
Categorical Plant Traits Database,"ACER PLATANOIDES,",Acer platanoides,22.0,C3
Categorical Plant Traits Database,Acer pseudoplatanus,Acer pseudoplatanus,22.0,C3
Categorical Plant Traits Database,"ACER PSEUDOPLATANUS,",Acer pseudoplatanus,22.0,C3
Categorical Plant Traits Database,Acer rubrum,Acer rubrum,22.0,C3
Categorical Plant Traits Database,Acer saccharum,Acer saccharum,22.0,C3
Categorical Plant Traits Database,Acer truncatum,Acer truncatum,22.0,C3
Categorical Plant Traits Database,Adiantum pedatum,Adiantum pedatum,22.0,C3
Categorical Plant Traits Database,Aesculus hippocastanum,Aesculus hippocastanum,22.0,C3
Categorical Plant Traits Database,Aporosa yunnanensis,Aporosa yunnanensis,22.0,C3
Categorical Plant Traits Database,Aporusa chinensis,Aporosa octandra,22.0,C3
Categorical Plant Traits Database,Aporusa yunnanensis,Aporosa yunnanensis,22.0,C3
Categorical Plant Traits Database,Ardisia quequegona,Ardisia quinquegona,22.0,C3
Categorical Plant Traits Database,Ardisia quinquegona,Ardisia quinquegona,22.0,C3
Categorical Plant Traits Database,Canarium album,Canarium album,22.0,C3
Categorical Plant Traits Database,Carpinus betulus,Carpinus betulus,22.0,C3
Categorical Plant Traits Database,"CARPINUS BETULUS,",Carpinus betulus,22.0,C3
Categorical Plant Traits Database,Carpinus cordata,Carpinus cordata,22.0,C3
Categorical Plant Traits Database,Carya glabra,Carya glabra,22.0,C3
Categorical Plant Traits Database,Celtis sinensis,Celtis sinensis,22.0,C3
Categorical Plant Traits Database,Cercidiphyllum japonicum,Cercidiphyllum japonicum,22.0,C3
Categorical Plant Traits Database,Chenopodium serotinum,Chenopodium serotinum,22.0,C3
Categorical Plant Traits Database,Chionanthus virginicus,Chionanthus virginicus,22.0,C3
Categorical Plant Traits Database,Cinnamomum camphora,Cinnamomum camphora,22.0,C3
Categorical Plant Traits Database,Cornus florida,Cornus florida,22.0,C3
Categorical Plant Traits Database,Cornus officinalis,Cornus officinalis,22.0,C3
Categorical Plant Traits Database,Cratoxylon ligustrinum,Cratoxylum cochinchinense,22.0,C4
Categorical Plant Traits Database,Cryptocarya chinensis,Cryptocarya chinensis,22.0,C3
Categorical Plant Traits Database,Cryptocarya concinna,Cryptocarya concinna,22.0,C3
Categorical Plant Traits Database,Decaspermum gracilentum,Decaspermum gracilentum,22.0,C3
Categorical Plant Traits Database,Dicranopteris Iinearis,Dicranopteris linearis,22.0,C3
Categorical Plant Traits Database,Dicranopteris linearis,Dicranopteris linearis,22.0,C3
Categorical Plant Traits Database,Equisetum hiemale,Equisetum hyemale,22.0,C3
Categorical Plant Traits Database,Equisetum pratense,Equisetum pratense,22.0,C3
Categorical Plant Traits Database,Evodia lepta,Melicope pteleifolia,22.0,C3
Categorical Plant Traits Database,Fraxinus americana,Fraxinus americana,22.0,C3
Categorical Plant Traits Database,Fraxinus chinensis,Fraxinus chinensis,22.0,C3
Categorical Plant Traits Database,Fraxinus excelsior,Fraxinus excelsior,22.0,C3
Categorical Plant Traits Database,"FRAXINUS EXCELSIOR,",Fraxinus excelsior,22.0,C3
Categorical Plant Traits Database,Fraxinus madshurica,Fraxinus mandshurica,22.0,C3
Categorical Plant Traits Database,Fraxinus mandschurica,Fraxinus mandshurica,22.0,C3
Categorical Plant Traits Database,Fraxinus mandshurica,Fraxinus mandshurica,22.0,C3
Categorical Plant Traits Database,Fraxinus rhynchophylla,Fraxinus chinensis,22.0,C3
Categorical Plant Traits Database,Garcinia oblongifolia,Garcinia oblongifolia,22.0,C3
Categorical Plant Traits Database,Ginkgo bilbosa,Ginkgo biloba,22.0,C3
Categorical Plant Traits Database,Gironniera subaequalis,Gironniera subaequalis,22.0,C4
Categorical Plant Traits Database,Ilex opaca,Ilex opaca,22.0,C3
Categorical Plant Traits Database,Juglans mandshurica,Juglans mandshurica,22.0,C3
Categorical Plant Traits Database,Juglans nigra,Juglans nigra,22.0,C3
Categorical Plant Traits Database,Larix dahurica,Larix gmelinii,22.0,C3
Categorical Plant Traits Database,Larix gmelinii,Larix gmelinii,22.0,C3
Categorical Plant Traits Database,Larix olgenisis,Larix gmelinii,22.0,C3
Categorical Plant Traits Database,Larix olgensis,Larix gmelinii,22.0,C3
Categorical Plant Traits Database,Lindera communis,Lindera communis,22.0,C3
Categorical Plant Traits Database,Liquidambar styraciflua,Liquidambar styraciflua,22.0,C3
Categorical Plant Traits Database,Liquidambar styraciflua ssp mexicana,Liquidambar styraciflua,22.0,C3
Categorical Plant Traits Database,Liriodendron tulipifera,Liriodendron tulipifera,22.0,C3
Categorical Plant Traits Database,Machilus velutina,Machilus velutina,22.0,C3
Categorical Plant Traits Database,Magnolia denudata,Magnolia denudata,22.0,C3
Categorical Plant Traits Database,Magnolia grandiflora,Magnolia grandiflora,22.0,C3
Categorical Plant Traits Database,Malus baccata,Malus baccata,22.0,C3
Categorical Plant Traits Database,Matteuccia struthiopteris,Matteuccia struthiopteris,22.0,C3
Categorical Plant Traits Database,Michelia balansae,Magnolia balansae,22.0,C4
Categorical Plant Traits Database,Microcos paniculata,Microcos paniculata,22.0,C3
Categorical Plant Traits Database,Microcos paniculata,Microcos paniculata,22.0,C4
Categorical Plant Traits Database,Myrsine seguinii,Myrsine seguinii,22.0,C3
Categorical Plant Traits Database,Nyssa aquatica,Nyssa aquatica,22.0,C3
Categorical Plant Traits Database,Nyssa sylvatica,Nyssa sylvatica,22.0,C3
Categorical Plant Traits Database,Onoclea sensibilis,Onoclea sensibilis,22.0,C3
Categorical Plant Traits Database,Phellodendron amurense,Phellodendron amurense,22.0,C3
Categorical Plant Traits Database,Picea meyeri,Picea meyeri,22.0,C3
Categorical Plant Traits Database,Pinus armandii,Pinus armandii,22.0,C3
Categorical Plant Traits Database,Pinus strobus,Pinus strobus,22.0,C3
Categorical Plant Traits Database,Pinus tabuliformis,Pinus tabuliformis,22.0,C3
Categorical Plant Traits Database,Pinus virginiana,Pinus virginiana,22.0,C3
Categorical Plant Traits Database,Pistacia chinensis,Pistacia chinensis,22.0,C3
Categorical Plant Traits Database,Pithecellobium clypearia,Archidendron clypearia,22.0,C3
Categorical Plant Traits Database,Platanus acerifolia,Platanus acerifolia,22.0,C3
Categorical Plant Traits Database,Platanus occidentalis,Platanus occidentalis,22.0,C3
Categorical Plant Traits Database,Populus deltoides,Populus deltoides,22.0,C3
Categorical Plant Traits Database,Populus deltoides x P trichopcarpa,Populus deltoides,22.0,C3
Categorical Plant Traits Database,Populus deltoids var occidentalis,Populus deltoides,22.0,C3
Categorical Plant Traits Database,Populus sieboldii,Populus tremula,22.0,C3
Categorical Plant Traits Database,Populus tremula,Populus tremula,22.0,C3
Categorical Plant Traits Database,"POPULUS TREMULA,",Populus tremula,22.0,C3
Categorical Plant Traits Database,Populus tremuloides,Populus tremuloides,22.0,C3
Categorical Plant Traits Database,Prunus sargentii,Prunus sargentii,22.0,C3
Categorical Plant Traits Database,Psychotria rubra,Psychotria asiatica,22.0,C3
Categorical Plant Traits Database,Quercus alba,Quercus alba,22.0,C3
Categorical Plant Traits Database,Quercus aliena,Quercus aliena,22.0,C3
Categorical Plant Traits Database,Quercus borealis,Quercus rubra,22.0,C3
Categorical Plant Traits Database,Quercus liaotungensis,Quercus wutaishanica,22.0,C3
Categorical Plant Traits Database,Quercus patelliformis,Quercus asymmetrica,22.0,C3
Categorical Plant Traits Database,Quercus rubra,Quercus rubra,22.0,C3
Categorical Plant Traits Database,Quercus variabilis,Quercus variabilis,22.0,C3
Categorical Plant Traits Database,Rhaphiolepis indica,Rhaphiolepis indica,22.0,C3
Categorical Plant Traits Database,Rhapiolepis indica,Rhaphiolepis indica,22.0,C3
Categorical Plant Traits Database,Schima wallichii,Schima wallichii,22.0,C3
Categorical Plant Traits Database,Sorbus amurensis,Sorbus aucuparia,22.0,C3
Categorical Plant Traits Database,Sorbus aucuparia,Sorbus aucuparia,22.0,C3
Categorical Plant Traits Database,"SORBUS AUCUPARIA,",Sorbus aucuparia,22.0,C3
Categorical Plant Traits Database,Sorbus pohuashanensis,Sorbus aucuparia,22.0,C3
Categorical Plant Traits Database,Sterculia lanceolata,Sterculia lanceolata,22.0,C3
Categorical Plant Traits Database,Syringa amurensis,Syringa reticulata,22.0,C3
Categorical Plant Traits Database,Tilia cordata,Tilia cordata,22.0,C3
Categorical Plant Traits Database,"TILIA CORDATA,",Tilia cordata,22.0,C3
Categorical Plant Traits Database,Tilia mandschurica,Tilia mandshurica,22.0,C3
Categorical Plant Traits Database,Tilia mandshurica,Tilia mandshurica,22.0,C3
Categorical Plant Traits Database,Tilia mongolica,Tilia mongolica,22.0,C3
Categorical Plant Traits Database,Tsoongiodendron odorum,Magnolia odora,22.0,C3
Categorical Plant Traits Database,Ulmus americana,Ulmus americana,22.0,C3
Categorical Plant Traits Database,Ulmus davidiana,Ulmus davidiana,22.0,C3
Categorical Plant Traits Database,Ulmus dentata,Ulmus americana,22.0,C3
Categorical Plant Traits Database,Ulmus macrocarpa,Ulmus macrocarpa,22.0,C3
Categorical Plant Traits Database,Ulmus propinqua var laevigata,Ulmus davidiana,22.0,C3
Categorical Plant Traits Database,Ulmus propinque,Ulmus davidiana,22.0,C3
Categorical Plant Traits Database,Vaccinium laetum,Vaccinium mandarinorum,22.0,C3
Midwestern and Southern US Herbaceous Species Trait Database,Diospyros virginiana,Diospyros virginiana,22.0,C3
Midwestern and Southern US Herbaceous Species Trait Database,Fraxinus americana,Fraxinus americana,22.0,C3
BIOPOP: Functional Traits for Nature Conservation,Acer negundo,Acer negundo,22.0,C3
BIOPOP: Functional Traits for Nature Conservation,Acer platanoides,Acer platanoides,22.0,C3
BIOPOP: Functional Traits for Nature Conservation,Acer pseudoplatanus,Acer pseudoplatanus,22.0,C3
BIOPOP: Functional Traits for Nature Conservation,Aesculus hippocastanum,Aesculus hippocastanum,22.0,C3
BIOPOP: Functional Traits for Nature Conservation,Carpinus betulus,Carpinus betulus,22.0,C3
BIOPOP: Functional Traits for Nature Conservation,Catalpa bignonioides,Catalpa bignonioides,22.0,C3
BIOPOP: Functional Traits for Nature Conservation,Cystopteris sudetica,Cystopteris sudetica,22.0,C3
BIOPOP: Functional Traits for Nature Conservation,Equisetum hyemale,Equisetum hyemale,22.0,C3
BIOPOP: Functional Traits for Nature Conservation,Equisetum pratense,Equisetum pratense,22.0,C3
BIOPOP: Functional Traits for Nature Conservation,Fraxinus americana,Fraxinus americana,22.0,C3
BIOPOP: Functional Traits for Nature Conservation,Fraxinus excelsior,Fraxinus excelsior,22.0,C3
BIOPOP: Functional Traits for Nature Conservation,Ginkgo biloba,Ginkgo biloba,22.0,C3
BIOPOP: Functional Traits for Nature Conservation,Gleditsia triacanthos,Gleditsia triacanthos,22.0,C3
BIOPOP: Functional Traits for Nature Conservation,Juglans nigra,Juglans nigra,22.0,C3
BIOPOP: Functional Traits for Nature Conservation,Liquidambar styraciflua,Liquidambar styraciflua,22.0,C3
BIOPOP: Functional Traits for Nature Conservation,Liriodendron tulipifera,Liriodendron tulipifera,22.0,C3
BIOPOP: Functional Traits for Nature Conservation,Matteuccia struthiopteris,Matteuccia struthiopteris,22.0,C3
BIOPOP: Functional Traits for Nature Conservation,Onoclea sensibilis,Onoclea sensibilis,22.0,C3
BIOPOP: Functional Traits for Nature Conservation,Pinus strobus,Pinus strobus,22.0,C3
BIOPOP: Functional Traits for Nature Conservation,Platanus occidentalis,Platanus occidentalis,22.0,C3
BIOPOP: Functional Traits for Nature Conservation,Populus balsamifera x trichocarpa,Populus trichocarpa,22.0,C3
BIOPOP: Functional Traits for Nature Conservation,Populus tremula,Populus tremula,22.0,C3
BIOPOP: Functional Traits for Nature Conservation,Quercus rubra,Quercus rubra,22.0,C3
BIOPOP: Functional Traits for Nature Conservation,Sorbus aucuparia,Sorbus aucuparia,22.0,C3
BIOPOP: Functional Traits for Nature Conservation,Tilia cordata,Tilia cordata,22.0,C3
"Global A, N, P, SLA Database",Acer saccharum,Acer saccharum,22.0,C3
"Global A, N, P, SLA Database",Acacia auriculiformis,Acacia auriculiformis,22.0,C3
"Global A, N, P, SLA Database",Carpinus betulus,Carpinus betulus,22.0,C3
"Global A, N, P, SLA Database",Quercus rubra,Quercus rubra,22.0,C3
"Global A, N, P, SLA Database",Populus tremuloides,Populus tremuloides,22.0,C3
"Global A, N, P, SLA Database",Acer rubrum,Acer rubrum,22.0,C3
"Global A, N, P, SLA Database",Acer platanoides,Acer platanoides,22.0,C3
"Global A, N, P, SLA Database",Tilia cordata,Tilia cordata,22.0,C3
"Global A, N, P, SLA Database",Ulmus americana,Ulmus americana,22.0,C3
"Global A, N, P, SLA Database",Acer pseudoplatanus,Acer pseudoplatanus,22.0,C3
"Global A, N, P, SLA Database",Pinus strobus,Pinus strobus,22.0,C3
ArtDeco Database,Populus tremuloides,Populus tremuloides,22.0,C3
ArtDeco Database,Acer platanoides,Acer platanoides,22.0,C3
ArtDeco Database,Acer pseudoplatanus,Acer pseudoplatanus,22.0,C3
ArtDeco Database,Aesculus hippocastanum,Aesculus hippocastanum,22.0,C3
ArtDeco Database,Carpinus betulus,Carpinus betulus,22.0,C3
ArtDeco Database,Fraxinus excelsior,Fraxinus excelsior,22.0,C3
ArtDeco Database,Populus tremula,Populus tremula,22.0,C3
ArtDeco Database,Sorbus aucuparia,Sorbus aucuparia,22.0,C3
ArtDeco Database,Tilia cordata,Tilia cordata,22.0,C3
ArtDeco Database,Cinnamomum comphora,Cinnamomum camphora,22.0,C3
ArtDeco Database,Litsea cubeba,Litsea cubeba,22.0,C3
ArtDeco Database,Acer negundo,Acer negundo,22.0,C3
ArtDeco Database,Gleditsia triacanthos,Gleditsia triacanthos,22.0,C3
ArtDeco Database,Sophora japonica,Styphnolobium japonicum,22.0,C3
ArtDeco Database,Dicranopteris linearis,Dicranopteris linearis,22.0,C3
ArtDeco Database,Acer saccharum,Acer saccharum,22.0,C3
ArtDeco Database,Pinus strobus,Pinus strobus,22.0,C3
ArtDeco Database,Quercus rubra,Quercus rubra,22.0,C3
ArtDeco Database,Matteuccia struthiopteris,Matteuccia struthiopteris,22.0,C3
ArtDeco Database,Acer rubrum,Acer rubrum,22.0,C3
ArtDeco Database,Cornus florida,Cornus florida,22.0,C3
ArtDeco Database,Juglans nigra,Juglans nigra,22.0,C3
ArtDeco Database,Liriodendron tulipifera,Liriodendron tulipifera,22.0,C3
ArtDeco Database,Pinus virginiana,Pinus virginiana,22.0,C3
ArtDeco Database,Platanus occidentalis,Platanus occidentalis,22.0,C3
ArtDeco Database,Quercus alba,Quercus alba,22.0,C3
ArtDeco Database,Sassafras variifolium,Sassafras albidum,22.0,C3
ArtDeco Database,Rapanea neriifolia,Myrsine seguinii,22.0,C3
ArtDeco Database,Schima wallicii,Schima wallichii,22.0,C3
Categorical Plant Traits Database,Asimina triloba,Asimina triloba,22.0,C3
Categorical Plant Traits Database,Magnolia virginiana,Magnolia virginiana,22.0,C3
Categorical Plant Traits Database,Populus cathayana,Populus cathayana,22.0,C3
Categorical Plant Traits Database,Diospyros virginiana,Diospyros virginiana,22.0,C3
Categorical Plant Traits Database,Ginkgo biloba,Ginkgo biloba,22.0,C3
Categorical Plant Traits Database,Gleditsia triacanthos,Gleditsia triacanthos,22.0,C3
Categorical Plant Traits Database,Magnolia kobus,Magnolia kobus,22.0,C3
Categorical Plant Traits Database,Magnolia stellata,Magnolia stellata,22.0,C3
Categorical Plant Traits Database,Sassafras albidum,Sassafras albidum,22.0,C3
Categorical Plant Traits Database,Sophora japonica,Styphnolobium japonicum,22.0,C3
Categorical Plant Traits Database,Syringa reticulata,Syringa reticulata,22.0,C3
Plant Traits in Pollution Gradients Database,Acer rubrum,Acer rubrum,22.0,C3
Plant Traits in Pollution Gradients Database,Pinus strobus,Pinus strobus,22.0,C3
Plant Traits in Pollution Gradients Database,Populus tremuloides,Populus tremuloides,22.0,C3
Plant Traits in Pollution Gradients Database,Quercus rubra,Quercus rubra,22.0,C3
GLOPNET - Global Plant Trait Network Database,Dicranopteris linearis,Dicranopteris linearis,22.0,C3
GLOPNET - Global Plant Trait Network Database,Fraxinus americana,Fraxinus americana,22.0,C3
GLOPNET - Global Plant Trait Network Database,Quercus rubra,Quercus rubra,22.0,C3
GLOPNET - Global Plant Trait Network Database,Quercus alba,Quercus alba,22.0,C3
GLOPNET - Global Plant Trait Network Database,Ulmus americana,Ulmus americana,22.0,C3
GLOPNET - Global Plant Trait Network Database,Acer rubrum,Acer rubrum,22.0,C3
GLOPNET - Global Plant Trait Network Database,Acer saccharum,Acer saccharum,22.0,C3
GLOPNET - Global Plant Trait Network Database,Acer platanoides,Acer platanoides,22.0,C3
GLOPNET - Global Plant Trait Network Database,Acer pseudoplatanus,Acer pseudoplatanus,22.0,C3
GLOPNET - Global Plant Trait Network Database,Sorbus aucuparia,Sorbus aucuparia,22.0,C3
GLOPNET - Global Plant Trait Network Database,Carya glabra,Carya glabra,22.0,C3
GLOPNET - Global Plant Trait Network Database,Liriodendron tulipifera,Liriodendron tulipifera,22.0,C3
GLOPNET - Global Plant Trait Network Database,Carpinus cordata,Carpinus cordata,22.0,C3
GLOPNET - Global Plant Trait Network Database,Populus sieboldii,Populus tremula,22.0,C3
GLOPNET - Global Plant Trait Network Database,Cercidiphyllum japonicum,Cercidiphyllum japonicum,22.0,C3
GLOPNET - Global Plant Trait Network Database,Fraxinus madshurica,Fraxinus mandshurica,22.0,C3
GLOPNET - Global Plant Trait Network Database,Ulmus davidiana,Ulmus davidiana,22.0,C3
GLOPNET - Global Plant Trait Network Database,Prunus sargentii,Prunus sargentii,22.0,C3
GLOPNET - Global Plant Trait Network Database,Matteuccia struthiopteris,Matteuccia struthiopteris,22.0,C3
GLOPNET - Global Plant Trait Network Database,Populus tremula,Populus tremula,22.0,C3
GLOPNET - Global Plant Trait Network Database,Populus deltoides,Populus deltoides,22.0,C3
GLOPNET - Global Plant Trait Network Database,Fraxinus excelsior,Fraxinus excelsior,22.0,C3
GLOPNET - Global Plant Trait Network Database,Tilia cordata,Tilia cordata,22.0,C3
GLOPNET - Global Plant Trait Network Database,Acacia auriculiformis,Acacia auriculiformis,22.0,C3
GLOPNET - Global Plant Trait Network Database,Pinus strobus,Pinus strobus,22.0,C3
GLOPNET - Global Plant Trait Network Database,Cornus florida,Cornus florida,22.0,C3
GLOPNET - Global Plant Trait Network Database,Juglans nigra,Juglans nigra,22.0,C3
GLOPNET - Global Plant Trait Network Database,Populus tremuloides,Populus tremuloides,22.0,C3
GLOPNET - Global Plant Trait Network Database,Acer negundo,Acer negundo,22.0,C3
GLOPNET - Global Plant Trait Network Database,Platanus occidentalis,Platanus occidentalis,22.0,C3
GLOPNET - Global Plant Trait Network Database,Carpinus betulus,Carpinus betulus,22.0,C3
GLOPNET - Global Plant Trait Network Database,Nyssa sylvatica,Nyssa sylvatica,22.0,C3
Leaf Physiology Database,Ginkgo biloba,Ginkgo biloba,22.0,C3
Leaf Physiology Database,Pinus strobus,Pinus strobus,22.0,C3
Leaf Physiology Database,Quercus rubra,Quercus rubra,22.0,C3
Leaf Physiology Database,Acer saccharum,Acer saccharum,22.0,C3
Leaf Physiology Database,Acer rubrum,Acer rubrum,22.0,C3
Leaf Physiology Database,Ulmus americana,Ulmus americana,22.0,C3
Leaf Physiology Database,Quercus alba,Quercus alba,22.0,C3
Leaf Physiology Database,Fraxinus americana,Fraxinus americana,22.0,C3
Leaf Physiology Database,Cornus florida,Cornus florida,22.0,C3
Leaf Physiology Database,Juglans nigra,Juglans nigra,22.0,C3
Leaf Physiology Database,Populus deltoides,Populus deltoides,22.0,C3
Leaf Physiology Database,Populus tremuloides,Populus tremuloides,22.0,C3
Leaf Physiology Database,Liriodendron tulipifera,Liriodendron tulipifera,22.0,C3
Leaf Physiology Database,Larix gmelinii,Larix gmelinii,22.0,C3
Leaf Physiology Database,Acer negundo,Acer negundo,22.0,C3
Leaf Physiology Database,Larix olgenisis,Larix gmelinii,22.0,C3
Leaf Physiology Database,Carya glabra,Carya glabra,22.0,C3
Leaf Physiology Database,Sassafras albidum,Sassafras albidum,22.0,C3
Leaf Physiology Database,Liquidambar styraciflua,Liquidambar styraciflua,22.0,C3
Leaf Physiology Database,Acer pseudoplatanus,Acer pseudoplatanus,22.0,C3
Leaf Physiology Database,Fraxinus excelsior,Fraxinus excelsior,22.0,C3
Leaf Physiology Database,Pinus virginiana,Pinus virginiana,22.0,C3
Leaf Physiology Database,Acacia mangium,Acacia mangium,22.0,C3
Leaf Physiology Database,Nyssa aquatica,Nyssa aquatica,22.0,C3
Leaf Physiology Database,Nyssa sylvatica,Nyssa sylvatica,22.0,C3
Leaf Physiology Database,Platanus occidentalis,Platanus occidentalis,22.0,C3
Global Respiration Database,Acer rubrum,Acer rubrum,22.0,C3
Global Respiration Database,Liriodendron tulipifera,Liriodendron tulipifera,22.0,C3
Global Respiration Database,Pinus strobus,Pinus strobus,22.0,C3
Global Respiration Database,Acer saccharum,Acer saccharum,22.0,C3
Global Respiration Database,Populus deltoides,Populus deltoides,22.0,C3
Global Respiration Database,Populus tremuloides,Populus tremuloides,22.0,C3
Global Respiration Database,Carya glabra,Carya glabra,22.0,C3
Global Respiration Database,Cornus florida,Cornus florida,22.0,C3
Global Respiration Database,Nyssa sylvatica,Nyssa sylvatica,22.0,C3
Global Respiration Database,Platanus occidentalis,Platanus occidentalis,22.0,C3
Global Respiration Database,Quercus alba,Quercus alba,22.0,C3
Global Respiration Database,Quercus rubra,Quercus rubra,22.0,C3
Photosynthesis Traits Database,Quercus alba,Quercus alba,22.0,C3
Photosynthesis Traits Database,Acer rubrum,Acer rubrum,22.0,C3
Photosynthesis Traits Database,Populus tremuloides,Populus tremuloides,22.0,C3
Photosynthesis Traits Database,Acer saccharum,Acer saccharum,22.0,C3
Photosynthesis Traits Database,Liriodendron tulipifera,Liriodendron tulipifera,22.0,C3
Photosynthesis Traits Database,Cercidiphyllum japonicum,Cercidiphyllum japonicum,22.0,C3
Plant Traits for Pinus and Juniperus Forests in Arizona,Populus tremuloides,Populus tremuloides,22.0,C3
Ecological Flora of the British Isles,Acer platanoides,Acer platanoides,22.0,C3
Ecological Flora of the British Isles,Acer pseudoplatanus,Acer pseudoplatanus,22.0,C3
Ecological Flora of the British Isles,Carpinus betulus,Carpinus betulus,22.0,C3
Ecological Flora of the British Isles,Fraxinus excelsior,Fraxinus excelsior,22.0,C3
Ecological Flora of the British Isles,Populus tremula,Populus tremula,22.0,C3
Ecological Flora of the British Isles,Sorbus aucuparia,Sorbus aucuparia,22.0,C3
Ecological Flora of the British Isles,Tilia cordata,Tilia cordata,22.0,C3
eHALOPH - Halophytes Database (2015),Barringtonia racemosa (L.) Spreng.,Barringtonia racemosa,22.0,C3?
eHALOPH - Halophytes Database (2015),Carallia brachiata (Lour.) Merr.,Carallia brachiata,22.0,UNKNOWN
"LCE: Leaf carbon exchange dataset for tropical, temperate, and boreal species of North and Central A",Acacia mangium,Acacia mangium,22.0,C3
"LCE: Leaf carbon exchange dataset for tropical, temperate, and boreal species of North and Central A",Ilex opaca,Ilex opaca,22.0,C3
"LCE: Leaf carbon exchange dataset for tropical, temperate, and boreal species of North and Central A",Magnolia grandiflora,Magnolia grandiflora,22.0,C3
"LCE: Leaf carbon exchange dataset for tropical, temperate, and boreal species of North and Central A",Magnolia virginiana,Magnolia virginiana,22.0,C3
"LCE: Leaf carbon exchange dataset for tropical, temperate, and boreal species of North and Central A",Quercus alba,Quercus alba,22.0,C3
"LCE: Leaf carbon exchange dataset for tropical, temperate, and boreal species of North and Central A",Quercus rubra,Quercus rubra,22.0,C3
"LCE: Leaf carbon exchange dataset for tropical, temperate, and boreal species of North and Central A",Acer rubrum,Acer rubrum,22.0,C3
"LCE: Leaf carbon exchange dataset for tropical, temperate, and boreal species of North and Central A",Acer saccharum,Acer saccharum,22.0,C3
"LCE: Leaf carbon exchange dataset for tropical, temperate, and boreal species of North and Central A",Liriodendron tulipfera,Liriodendron tulipifera,22.0,C3
"LCE: Leaf carbon exchange dataset for tropical, temperate, and boreal species of North and Central A",Pinus strobus,Pinus strobus,22.0,C3
"LCE: Leaf carbon exchange dataset for tropical, temperate, and boreal species of North and Central A",Populus tremuloides,Populus tremuloides,22.0,C3
"LCE: Leaf carbon exchange dataset for tropical, temperate, and boreal species of North and Central A",Ulmus americana,Ulmus americana,22.0,C3
"LCE: Leaf carbon exchange dataset for tropical, temperate, and boreal species of North and Central A",Juglans nigra,Juglans nigra,22.0,C3
"LCE: Leaf carbon exchange dataset for tropical, temperate, and boreal species of North and Central A",Nyssa sylvatica,Nyssa sylvatica,22.0,C3
"LCE: Leaf carbon exchange dataset for tropical, temperate, and boreal species of North and Central A",Sassafrass albidum,Sassafras albidum,22.0,C3
A Global Dataset of Leaf Delta13C Data,Carpinus betulus,Carpinus betulus,22.0,C3
A Global Dataset of Leaf Delta13C Data,Populus tremuloides,Populus tremuloides,22.0,C3
A Global Dataset of Leaf Delta13C Data,Acer saccharum,Acer saccharum,22.0,C3
A Global Dataset of Leaf Delta13C Data,Acer negundo,Acer negundo,22.0,C3
A Global Dataset of Leaf Delta13C Data,Ardisia quinquegona,Ardisia quinquegona,22.0,C3
A Global Dataset of Leaf Delta13C Data,Dicranopteris linearis,Dicranopteris linearis,22.0,C3
A Global Dataset of Leaf Delta13C Data,Melicope pteleifolia,Melicope pteleifolia,22.0,C3
A Global Dataset of Leaf Delta13C Data,Aporosa yunnanensis,Aporosa yunnanensis,22.0,C3
A Global Dataset of Leaf Delta13C Data,Cryptocarya chinensis,Cryptocarya chinensis,22.0,C3
A Global Dataset of Leaf Delta13C Data,Cryptocarya concinna,Cryptocarya concinna,22.0,C3
A Global Dataset of Leaf Delta13C Data,Garcinia oblongifolia,Garcinia oblongifolia,22.0,C3
A Global Dataset of Leaf Delta13C Data,Lindera communis,Lindera communis,22.0,C3
A Global Dataset of Leaf Delta13C Data,Machilus velutina,Machilus velutina,22.0,C3
A Global Dataset of Leaf Delta13C Data,Pithecellobium clypearia,Archidendron clypearia,22.0,C3
A Global Dataset of Leaf Delta13C Data,Rhaphiolepis indica,Rhaphiolepis indica,22.0,C3
A Global Dataset of Leaf Delta13C Data,Sterculia lanceolata,Sterculia lanceolata,22.0,C3
A Global Dataset of Leaf Delta13C Data,Magnolia odora,Magnolia odora,22.0,C3
A Global Dataset of Leaf Delta13C Data,Liquidambar styraciflua,Liquidambar styraciflua,22.0,C3
A Global Dataset of Leaf Delta13C Data,Liriodendron chinense,Liriodendron chinense,22.0,C3
A Global Dataset of Leaf Delta13C Data,Quercus alba,Quercus alba,22.0,C3
A Global Dataset of Leaf Delta13C Data,Cornus florida,Cornus florida,22.0,C3
A Global Dataset of Leaf Delta13C Data,Nyssa sylvatica,Nyssa sylvatica,22.0,C3
A Global Dataset of Leaf Delta13C Data,Acer platanoides,Acer platanoides,22.0,C3
A Global Dataset of Leaf Delta13C Data,Acer pseudoplatanus,Acer pseudoplatanus,22.0,C3
A Global Dataset of Leaf Delta13C Data,Fraxinus excelsior,Fraxinus excelsior,22.0,C3
A Global Dataset of Leaf Delta13C Data,Tilia cordata,Tilia cordata,22.0,C3
A Global Dataset of Leaf Delta13C Data,Larix gmelinii,Larix gmelinii,22.0,C3
A Global Dataset of Leaf Delta13C Data,Larix olgensis,Larix gmelinii,22.0,C3
A Global Dataset of Leaf Delta13C Data,Populus tremula,Populus tremula,22.0,C3
A Global Dataset of Leaf Delta13C Data,Matteuccia struthiopteris,Matteuccia struthiopteris,22.0,C3
A Global Dataset of Leaf Delta13C Data,Sorbus aucuparia,Sorbus aucuparia,22.0,C3
A Global Dataset of Leaf Delta13C Data,Pinus tabuliformis,Pinus tabuliformis,22.0,C3
A Global Dataset of Leaf Delta13C Data,Pyrus betulifolia,Pyrus betulifolia,22.0,C3
A Global Dataset of Leaf Delta13C Data,Quercus wutaishanica,Quercus wutaishanica,22.0,C3
A Global Dataset of Leaf Delta13C Data,Cornus officinalis,Cornus officinalis,22.0,C3
A Global Dataset of Leaf Delta13C Data,Quercus aliena,Quercus aliena,22.0,C3
A Global Dataset of Leaf Delta13C Data,Acacia auriculiformis,Acacia auriculiformis,22.0,C3
eHALOPH - Halophytes Database (2018),Barringtonia racemosa (L.) Spreng.,Barringtonia racemosa,22.0,C3?
The China Plant Trait Database,Tilia mandshurica,Tilia mandshurica,22.0,C3
The China Plant Trait Database,Pinus tabuliformis,Pinus tabuliformis,22.0,C3
The China Plant Trait Database,Betula albosinensis,Betula albosinensis,22.0,C3
The China Plant Trait Database,Equisetum hyemale,Equisetum hyemale,22.0,C3
The China Plant Trait Database,Fraxinus mandshurica,Fraxinus mandshurica,22.0,C3
The China Plant Trait Database,Larix olgensis,Larix gmelinii,22.0,C3
The China Plant Trait Database,Phellodendron amurense,Phellodendron amurense,22.0,C3
The China Plant Trait Database,Ulmus macrocarpa,Ulmus macrocarpa,22.0,C3
The China Plant Trait Database,Carpinus cordata,Carpinus cordata,22.0,C3
The China Plant Trait Database,Juglans mandshurica,Juglans mandshurica,22.0,C3
The China Plant Trait Database,Matteuccia struthiopteris,Matteuccia struthiopteris,22.0,C3
The China Plant Trait Database,Alangium chinense,Alangium chinense,22.0,C3
The China Plant Trait Database,Celtis sinensis,Celtis sinensis,22.0,C3
The China Plant Trait Database,Cinnamomum camphora,Cinnamomum camphora,22.0,C3
The China Plant Trait Database,Pistacia chinensis,Pistacia chinensis,22.0,C3
The China Plant Trait Database,Quercus aliena,Quercus aliena,22.0,C3
The China Plant Trait Database,Cunninghamia lanceolata,Cunninghamia lanceolata,22.0,C3
The China Plant Trait Database,Vaccinium mandarinorum,Vaccinium mandarinorum,22.0,C3
The China Plant Trait Database,Pleioblastus amarus,Pleioblastus amarus,22.0,C3
The China Plant Trait Database,Castanopsis fissa,Castanopsis fissa,22.0,C3
The China Plant Trait Database,Evodia lepta,Melicope pteleifolia,22.0,C3
The China Plant Trait Database,Litsea cubeba,Litsea cubeba,22.0,C3
The China Plant Trait Database,Acronychia pedunculata,Acronychia pedunculata,22.0,C3
The China Plant Trait Database,Aporosa dioica,Aporosa octandra,22.0,C3
The China Plant Trait Database,Canarium album,Canarium album,22.0,C3
The China Plant Trait Database,Cryptocarya chinensis,Cryptocarya chinensis,22.0,C3
The China Plant Trait Database,Cryptocarya concinna,Cryptocarya concinna,22.0,C3
The China Plant Trait Database,Garcinia oblongifolia,Garcinia oblongifolia,22.0,C3
The China Plant Trait Database,Gironniera subaequalis,Gironniera subaequalis,22.0,C3
The China Plant Trait Database,Sterculia lanceolata,Sterculia lanceolata,22.0,C3
The China Plant Trait Database,Ficus variolosa,Ficus variolosa,22.0,C3
The China Plant Trait Database,Lindera communis,Lindera communis,22.0,C3
The China Plant Trait Database,Pyrus betulifolia,Pyrus betulifolia,22.0,C3
The China Plant Trait Database,Alstonia scholaris,Alstonia scholaris,22.0,C3
The China Plant Trait Database,Garcinia cowa,Garcinia cowa,22.0,C3
The China Plant Trait Database,Millettia leptobotrya,Millettia leptobotrya,22.0,C3
The China Plant Trait Database,Aporosa yunnanensis,Aporosa yunnanensis,22.0,C3
The China Plant Trait Database,Castanopsis hystrix,Castanopsis hystrix,22.0,C3
The China Plant Trait Database,Cratoxylum cochinchinense,Cratoxylum cochinchinense,22.0,C3
The China Plant Trait Database,Schima wallichii,Schima wallichii,22.0,C3
The China Plant Trait Database,Orophea creaghii,Orophea creaghii,22.0,C3
The China Plant Trait Database,Castanopsis echinocarpa,Castanopsis echinocarpa,22.0,C3
The China Plant Trait Database,Elaeocarpus sylvestris,Elaeocarpus sylvestris,22.0,C3
The China Plant Trait Database,Litsea verticillata,Litsea verticillata,22.0,C3
The China Plant Trait Database,Nephelium chryseum,Nephelium lappaceum,22.0,C3
The China Plant Trait Database,Goniothalamus griffithii,Goniothalamus griffithii,22.0,C3
The China Plant Trait Database,Castanopsis wattii,Castanopsis wattii,22.0,C3
The China Plant Trait Database,Pinus armandii,Pinus armandii,22.0,C3
The China Plant Trait Database,Acer truncatum,Acer truncatum,22.0,C3
The China Plant Trait Database,Quercus wutaishanica,Quercus wutaishanica,22.0,C3
The China Plant Trait Database,Cornus officinalis,Cornus officinalis,22.0,C3
The China Plant Trait Database,Tilia mongolica,Tilia mongolica,22.0,C3
The China Plant Trait Database,Carallia brachiata,Carallia brachiata,22.0,C3
The China Plant Trait Database,Magnolia denudata,Magnolia denudata,22.0,C3
The China Plant Trait Database,Quercus variabilis,Quercus variabilis,22.0,C3
The China Plant Trait Database,Sorbus pohuashanensis,Sorbus aucuparia,22.0,C3
The China Plant Trait Database,Larix gmelinii,Larix gmelinii,22.0,C3
Global Leaf Gas Exchange Database (I),Acer rubrum,Acer rubrum,22.0,C3
Global Leaf Gas Exchange Database (I),Quercus rubra,Quercus rubra,22.0,C3
Global Leaf Gas Exchange Database (I),Liqiudambar styraciflua,Liquidambar styraciflua,22.0,C3
Global Leaf Gas Exchange Database (I),Populus tremuloides,Populus tremuloides,22.0,C3
Global Leaf Gas Exchange Database (I),Quercus rubra_MB,Quercus rubra,22.0,C3
The Global Leaf Traits,Matteuccia struthiopteris,Matteuccia struthiopteris,22.0,C3
The Global Leaf Traits,Populus tremula,Populus tremula,22.0,C3
The Global Leaf Traits,Sorbus aucuparia,Sorbus aucuparia,22.0,C3
The Global Leaf Traits,Acer platanoides,Acer platanoides,22.0,C3
The Global Leaf Traits,Acer pseudoplatanus,Acer pseudoplatanus,22.0,C3
The Global Leaf Traits,Aesculus hippocastanum,Aesculus hippocastanum,22.0,C3
The Global Leaf Traits,Fraxinus excelsior,Fraxinus excelsior,22.0,C3
The Global Leaf Traits,Tilia cordata,Tilia cordata,22.0,C3
The Global Leaf Traits,Diospyros virginiana,Diospyros virginiana,22.0,C3
The Global Leaf Traits,Fraxinus americana,Fraxinus americana,22.0,C3
The Global Leaf Traits,Acer rubrum,Acer rubrum,22.0,C3
The Global Leaf Traits,Liriodendron tulipifera,Liriodendron tulipifera,22.0,C3
The Global Leaf Traits,Pinus strobus,Pinus strobus,22.0,C3
FRED - Fine Root Ecology Database,Populus deltoides,Populus deltoides,22.0,C3
FRED - Fine Root Ecology Database,Platanus occidentalis,Platanus occidentalis,22.0,C3
FRED - Fine Root Ecology Database,Liquidambar styraciflua,Liquidambar styraciflua,22.0,C3
FRED - Fine Root Ecology Database,Fraxinus americana,Fraxinus americana,22.0,C3
FRED - Fine Root Ecology Database,Juglans nigra,Juglans nigra,22.0,C3
FRED - Fine Root Ecology Database,Pinus strobus,Pinus strobus,22.0,C3
FRED - Fine Root Ecology Database,Quercus rubra,Quercus rubra,22.0,C3
FRED - Fine Root Ecology Database,Populus tremuloides,Populus tremuloides,22.0,C3
FRED - Fine Root Ecology Database,Magnolia acuminata,Magnolia acuminata,22.0,C3
FRED - Fine Root Ecology Database,Liriodendron tulipifera,Liriodendron tulipifera,22.0,C3
FRED - Fine Root Ecology Database,Acer rubrum,Acer rubrum,22.0,C3
FRED - Fine Root Ecology Database,Acer saccharum,Acer saccharum,22.0,C3
FRED - Fine Root Ecology Database,Phellodendron amurense,Phellodendron amurense,22.0,C3
FRED - Fine Root Ecology Database,Fraxinus mandshurica,Fraxinus mandshurica,22.0,C3
FRED - Fine Root Ecology Database,Tilia cordata,Tilia cordata,22.0,C3
FRED - Fine Root Ecology Database,Quercus alba,Quercus alba,22.0,C3
FRED - Fine Root Ecology Database,Nyssa aquatica,Nyssa aquatica,22.0,C3
FRED - Fine Root Ecology Database,Ardisia quinquegona,Ardisia quinquegona,22.0,C3
FRED - Fine Root Ecology Database,Michelia maudiae,Magnolia maudiae,22.0,C3
FRED - Fine Root Ecology Database,Michelia wilsonii,Magnolia ernestii,22.0,C3
FRED - Fine Root Ecology Database,Larix gmelinii,Larix gmelinii,22.0,C3
FRED - Fine Root Ecology Database,Endospermum chinense,Endospermum chinense,22.0,C3
FRED - Fine Root Ecology Database,Cryptocarya chinensis,Cryptocarya chinensis,22.0,C3
FRED - Fine Root Ecology Database,Acer platanoides,Acer platanoides,22.0,C3
FRED - Fine Root Ecology Database,Fraxinus excelsior,Fraxinus excelsior,22.0,C3
FRED - Fine Root Ecology Database,Acacia mangium,Acacia mangium,22.0,C3
FRED - Fine Root Ecology Database,Cinnamomum camphora,Cinnamomum camphora,22.0,C3
FRED - Fine Root Ecology Database,Cryptocarya concinna,Cryptocarya concinna,22.0,C3
FRED - Fine Root Ecology Database,Populus tremula,Populus tremula,22.0,C3
FRED - Fine Root Ecology Database,Acer pseudoplatanus,Acer pseudoplatanus,22.0,C3
FRED - Fine Root Ecology Database,Carpinus betulus,Carpinus betulus,22.0,C3
FRED - Fine Root Ecology Database,Cunninghamia lanceolata,Cunninghamia lanceolata,22.0,C3
FRED - Fine Root Ecology Database,Acer negundo,Acer negundo,22.0,C3
FRED - Fine Root Ecology Database,Carya glabra,Carya glabra,22.0,C3
FRED - Fine Root Ecology Database,Pinus virginiana,Pinus virginiana,22.0,C3
FRED - Fine Root Ecology Database,Dacrycarpus imbricatus,Dacrycarpus imbricatus,22.0,C3
FRED - Fine Root Ecology Database,Castanopsis hystrix,Castanopsis hystrix,22.0,C3
FRED - Fine Root Ecology Database,Michelia macclurei,Magnolia macclurei,22.0,C3
FRED - Fine Root Ecology Database,Cornus florida,Cornus florida,22.0,C3
FRED - Fine Root Ecology Database,Nyssa sylvatica,Nyssa sylvatica,22.0,C3
FRED - Fine Root Ecology Database,Fraxinus rhynchophylla,Fraxinus chinensis,22.0,C3
FRED - Fine Root Ecology Database,Acer pseudoplantus,Acer pseudoplatanus,22.0,C3
FRED - Fine Root Ecology Database,Koelreuteria paniculata,Koelreuteria paniculata,22.0,C3
FRED - Fine Root Ecology Database,Juglans mandshurica,Juglans mandshurica,22.0,C3
FRED - Fine Root Ecology Database,Tsoongiodendron odorum,Magnolia odora,22.0,C3
FRED - Fine Root Ecology Database,Pinus tabuliformis,Pinus tabuliformis,22.0,C3
FRED - Fine Root Ecology Database,Sorbus aucuparia,Sorbus aucuparia,22.0,C3
FRED - Fine Root Ecology Database,Quercus variabilis,Quercus variabilis,22.0,C3
FRED - Fine Root Ecology Database,Larix principis-rupprechtii,Larix gmelinii,22.0,C3
FRED - Fine Root Ecology Database,Alstonia scholaris,Alstonia scholaris,22.0,C3
FRED - Fine Root Ecology Database,Acer davidii,Acer davidii,22.0,C3
FRED - Fine Root Ecology Database,Acer turkestanicum,Acer platanoides,22.0,C3
FRED - Fine Root Ecology Database,Aesculus hippocastanum,Aesculus hippocastanum,22.0,C3
FRED - Fine Root Ecology Database,Equisetum hyemale,Equisetum hyemale,22.0,C3
FRED - Fine Root Ecology Database,Equisetum pratense,Equisetum pratense,22.0,C3
FRED - Fine Root Ecology Database,Fraxinus viridis,Fraxinus americana,22.0,C3
FRED - Fine Root Ecology Database,Gleditsia triacanthos,Gleditsia triacanthos,22.0,C3
FRED - Fine Root Ecology Database,Larix kamtschatica,Larix gmelinii,22.0,C3
FRED - Fine Root Ecology Database,Liriodendron chinense,Liriodendron chinense,22.0,C3
FRED - Fine Root Ecology Database,Liriodendron tulipiferum,Liriodendron tulipifera,22.0,C3
FRED - Fine Root Ecology Database,Magnolia grandiflora,Magnolia grandiflora,22.0,C3
FRED - Fine Root Ecology Database,Magnolia kobus,Magnolia kobus,22.0,C3
FRED - Fine Root Ecology Database,Magnolia tripetala,Magnolia tripetala,22.0,C3
FRED - Fine Root Ecology Database,Magnolia virginiana,Magnolia virginiana,22.0,C3
FRED - Fine Root Ecology Database,Matteuccia struthiopteris,Matteuccia struthiopteris,22.0,C3
FRED - Fine Root Ecology Database,Pinus armandii,Pinus armandii,22.0,C3
FRED - Fine Root Ecology Database,Syringa amurensis,Syringa reticulata,22.0,C3
FRED - Fine Root Ecology Database,Paramichelia baillonii,Magnolia baillonii,22.0,C3
FRED - Fine Root Ecology Database,Acacia auriculiformis,Acacia auriculiformis,22.0,C3
FRED - Fine Root Ecology Database,Sassafras albidum,Sassafras albidum,22.0,C3
FRED - Fine Root Ecology Database,Carpinus betula,Carpinus betulus,22.0,C3
FRED - Fine Root Ecology Database,Gletitsia triacanthos intermis,Gleditsia triacanthos,22.0,C3
FRED - Fine Root Ecology Database,Tilia mandshurica,Tilia mandshurica,22.0,C3
FRED - Fine Root Ecology Database,Elaeocarpus sylvestris,Elaeocarpus sylvestris,22.0,C3
FRED - Fine Root Ecology Database,Catalpa bignonioides,Catalpa bignonioides,22.0,C3
FRED - Fine Root Ecology Database,Cercidiphyllum japonicum,Cercidiphyllum japonicum,22.0,C3
FRED - Fine Root Ecology Database,Chionanthus virginicus,Chionanthus virginicus,22.0,C3
FRED - Fine Root Ecology Database,Diospyros virginiana,Diospyros virginiana,22.0,C3
FRED - Fine Root Ecology Database,Gleditsia tricanthos,Gleditsia triacanthos,22.0,C3
FRED - Fine Root Ecology Database,Ilex opaca,Ilex opaca,22.0,C3
FRED - Fine Root Ecology Database,Liquidambar staryciflua,Liquidambar styraciflua,22.0,C3
FRED - Fine Root Ecology Database,Magnolia denudata,Magnolia denudata,22.0,C3
FRED - Fine Root Ecology Database,Magnolia macrophylla,Magnolia macrophylla,22.0,C3
FRED - Fine Root Ecology Database,Magnolia stellata,Magnolia stellata,22.0,C3
FRED - Fine Root Ecology Database,Prunus sargentii,Prunus sargentii,22.0,C3
FRED - Fine Root Ecology Database,Styphnolobium japonicum,Styphnolobium japonicum,22.0,C3
FRED - Fine Root Ecology Database,Syringa reticulata,Syringa reticulata,22.0,C3
FRED - Fine Root Ecology Database,Ulmus americana,Ulmus americana,22.0,C3
FRED - Fine Root Ecology Database,Acer fabri,Acer fabri,22.0,C3
FRED - Fine Root Ecology Database,Alniphyllum fortunei,Alniphyllum fortunei,22.0,C3
FRED - Fine Root Ecology Database,Parakmeria yunnanensis,Magnolia yunnanensis,22.0,C3
FRED - Fine Root Ecology Database,Parakmeria lotungensis,Magnolia lotungensis,22.0,C3
FRED - Fine Root Ecology Database,Michelia balansae,Magnolia balansae,22.0,C3
FRED - Fine Root Ecology Database,Michelia odora,Magnolia odora,22.0,C3
FRED - Fine Root Ecology Database,Michelia fulva,Magnolia fulva,22.0,C3
FRED - Fine Root Ecology Database,Michelia cavaleriei,Magnolia cavaleriei,22.0,C3
FRED - Fine Root Ecology Database,Michelia champaca,Magnolia champaca,22.0,C3
FRED - Fine Root Ecology Database,Manglietia dandyi,Magnolia dandyi,22.0,C3
FRED - Fine Root Ecology Database,Michelia chapensis,Magnolia chapensis,22.0,C3
FRED - Fine Root Ecology Database,Machilus velutina,Machilus velutina,22.0,C3
FRED - Fine Root Ecology Database,Litsea cubeba,Litsea cubeba,22.0,C3
FRED - Fine Root Ecology Database,Helicia formosana,Helicia formosana,22.0,C3
FRED - Fine Root Ecology Database,Syzygium hancei,Syzygium hancei,22.0,C3
FRED - Fine Root Ecology Database,Syzygium levinei,Syzygium levinei,22.0,C3
FRED - Fine Root Ecology Database,Eucalyptus urophylla,Eucalyptus urophylla,22.0,C3
FRED - Fine Root Ecology Database,Castanea henryi,Castanea henryi,22.0,C3
FRED - Fine Root Ecology Database,Castanopsis fissa,Castanopsis fissa,22.0,C3
FRED - Fine Root Ecology Database,Cyclobalanopsis patelliformis,Quercus asymmetrica,22.0,C3
FRED - Fine Root Ecology Database,Castanopsis echinocarpa,Castanopsis echinocarpa,22.0,C3
FRED - Fine Root Ecology Database,Castanopsis wattii,Castanopsis wattii,22.0,C3
FRED - Fine Root Ecology Database,Aporusa dioica,Aporosa octandra,22.0,C3
FRED - Fine Root Ecology Database,Aporusa yunnanensis,Aporosa yunnanensis,22.0,C3
FRED - Fine Root Ecology Database,Elaeocarpus dubius,Elaeocarpus dubius,22.0,C3
FRED - Fine Root Ecology Database,Ficus variolosa,Ficus variolosa,22.0,C3
FRED - Fine Root Ecology Database,Artocarpus styracifolius,Artocarpus styracifolius,22.0,C3
FRED - Fine Root Ecology Database,Gironniera subaequalis,Gironniera subaequalis,22.0,C3
FRED - Fine Root Ecology Database,Celtis sinensis,Celtis sinensis,22.0,C3
FRED - Fine Root Ecology Database,Canarium album,Canarium album,22.0,C3
FRED - Fine Root Ecology Database,Pistacia chinensis,Pistacia chinensis,22.0,C3
FRED - Fine Root Ecology Database,Acronychia pedunculata,Acronychia pedunculata,22.0,C3
FRED - Fine Root Ecology Database,Euodia lepta,Melicope pteleifolia,22.0,C3
FRED - Fine Root Ecology Database,Nephelium lappaceum,Nephelium lappaceum,22.0,C3
FRED - Fine Root Ecology Database,Vaccinium mandarinorum,Vaccinium mandarinorum,22.0,C3
FRED - Fine Root Ecology Database,Pentaphylax euryoides,Pentaphylax euryoides,22.0,C3
FRED - Fine Root Ecology Database,Schima wallichii,Schima wallichii,22.0,C3
FRED - Fine Root Ecology Database,Psychotria asiatica,Psychotria asiatica,22.0,C3
FRED - Fine Root Ecology Database,Osmanthus didymopetalus,Osmanthus didymopetalus,22.0,C3
FRED - Fine Root Ecology Database,Pterospermum acerifolium,Pterospermum acerifolium,22.0,C3
FRED - Fine Root Ecology Database,Sterculia lanceolata,Sterculia lanceolata,22.0,C3
FRED - Fine Root Ecology Database,Garcinia oblongifolia,Garcinia oblongifolia,22.0,C3
FRED - Fine Root Ecology Database,Cratoxylum cochinchinense,Cratoxylum cochinchinense,22.0,C3
FRED - Fine Root Ecology Database,Garcinia cowa,Garcinia cowa,22.0,C3
FRED - Fine Root Ecology Database,Eriobotrya japonica,Eriobotrya japonica,22.0,C3
FRED - Fine Root Ecology Database,Pithecellobium lucidum,Archidendron lucidum,22.0,C3
FRED - Fine Root Ecology Database,Acacia crassicarpa,Acacia crassicarpa,22.0,C3
FRED - Fine Root Ecology Database,Pithecellobium clypearia,Archidendron clypearia,22.0,C3
FRED - Fine Root Ecology Database,Carallia brachiata,Carallia brachiata,22.0,C3
FRED - Fine Root Ecology Database,Alangium chinense,Alangium chinense,22.0,C3
FRED - Fine Root Ecology Database,Microcos paniculata,Microcos paniculata,22.0,C3
FRED - Fine Root Ecology Database,Decaspermum gracilentum,Decaspermum gracilentum,22.0,C3
FRED - Fine Root Ecology Database,Adiantum pedatum,Adiantum pedatum,22.0,C3
FRED - Fine Root Ecology Database,Cystopteris sudetica,Cystopteris sudetica,22.0,C3
FRED - Fine Root Ecology Database,Onoclea sensibilis,Onoclea sensibilis,22.0,C3
FRED - Fine Root Ecology Database,Chenopodium serotinum,Chenopodium serotinum,22.0,C3
FRED - Fine Root Ecology Database,Cornus officinalis,Cornus officinalis,22.0,C3
FRED - Fine Root Ecology Database,Swida bretschneideri,Cornus bretschneideri,22.0,C3
FRED - Fine Root Ecology Database,Rapanea neriifolia,Myrsine seguinii,22.0,C3
FRED - Fine Root Ecology Database,Betula albo-sinensis,Betula albosinensis,22.0,C3
FRED - Fine Root Ecology Database,Carpinus cordata,Carpinus cordata,22.0,C3
FRED - Fine Root Ecology Database,Quercus aliena,Quercus aliena,22.0,C3
FRED - Fine Root Ecology Database,Ginkgo biloba,Ginkgo biloba,22.0,C3
FRED - Fine Root Ecology Database,Fraxinus chinensis,Fraxinus chinensis,22.0,C3
FRED - Fine Root Ecology Database,Syringa pekinensis,Syringa reticulata,22.0,C3
FRED - Fine Root Ecology Database,Machilus breviflora,Machilus breviflora,22.0,C3
FRED - Fine Root Ecology Database,Lindera communis,Lindera communis,22.0,C3
FRED - Fine Root Ecology Database,Magnolia championii,Magnolia championii,22.0,C3
FRED - Fine Root Ecology Database,Populus cathayana,Populus cathayana,22.0,C3
FRED - Fine Root Ecology Database,Tilia mongolica,Tilia mongolica,22.0,C3
FRED - Fine Root Ecology Database,Syzygium levine,Syzygium levinei,22.0,C3
FRED - Fine Root Ecology Database,Picea meyeri,Picea meyeri,22.0,C3
FRED - Fine Root Ecology Database,Picea wilsonii,Picea wilsonii,22.0,C3
FRED - Fine Root Ecology Database,Podocarpus imbricatus,Dacrycarpus imbricatus,22.0,C3
FRED - Fine Root Ecology Database,Ulmus macrocarpa,Ulmus macrocarpa,22.0,C3
FRED - Fine Root Ecology Database,Ulmus propingqua,Ulmus davidiana,22.0,C3
FRED - Fine Root Ecology Database,Malus baccata,Malus baccata,22.0,C3
FRED - Fine Root Ecology Database,Pyrus betulifolia,Pyrus betulifolia,22.0,C3
FRED - Fine Root Ecology Database,Sorbus pohuashanensis,Sorbus aucuparia,22.0,C3
FRED - Fine Root Ecology Database,Aphanamixis grandifolia,Aphanamixis polystachya,22.0,C3
FRED - Fine Root Ecology Database,Acer truncatum,Acer truncatum,22.0,C3
FRED - Fine Root Ecology Database,Aesculus parviflora,Aesculus parviflora,22.0,C3
FRED - Fine Root Ecology Database,Platanus acerifolia,Platanus acerifolia,22.0,C3
FRED - Fine Root Ecology Database,Quercus borealis,Quercus rubra,22.0,C3
FRED - Fine Root Ecology Database,Quercus rubra borealis,Quercus rubra,22.0,C3
FRED - Fine Root Ecology Database,Eriobotrya japanica,Eriobotrya japonica,22.0,C3
TRY Categorical Traits Dataset (update 2018),Equisetum hyemale,Equisetum hyemale,22.0,C3
TRY Categorical Traits Dataset (update 2018),Equisetum pratense,Equisetum pratense,22.0,C3
TRY Categorical Traits Dataset (update 2018),Cystopteris sudetica,Cystopteris sudetica,22.0,C3
TRY Categorical Traits Dataset (update 2018),Dicranopteris linearis,Dicranopteris linearis,22.0,C3
TRY Categorical Traits Dataset (update 2018),Gleichenia linearis,Dicranopteris linearis,22.0,C3
TRY Categorical Traits Dataset (update 2018),Matteuccia struthiopteris,Matteuccia struthiopteris,22.0,C3
TRY Categorical Traits Dataset (update 2018),Onoclea sensibilis,Onoclea sensibilis,22.0,C3
TRY Categorical Traits Dataset (update 2018),Adiantum pedatum,Adiantum pedatum,22.0,C3
TRY Categorical Traits Dataset (update 2018),Equisetum hiemale,Equisetum hyemale,22.0,C3
TRY Categorical Traits Dataset (update 2018),Chenopodium serotinum,Chenopodium serotinum,22.0,C3
TRY Categorical Traits Dataset (update 2018),Cornus officinalis,Cornus officinalis,22.0,C3
TRY Categorical Traits Dataset (update 2018),Ardisia quinquegona,Ardisia quinquegona,22.0,C3
TRY Categorical Traits Dataset (update 2018),Rhaphiolepis indica,Rhaphiolepis indica,22.0,C3
TRY Categorical Traits Dataset (update 2018),Cratoxylon ligustrinum,Cratoxylum cochinchinense,22.0,C4
TRY Categorical Traits Dataset (update 2018),Vaccinium laetum,Vaccinium mandarinorum,22.0,C3
TRY Categorical Traits Dataset (update 2018),Rhaphiolepis umbellata,Rhaphiolepis indica,22.0,C3
TRY Categorical Traits Dataset (update 2018),Psychotria rubra,Psychotria asiatica,22.0,C3
TRY Categorical Traits Dataset (update 2018),Ilex opaca,Ilex opaca,22.0,C3
TRY Categorical Traits Dataset (update 2018),Cornus florida,Cornus florida,22.0,C3
TRY Categorical Traits Dataset (update 2018),Sassafras albidum,Sassafras albidum,22.0,C3
TRY Categorical Traits Dataset (update 2018),Magnolia virginiana,Magnolia virginiana,22.0,C3
TRY Categorical Traits Dataset (update 2018),Michelia baillonii,Magnolia baillonii,22.0,C3
TRY Categorical Traits Dataset (update 2018),Michelia baviensis,Magnolia balansae,22.0,C3
TRY Categorical Traits Dataset (update 2018),Microcos paniculata,Microcos paniculata,22.0,C3
TRY Categorical Traits Dataset (update 2018),Chionanthus virginicus,Chionanthus virginicus,22.0,C3
TRY Categorical Traits Dataset (update 2018),Sorbus aucuparia,Sorbus aucuparia,22.0,C3
TRY Categorical Traits Dataset (update 2018),Acronychia laurifolia,Acronychia pedunculata,22.0,C3
TRY Categorical Traits Dataset (update 2018),Schima wallichii,Schima wallichii,22.0,C3
TRY Categorical Traits Dataset (update 2018),Magnolia stellata,Magnolia stellata,22.0,C3
TRY Categorical Traits Dataset (update 2018),Acronychia pedunculata,Acronychia pedunculata,22.0,C3
TRY Categorical Traits Dataset (update 2018),Lindera communis,Lindera communis,22.0,C3
TRY Categorical Traits Dataset (update 2018),Ficus variolosa,Ficus variolosa,22.0,C3
TRY Categorical Traits Dataset (update 2018),Syzygium hancei,Syzygium hancei,22.0,C3
TRY Categorical Traits Dataset (update 2018),Sorbus pohuashanensis,Sorbus aucuparia,22.0,C3
TRY Categorical Traits Dataset (update 2018),Cornus bretschneideri,Cornus bretschneideri,22.0,C3
TRY Categorical Traits Dataset (update 2018),Magnolia heptapeta,Magnolia denudata,22.0,C3
TRY Categorical Traits Dataset (update 2018),Magnolia ashei,Magnolia macrophylla,22.0,C3
TRY Categorical Traits Dataset (update 2018),Decaspermum gracilentum,Decaspermum gracilentum,22.0,C3
TRY Categorical Traits Dataset (update 2018),Aporosa yunnanensis,Aporosa yunnanensis,22.0,C3
TRY Categorical Traits Dataset (update 2018),Malus sibirica,Malus baccata,22.0,C3
TRY Categorical Traits Dataset (update 2018),Rhaphiolepis ovata,Rhaphiolepis indica,22.0,C3
TRY Categorical Traits Dataset (update 2018),Sorbus amurensis,Sorbus aucuparia,22.0,C3
TRY Categorical Traits Dataset (update 2018),Evodia lepta,Melicope pteleifolia,22.0,C3
TRY Categorical Traits Dataset (update 2018),Vaccinium mandarinorum,Vaccinium mandarinorum,22.0,C3
TRY Categorical Traits Dataset (update 2018),Malus baccata,Malus baccata,22.0,C3
TRY Categorical Traits Dataset (update 2018),Liquidambar styraciflua,Liquidambar styraciflua,22.0,C3
TRY Categorical Traits Dataset (update 2018),Pistacia chinensis,Pistacia chinensis,22.0,C3
TRY Categorical Traits Dataset (update 2018),Pistacia integerrima,Pistacia chinensis,22.0,C3
TRY Categorical Traits Dataset (update 2018),Alstonia scholaris,Alstonia scholaris,22.0,C3
TRY Categorical Traits Dataset (update 2018),Betula albosinensis,Betula albosinensis,22.0,C3
TRY Categorical Traits Dataset (update 2018),Carpinus betulus,Carpinus betulus,22.0,C3
TRY Categorical Traits Dataset (update 2018),Carpinus cordata,Carpinus cordata,22.0,C3
TRY Categorical Traits Dataset (update 2018),Catalpa bignonioides,Catalpa bignonioides,22.0,C3
TRY Categorical Traits Dataset (update 2018),Canarium album,Canarium album,22.0,C3
TRY Categorical Traits Dataset (update 2018),Celtis sinensis,Celtis sinensis,22.0,C3
TRY Categorical Traits Dataset (update 2018),Gironniera subaequalis,Gironniera subaequalis,22.0,C3
TRY Categorical Traits Dataset (update 2018),Cercidiphyllum japonicum,Cercidiphyllum japonicum,22.0,C3
TRY Categorical Traits Dataset (update 2018),Garcinia cowa,Garcinia cowa,22.0,C3
TRY Categorical Traits Dataset (update 2018),Garcinia oblongifolia,Garcinia oblongifolia,22.0,C3
TRY Categorical Traits Dataset (update 2018),Alangium chinense,Alangium chinense,22.0,C3
TRY Categorical Traits Dataset (update 2018),Nyssa aquatica,Nyssa aquatica,22.0,C3
TRY Categorical Traits Dataset (update 2018),Nyssa sylvatica,Nyssa sylvatica,22.0,C3
TRY Categorical Traits Dataset (update 2018),Nyssa biflora,Nyssa sylvatica,22.0,C3
TRY Categorical Traits Dataset (update 2018),Diospyros virginiana,Diospyros virginiana,22.0,C3
TRY Categorical Traits Dataset (update 2018),Diospyros lucida,Diospyros virginiana,22.0,C3
TRY Categorical Traits Dataset (update 2018),Elaeocarpus dubius,Elaeocarpus dubius,22.0,C3
TRY Categorical Traits Dataset (update 2018),Elaeocarpus sylvestris,Elaeocarpus sylvestris,22.0,C3
TRY Categorical Traits Dataset (update 2018),Endospermum chinense,Endospermum chinense,22.0,C3
TRY Categorical Traits Dataset (update 2018),Macaranga sampsoni,Macaranga sampsonii,22.0,C3
TRY Categorical Traits Dataset (update 2018),Acacia auriculiformis,Acacia auriculiformis,22.0,C3
TRY Categorical Traits Dataset (update 2018),Acacia crassicarpa,Acacia crassicarpa,22.0,C3
TRY Categorical Traits Dataset (update 2018),Acacia mangium,Acacia mangium,22.0,C3
TRY Categorical Traits Dataset (update 2018),Archidendron clypearia,Archidendron clypearia,22.0,C3
TRY Categorical Traits Dataset (update 2018),Gleditsia triacanthos,Gleditsia triacanthos,22.0,C3
TRY Categorical Traits Dataset (update 2018),Pithecellobium clypearia,Archidendron clypearia,22.0,C3
TRY Categorical Traits Dataset (update 2018),Sophora japonica,Styphnolobium japonicum,22.0,C3
TRY Categorical Traits Dataset (update 2018),Castanea henryi,Castanea henryi,22.0,C3
TRY Categorical Traits Dataset (update 2018),Castanopsis echinocarpa,Castanopsis echinocarpa,22.0,C3
TRY Categorical Traits Dataset (update 2018),Castanopsis fissa,Castanopsis fissa,22.0,C3
TRY Categorical Traits Dataset (update 2018),Castanopsis hystrix,Castanopsis hystrix,22.0,C3
TRY Categorical Traits Dataset (update 2018),Quercus alba,Quercus alba,22.0,C3
TRY Categorical Traits Dataset (update 2018),Quercus aliena,Quercus aliena,22.0,C3
TRY Categorical Traits Dataset (update 2018),Quercus rubra,Quercus rubra,22.0,C3
TRY Categorical Traits Dataset (update 2018),Quercus variabilis,Quercus variabilis,22.0,C3
TRY Categorical Traits Dataset (update 2018),Quercus borealis,Quercus rubra,22.0,C3
TRY Categorical Traits Dataset (update 2018),Quercus liaotungensis,Quercus wutaishanica,22.0,C3
TRY Categorical Traits Dataset (update 2018),Quercus patelliformis,Quercus asymmetrica,22.0,C3
TRY Categorical Traits Dataset (update 2018),Ginkgo biloba,Ginkgo biloba,22.0,C3
TRY Categorical Traits Dataset (update 2018),Cratoxylum cochinchinense,Cratoxylum cochinchinense,22.0,C3
TRY Categorical Traits Dataset (update 2018),Carya glabra,Carya glabra,22.0,C3
TRY Categorical Traits Dataset (update 2018),Juglans mandshurica,Juglans mandshurica,22.0,C3
TRY Categorical Traits Dataset (update 2018),Juglans nigra,Juglans nigra,22.0,C3
TRY Categorical Traits Dataset (update 2018),Juglans sieboldiana,Juglans mandshurica,22.0,C3
TRY Categorical Traits Dataset (update 2018),Cinnamomum camphora,Cinnamomum camphora,22.0,C3
TRY Categorical Traits Dataset (update 2018),Cryptocarya chinensis,Cryptocarya chinensis,22.0,C3
TRY Categorical Traits Dataset (update 2018),Cryptocarya concinna,Cryptocarya concinna,22.0,C3
TRY Categorical Traits Dataset (update 2018),Litsea cubeba,Litsea cubeba,22.0,C3
TRY Categorical Traits Dataset (update 2018),Machilus breviflora,Machilus breviflora,22.0,C3
TRY Categorical Traits Dataset (update 2018),Liriodendron chinense,Liriodendron chinense,22.0,C3
TRY Categorical Traits Dataset (update 2018),Liriodendron tulipifera,Liriodendron tulipifera,22.0,C3
TRY Categorical Traits Dataset (update 2018),Magnolia acuminata,Magnolia acuminata,22.0,C3
TRY Categorical Traits Dataset (update 2018),Magnolia grandiflora,Magnolia grandiflora,22.0,C3
TRY Categorical Traits Dataset (update 2018),Magnolia macrophylla,Magnolia macrophylla,22.0,C3
TRY Categorical Traits Dataset (update 2018),Michelia balansae,Magnolia balansae,22.0,C3
TRY Categorical Traits Dataset (update 2018),Michelia champaca,Magnolia champaca,22.0,C3
TRY Categorical Traits Dataset (update 2018),Michelia macclurei,Magnolia macclurei,22.0,C3
TRY Categorical Traits Dataset (update 2018),Michelia tonkinensis,Magnolia balansae,22.0,C3
TRY Categorical Traits Dataset (update 2018),Michelia platypetala,Magnolia cavaleriei,22.0,C3
TRY Categorical Traits Dataset (update 2018),Michelia velutina,Magnolia champaca,22.0,C3
TRY Categorical Traits Dataset (update 2018),Pterospermum acerifolium,Pterospermum acerifolium,22.0,C3
TRY Categorical Traits Dataset (update 2018),Sterculia lanceolata,Sterculia lanceolata,22.0,C3
TRY Categorical Traits Dataset (update 2018),Tilia cordata,Tilia cordata,22.0,C3
TRY Categorical Traits Dataset (update 2018),Tilia mandshurica,Tilia mandshurica,22.0,C3
TRY Categorical Traits Dataset (update 2018),Tilia mongolica,Tilia mongolica,22.0,C3
TRY Categorical Traits Dataset (update 2018),Sterculia coccinea,Sterculia lanceolata,22.0,C3
TRY Categorical Traits Dataset (update 2018),Tilia parvifolia,Tilia cordata,22.0,C3
TRY Categorical Traits Dataset (update 2018),Aphanamixis polystachya,Aphanamixis polystachya,22.0,C3
TRY Categorical Traits Dataset (update 2018),Amoora rohituka,Aphanamixis polystachya,22.0,C3
TRY Categorical Traits Dataset (update 2018),Aphanamixis cumingiana,Aphanamixis polystachya,22.0,C3
TRY Categorical Traits Dataset (update 2018),Aphanamixis perrottetiana,Aphanamixis polystachya,22.0,C3
TRY Categorical Traits Dataset (update 2018),Artocarpus styracifolius,Artocarpus styracifolius,22.0,C3
TRY Categorical Traits Dataset (update 2018),Eucalyptus urophylla,Eucalyptus urophylla,22.0,C3
TRY Categorical Traits Dataset (update 2018),Fraxinus americana,Fraxinus americana,22.0,C3
TRY Categorical Traits Dataset (update 2018),Fraxinus chinensis,Fraxinus chinensis,22.0,C3
TRY Categorical Traits Dataset (update 2018),Fraxinus excelsior,Fraxinus excelsior,22.0,C3
TRY Categorical Traits Dataset (update 2018),Fraxinus mandshurica,Fraxinus mandshurica,22.0,C3
TRY Categorical Traits Dataset (update 2018),Fraxinus viridis,Fraxinus americana,22.0,C3
TRY Categorical Traits Dataset (update 2018),Pentaphylax euryoides,Pentaphylax euryoides,22.0,C3
TRY Categorical Traits Dataset (update 2018),Aporosa dioica,Aporosa octandra,22.0,C3
TRY Categorical Traits Dataset (update 2018),Aporosa chinensis,Aporosa octandra,22.0,C3
TRY Categorical Traits Dataset (update 2018),Aporosa microcalyx,Aporosa octandra,22.0,C3
TRY Categorical Traits Dataset (update 2018),Platanus acerifolia,Platanus acerifolia,22.0,C3
TRY Categorical Traits Dataset (update 2018),Platanus occidentalis,Platanus occidentalis,22.0,C3
TRY Categorical Traits Dataset (update 2018),Platanus hybridus,Platanus acerifolia,22.0,C3
TRY Categorical Traits Dataset (update 2018),Dacrycarpus imbricatus,Dacrycarpus imbricatus,22.0,C3
TRY Categorical Traits Dataset (update 2018),Dacrycarpus steupii,Dacrycarpus imbricatus,22.0,C3
TRY Categorical Traits Dataset (update 2018),Podocarpus imbricatus,Dacrycarpus imbricatus,22.0,C3
TRY Categorical Traits Dataset (update 2018),Myrsine seguinii,Myrsine seguinii,22.0,C3
TRY Categorical Traits Dataset (update 2018),Helicia formosana,Helicia formosana,22.0,C3
TRY Categorical Traits Dataset (update 2018),Carallia brachiata,Carallia brachiata,22.0,C3
TRY Categorical Traits Dataset (update 2018),Carallia integerrima,Carallia brachiata,22.0,C3
TRY Categorical Traits Dataset (update 2018),Carallia lucida,Carallia brachiata,22.0,C3
TRY Categorical Traits Dataset (update 2018),Eriobotrya japonica,Eriobotrya japonica,22.0,C3
TRY Categorical Traits Dataset (update 2018),Prunus sargentii,Prunus sargentii,22.0,C3
TRY Categorical Traits Dataset (update 2018),Phellodendron amurense,Phellodendron amurense,22.0,C3
TRY Categorical Traits Dataset (update 2018),Euodia lepta,Melicope pteleifolia,22.0,C3
TRY Categorical Traits Dataset (update 2018),Populus cathayana,Populus cathayana,22.0,C3
TRY Categorical Traits Dataset (update 2018),Populus deltoides,Populus deltoides,22.0,C3
TRY Categorical Traits Dataset (update 2018),Populus tremula,Populus tremula,22.0,C3
TRY Categorical Traits Dataset (update 2018),Populus tremuloides,Populus tremuloides,22.0,C3
TRY Categorical Traits Dataset (update 2018),Populus sieboldii,Populus tremula,22.0,C3
TRY Categorical Traits Dataset (update 2018),Acer davidii,Acer davidii,22.0,C3
TRY Categorical Traits Dataset (update 2018),Acer negundo,Acer negundo,22.0,C3
TRY Categorical Traits Dataset (update 2018),Acer platanoides,Acer platanoides,22.0,C3
TRY Categorical Traits Dataset (update 2018),Acer pseudoplatanus,Acer pseudoplatanus,22.0,C3
TRY Categorical Traits Dataset (update 2018),Acer rubrum,Acer rubrum,22.0,C3
TRY Categorical Traits Dataset (update 2018),Acer saccharum,Acer saccharum,22.0,C3
TRY Categorical Traits Dataset (update 2018),Acer truncatum,Acer truncatum,22.0,C3
TRY Categorical Traits Dataset (update 2018),Aesculus hippocastanum,Aesculus hippocastanum,22.0,C3
TRY Categorical Traits Dataset (update 2018),Koelreuteria paniculata,Koelreuteria paniculata,22.0,C3
TRY Categorical Traits Dataset (update 2018),Nephelium lappaceum,Nephelium lappaceum,22.0,C3
TRY Categorical Traits Dataset (update 2018),Acer fraxinifolium,Acer negundo,22.0,C3
TRY Categorical Traits Dataset (update 2018),Allophylus occidentalis,Allophylus cobbe,22.0,C3
TRY Categorical Traits Dataset (update 2018),Alniphyllum fortunei,Alniphyllum fortunei,22.0,C3
TRY Categorical Traits Dataset (update 2018),Ulmus americana,Ulmus americana,22.0,C3
TRY Categorical Traits Dataset (update 2018),Ulmus davidiana,Ulmus davidiana,22.0,C3
TRY Categorical Traits Dataset (update 2018),Ulmus macrocarpa,Ulmus macrocarpa,22.0,C3
TRY Categorical Traits Dataset (update 2018),Ulmus propinqua,Ulmus davidiana,22.0,C3
TRY Categorical Traits Dataset (update 2018),Aporusa chinensis,Aporosa octandra,22.0,C3
TRY Categorical Traits Dataset (update 2018),Aporusa dioica,Aporosa octandra,22.0,C3
TRY Categorical Traits Dataset (update 2018),Aporusa yunnanensis,Aporosa yunnanensis,22.0,C3
TRY Categorical Traits Dataset (update 2018),Lithocarpus fissus,Castanopsis fissa,22.0,C3
TRY Categorical Traits Dataset (update 2018),Magnolia denudata,Magnolia denudata,22.0,C3
TRY Categorical Traits Dataset (update 2018),Magnolia kobus,Magnolia kobus,22.0,C3
TRY Categorical Traits Dataset (update 2018),Magnolia tripetala,Magnolia tripetala,22.0,C3
TRY Categorical Traits Dataset (update 2018),Syzygium levinei,Syzygium levinei,22.0,C3
TRY Categorical Traits Dataset (update 2018),Larix gmelini,Larix gmelinii,22.0,C3
TRY Categorical Traits Dataset (update 2018),Larix gmelinii,Larix gmelinii,22.0,C3
TRY Categorical Traits Dataset (update 2018),Picea meyeri,Picea meyeri,22.0,C3
TRY Categorical Traits Dataset (update 2018),Picea wilsonii,Picea wilsonii,22.0,C3
TRY Categorical Traits Dataset (update 2018),Pinus armandii,Pinus armandii,22.0,C3
TRY Categorical Traits Dataset (update 2018),Pinus strobus,Pinus strobus,22.0,C3
TRY Categorical Traits Dataset (update 2018),Pinus virginiana,Pinus virginiana,22.0,C3
TRY Categorical Traits Dataset (update 2018),Larix dahurica,Larix gmelinii,22.0,C3
TRY Categorical Traits Dataset (update 2018),Larix olgensis,Larix gmelinii,22.0,C3
TRY Categorical Traits Dataset (update 2018),Podocarpus imbricata,Dacrycarpus imbricatus,22.0,C3
TRY Categorical Traits Dataset (update 2018),Acacia auriculaeformis,Acacia auriculiformis,22.0,C3
TRY Categorical Traits Dataset (update 2018),Archidendron lucidum,Archidendron lucidum,22.0,C3
TRY Categorical Traits Dataset (update 2018),Carya leiodermis,Carya glabra,22.0,C3
TRY Categorical Traits Dataset (update 2018),Machilus velutina,Machilus velutina,22.0,C3
TRY Categorical Traits Dataset (update 2018),Magnolia championii,Magnolia championii,22.0,C3
TRY Categorical Traits Dataset (update 2018),Manglietia dandyi,Magnolia dandyi,22.0,C3
TRY Categorical Traits Dataset (update 2018),Manglietia megaphylla,Magnolia dandyi,22.0,C3
TRY Categorical Traits Dataset (update 2018),Michelia cavaleriei,Magnolia cavaleriei,22.0,C3
TRY Categorical Traits Dataset (update 2018),Michelia chapensis,Magnolia chapensis,22.0,C3
TRY Categorical Traits Dataset (update 2018),Michelia fulva,Magnolia fulva,22.0,C3
TRY Categorical Traits Dataset (update 2018),Michelia maudiae,Magnolia maudiae,22.0,C3
TRY Categorical Traits Dataset (update 2018),Michelia odora,Magnolia odora,22.0,C3
TRY Categorical Traits Dataset (update 2018),Michelia wilsonii,Magnolia ernestii,22.0,C3
TRY Categorical Traits Dataset (update 2018),Tsoongiodendron odorum,Magnolia odora,22.0,C3
TRY Categorical Traits Dataset (update 2018),Tilia mandschurica,Tilia mandshurica,22.0,C3
TRY Categorical Traits Dataset (update 2018),Tilia argentea,Tilia mandshurica,22.0,C3
TRY Categorical Traits Dataset (update 2018),Artocarpus styracifolia,Artocarpus styracifolius,22.0,C3
TRY Categorical Traits Dataset (update 2018),Fraxinus mandschurica,Fraxinus mandshurica,22.0,C3
TRY Categorical Traits Dataset (update 2018),Syringa reticulata,Syringa reticulata,22.0,C3
TRY Categorical Traits Dataset (update 2018),Fraxinus rhynchophylla,Fraxinus chinensis,22.0,C3
TRY Categorical Traits Dataset (update 2018),Osmanthus didymopetalus,Osmanthus didymopetalus,22.0,C3
TRY Categorical Traits Dataset (update 2018),Syringa amurensis,Syringa reticulata,22.0,C3
TRY Categorical Traits Dataset (update 2018),Pyrus betulifolia,Pyrus betulifolia,22.0,C3
TRY Categorical Traits Dataset (update 2018),Pyrus aucuparia,Sorbus aucuparia,22.0,C3
TRY Categorical Traits Dataset (update 2018),Pyrus prunifolia,Malus baccata,22.0,C3
TRY Categorical Traits Dataset (update 2018),Populus monilifera,Populus deltoides,22.0,C3
TRY Categorical Traits Dataset (update 2018),Populus sargentii,Populus deltoides,22.0,C3
TRY Categorical Traits Dataset (update 2018),Acer pseudo-platanus,Acer pseudoplatanus,22.0,C3
TRY Categorical Traits Dataset (update 2018),Acer saccharophorum,Acer saccharum,22.0,C3
TRY Categorical Traits Dataset (update 2018),Acer grosseri,Acer davidii,22.0,C3
TRY Categorical Traits Dataset (update 2018),Acer floridanum,Acer saccharum,22.0,C3
TRY Categorical Traits Dataset (update 2018),Ulmus dentata,Ulmus americana,22.0,C3
TRY Categorical Traits Dataset (update 2018),Ulmus wilsoniana,Ulmus davidiana,22.0,C3
TRY Categorical Traits Dataset (update 2018),Cunninghamia lanceolata,Cunninghamia lanceolata,22.0,C3
TRY Categorical Traits Dataset (update 2018),Pinus tabuliformis,Pinus tabuliformis,22.0,C3
TRY Categorical Traits Dataset (update 2018),Styphnolobium japonicum,Styphnolobium japonicum,22.0,C3
TRY Categorical Traits Dataset (update 2018),Pithecellobium angulatum,Archidendron clypearia,22.0,C3
TRY Categorical Traits Dataset (update 2018),Millettia leptobotrys,Millettia leptobotrya,22.0,C3
TRY Categorical Traits Dataset (update 2018),Aesculus parviflora,Aesculus parviflora,22.0,C3
