binominal,F01286,F01289,F00679D,F00727D,F00709D,F00679O,F00727O,F00709O,state,synonym
Abies nephrolepis,Abies,Pinaceae,-0.8789146685609613,3.2975338379252603,-1.2740166493206921,-0.8789146685609613,3.2975338379252603,-1.2740166493206921,EcM,"('Abies veitchii var. nephrolepis', 'Abies sibirica var. nephrolepis', 'Pinus nephrolepis')"
Acacia auriculiformis,Acacia,Fabaceae,-0.7110735690934007,3.6204221534690286,-1.2264456601779945,-0.9535513672355987,3.985691595353347,-1.3093333199837622,EcMAM,"('Racosperma auriculiforme',)"
Acacia crassicarpa,Acacia,Fabaceae,-1.487530062200767,4.684720464746101,-1.0216512475319814,-1.487530062200767,4.684720464746101,-1.0216512475319814,EcMAM,"('Racosperma crassicarpum',)"
Acacia mangium,Acacia,Fabaceae,-1.3761460300680755,4.597037202757902,-1.2378743560016174,-1.3761460300680755,4.597037202757902,-1.2378743560016174,EcMAM,"('Racosperma mangium',)"
Acer barbinerve,Acer,Sapindaceae,-1.3771364233351249,4.96758145600384,-1.878436748579971,-1.3771364233351249,4.96758145600384,-1.878436748579971,AM,"('Acer diabolicum subsp. barbinerve',)"
Acer campbellii,Acer,Sapindaceae,-1.6620478627063977,4.370364110801968,-0.7874578600311866,-1.6620478627063977,4.370364110801968,-0.7874578600311866,AM,
Acer caudatum,Acer,Sapindaceae,-1.4443472925685077,4.47043733121117,-1.3470736479666092,-1.4443472925685077,4.47043733121117,-1.3470736479666092,AM,
Acer coriaceifolium,Acer,Sapindaceae,-1.2039728043259361,4.482248972475585,-1.6607312068216507,-1.2039728043259361,4.482248972475585,-1.6607312068216507,AM,
Acer davidii,Acer,Sapindaceae,-0.9011629509391214,3.904554389355861,-1.0369443096910465,-1.3190258036749598,4.25961011047766,-1.221270409860661,AM,"('Acer sikkimense subsp. davidii',)"
Acer fabri,Acer,Sapindaceae,-1.6402322276075108,4.956284699346174,-1.2378743560016172,-1.6402322276075108,4.956284699346174,-1.2378743560016172,AM,
Acer negundo,Acer,Sapindaceae,-1.3093333199837622,3.5015453554964373,-0.5389965007326869,-1.3093333199837622,3.5015453554964373,-0.5389965007326869,AM,"('Negundo aceroides', 'Rulac negundo')"
Acer pictum,Acer,Sapindaceae,-1.2851828597514792,4.331651917212705,-1.451011065597837,-1.2851828597514792,4.331651917212705,-1.451011065597837,AM,"('Kalopanax pictus', 'Acer lobelii subsp. pictum', 'Acer platanoides subsp. pictum')"
Acer platanoides,Acer,Sapindaceae,-0.4717643055269423,2.723875525581712,-0.7021764202328682,-0.8101233718028426,2.978034141962474,-0.6931470272266237,AM,"('Euacer platanoides',)"
Acer pseudoplatanus,Acer,Sapindaceae,-1.0011755257363064,3.3947983124707286,-0.6769862192246963,-1.1322166452002982,3.55694236324803,-0.69090238998864,AM,
Acer rubrum,Acer,Sapindaceae,-1.2076833837224716,3.4779183391108166,-0.6820973443733603,-1.2076833837224716,3.4779183391108166,-0.6820973443733603,AM,"('Rufacer rubrum',)"
Acer saccharum,Acer,Sapindaceae,-1.1439710926164879,3.5194672175812927,-0.7319413179895892,-1.1439710926164879,3.5194672175812927,-0.7319413179895892,AM,"('Saccharodendron saccharum',)"
Acer tataricum,Acer,Sapindaceae,-1.4561447444507682,5.150272465209543,-1.922649808506291,-1.4561447444507682,5.150272465209543,-1.922649808506291,AM,"('Euacer tataricum',)"
Acer tegmentosum,Acer,Sapindaceae,-1.054863381738095,4.331653321710459,-1.925719074665456,-1.054863381738095,4.331653321710459,-1.925719074665456,AM,"('Acer pensylvanicum var. tegmentosum',)"
Acer triflorum,Acer,Sapindaceae,-1.452006904485272,4.70622041830678,-1.4824401519498853,-1.452006904485272,4.70622041830678,-1.4824401519498853,AM,"('Crula triflora',)"
Acer truncatum,Acer,Sapindaceae,-0.84862365680033,3.625981809734791,-1.247084596210131,-1.2198183895832024,3.9962123466902617,-1.2834646837332204,AM,"('Acer cappadocicum subsp. truncatum', 'Acer laetum var. truncatum', 'Acer lobelii subsp. truncatum', 'Acer pictum var. truncatum')"
Acronychia pedunculata,Acronychia,Rutaceae,-0.7793250817143519,3.8561120484843223,-1.3305443460153987,-1.0639985555038787,4.13835347312542,-1.2694006096483912,AM,"('Jambolifera pedunculata', 'Cyminosma pedunculata')"
Actaea cimicifuga,Actaea,Ranunculaceae,-1.3203193721963578,4.763139807722203,-1.4371650079933809,-1.3203193721963578,4.763139807722203,-1.4371650079933809,AM,"('Cimicifuga foetida',)"
Actinidia kolomikta,Actinidia,Actinidiaceae,-1.4696759700589417,5.413981572847829,-2.227361671756458,-1.4696759700589417,5.413981572847829,-2.227361671756458,AM,"('Prunus kolomikta', 'Trochostigma kolomikta')"
Adenocaulon himalaicum,Adenocaulon,Asteraceae,-1.7521542146356957,5.262232519941716,-1.5056411187524568,-1.7521542146356957,5.262232519941716,-1.5056411187524568,AM,
Adiantum pedatum,Adiantum,Pteridaceae,-0.9509219051762131,4.835134668982727,-2.0809642492107376,-1.0405061539325127,5.022208973931916,-2.31293905574561,AM,
Adina metcalfii,Adina,Rubiaceae,-1.8679496075861015,4.604770105966751,-1.2378743560016174,-1.8679496075861015,4.604770105966751,-1.2378743560016174,AM,"('Pertusadina metcalfii',)"
Adina pilulifera,Adina,Rubiaceae,-1.9834043534828938,6.363496743711504,-2.169053702869523,-1.9834043534828938,6.363496743711504,-2.169053702869523,AM,"('Cephalanthus pilulifer', 'Nauclea pilulifera')"
Aesculus hippocastanum,Aesculus,Sapindaceae,-0.5354071857518755,2.5572538836889978,-1.5517588008474223,-0.5354071857518755,2.5572538836889978,-1.5517588008474223,AM,"('Pawia hippocastanum',)"
Aesculus parviflora,Aesculus,Sapindaceae,-0.7656387259893849,3.340723757934519,-1.8033261055995204,-0.7656387259893849,3.340723757934519,-1.8033261055995204,AM,
Agathis moorei,Agathis,Araucariaceae,-0.5331722250884879,2.682398818810134,-1.2315269549360046,-0.5331722250884879,2.682398818810134,-1.2315269549360046,AM,"('Salisburyodendron moorei', 'Dammara moorei')"
Agrimonia pilosa,Agrimonia,Rosaceae,-1.4850103340590484,5.086378117704167,-1.7510703731384052,-1.4850103340590484,5.086378117704167,-1.7510703731384052,AM,"('Agrimonia eupatoria var. pilosa', 'Agrimonia dahurica var. pilosa')"
Aidia oxyodonta,Aidia,Rubiaceae,-1.1634754186454301,4.075976904863916,-0.2237466501417525,-1.8232648299258283,4.532133434744117,-0.12806078183535008,AM,"('Randia oxyodonta',)"
Alangium chinense,Alangium,Cornaceae,-2.3735441819345398,5.135268885097667,-1.1394342831883648,-2.3735441819345398,5.135268885097667,-1.1394342831883648,AM,"('Karangolum chinense', 'Stylis chinensis', 'Stylidium chinense', 'Marlea chinensis')"
Alchornea tiliifolia,Alchornea,Euphorbiaceae,-1.0277811079075183,4.586632214677318,-1.2420208719634658,-1.4610179073158271,5.031564519657693,-1.5171626363249295,AM,"('Stipellaria tiliifolia',)"
Alchornea trewioides,Alchornea,Euphorbiaceae,-1.369240606554063,4.527772527776599,-1.518466134445765,-1.369240606554063,4.527772527776599,-1.518466134445765,AM,"('Stipellaria trewioides',)"
Allophylus cobbe,Allophylus,Sapindaceae,-1.8568101214823827,4.318421011584911,-0.5108256237659907,-1.8568101214823827,4.318421011584911,-0.5108256237659907,AM,"('Ornitrophe cobbe', 'Schmidelia cobbe', 'Toxicodendrum cobbe', 'Rhus cobbe')"
Alniphyllum fortunei,Alniphyllum,Styracaceae,-1.1701637881537545,4.328515757938198,-1.6495161358775952,-1.1701637881537545,4.328515757938198,-1.6495161358775952,AM,"('Halesia fortunei',)"
Alpinia japonica,Alpinia,Zingiberaceae,-1.7781524658218382,5.505626207959451,-1.7272209468404838,-1.7781524658218382,5.505626207959451,-1.7272209468404838,AM,"('Globba japonica', 'Languas japonica')"
Alstonia scholaris,Alstonia,Apocynaceae,-0.6468362776966949,3.248822901236153,-1.7719568419318752,-0.6468362776966949,3.248822901236153,-1.7719568419318752,AM,"('Echites scholaris', 'Pala scholaris')"
Anaphalis aureopunctata,Anaphalis,Asteraceae,-1.98813938327305,6.172024135880895,-1.9117187840129164,-1.98813938327305,6.172024135880895,-1.9117187840129164,AM,
Anaphalis hancockii,Anaphalis,Asteraceae,-1.7220468568167546,5.7678769869239215,-2.0730106482726223,-1.7220468568167546,5.7678769869239215,-2.0730106482726223,AM,
Antidesma maclurei,Antidesma,Phyllanthaceae,-0.909985650739561,2.995232148512309,-1.2378743560016174,-0.909985650739561,2.995232148512309,-1.2378743560016174,AM,
Aphanamixis polystachya,Aphanamixis,Meliaceae,-0.9112621205597257,4.114006849144888,-0.8324934900624144,-1.4091817410570058,4.585981721907068,-0.9787191324384487,AM,"('Amoora polystachya', 'Aglaia polystachya', 'Ricinocarpodendron polystachyum')"
Aporosa octandra,Aporosa,Phyllanthaceae,-1.0034293896909183,3.3724549127965013,-1.0788096613719298,-1.0034293896909183,3.3724549127965013,-1.0788096613719298,AM,"('Myrica octandra',)"
Aporosa yunnanensis,Aporosa,Phyllanthaceae,-1.341952169769155,4.181223737980477,-1.215146105485859,-1.341952169769155,4.181223737980477,-1.215146105485859,AM,"('Aporosa wallichii f. yunnanensis',)"
Araucaria luxurians,Araucaria,Araucariaceae,-0.5620214568211797,3.1834897482442184,-1.4713117681169274,-0.5620214568211797,3.1834897482442184,-1.4713117681169274,AM,"('Eutassa luxurians', 'Araucaria columnaris f. luxurians', 'Araucaria cookii var. luxurians')"
Araucaria rulei,Araucaria,Araucariaceae,-1.0740933545736093,3.759017441866033,-0.9940989202381906,-1.0740933545736093,3.759017441866033,-0.9940989202381906,AM,"('Eutassa rulei', 'Eutacta rulei')"
Archidendron clypearia,Archidendron,Fabaceae,-1.306263961214402,4.2531984503199265,-0.8915981192837836,-1.306263961214402,4.2531984503199265,-0.8915981192837836,AM,"('Pithecellobium clypearia', 'Abarema clypearia', 'Feuilleea clypearia', 'Inga clypearia', 'Albizia clypearia')"
Archidendron lucidum,Archidendron,Fabaceae,-1.3449221180141588,4.07567129695648,-1.171182981502945,-1.3449221180141588,4.07567129695648,-1.171182981502945,AM,"('Pithecellobium lucidum', 'Abarema lucida')"
Ardisia depressa,Ardisia,Primulaceae,-0.6744086623643429,3.566429396233603,-1.257072612987021,-1.1589934773667903,3.947653350532281,-1.3053150608015927,AM,
Ardisia japonica,Ardisia,Primulaceae,-1.469241281940817,4.620057234933822,-1.4175469058938364,-1.469241281940817,4.620057234933822,-1.4175469058938364,AM,"('Tinus japonica', 'Bladhia japonica')"
Ardisia quinquegona,Ardisia,Primulaceae,-0.1369658550731573,2.384533675641213,-1.2517634681622845,-0.5738837597331276,2.793208009442517,-1.297063227391948,AM,"('Bladhia quinquegona',)"
Artemisia igniaria,Artemisia,Asteraceae,-1.7885645783315358,5.318869012769295,-1.5018072470172452,-1.7885645783315358,5.318869012769295,-1.5018072470172452,AM,
Artemisia mongolica,Artemisia,Asteraceae,-1.795165262362888,5.276430365583576,-1.4395388757949528,-1.795165262362888,5.276430365583576,-1.4395388757949528,AM,"('Artemisia vulgaris var. mongolica',)"
Artocarpus styracifolius,Artocarpus,Moraceae,-1.262449734084912,3.5421180727185324,-0.527632742082372,-1.262449734084912,3.5421180727185324,-0.527632742082372,AM,
Asimina triloba,Asimina,Annonaceae,-0.21642382930236975,2.3595606098593622,-1.7813142108717117,-0.21642382930236975,2.3595606098593622,-1.7813142108717117,AM,"('Uvaria triloba', 'Porcelia triloba', 'Annona triloba')"
Asparagus schoberioides,Asparagus,Asparagaceae,-1.0708998501015738,4.78553148940686,-2.406725353466155,-1.0708998501015738,4.78553148940686,-2.406725353466155,AM,
Aster scaber,Aster,Asteraceae,-1.554476354360126,5.389988204702237,-2.0281482500922854,-1.554476354360126,5.389988204702237,-2.0281482500922854,AM,"('Cardiagyris scabra', 'Doellingeria scabra')"
Aster tataricus,Aster,Asteraceae,-1.6245515502441485,5.694102440602895,-2.184802057337662,-1.6245515502441485,5.694102440602895,-2.184802057337662,AM,
Astilbe rivularis,Astilbe,Saxifragaceae,-0.9564618965634318,3.6047036853482144,-1.4515348843366063,-0.9564618965634318,3.6047036853482144,-1.4515348843366063,NMAM,
Astilbe rubra,Astilbe,Saxifragaceae,-1.7620065110787073,5.3774425203207885,-1.6094379124341003,-1.7620065110787073,5.3774425203207885,-1.6094379124341003,NMAM,
Athyrium monomachii,Athyrium,Athyriaceae,-0.8160698842733365,4.1287788988004746,-1.2694499195829674,-1.2883971149020064,4.397042229047621,-1.6526085691533983,AM,"('Athyrium filix-femina var. monomachii',)"
Athyrium sinense,Athyrium,Athyriaceae,-0.5768654757814218,4.226417320290661,-1.5106114209698398,-0.796058969390602,4.4965029656850435,-1.9113022009918743,AM,"('Athyrium filix-femina subsp. sinense',)"
Athyrium spinulosum,Athyrium,Athyriaceae,-1.404262394393283,4.7041419825960835,-1.60943620576889,-1.404262394393283,4.7041419825960835,-1.60943620576889,AM,"('Cystopteris spinulosa', 'Pseudocystopteris spinulosa')"
Barringtonia racemosa,Barringtonia,Lecythidaceae,-0.3168828832754556,2.435483954796453,-0.9852825475580925,-0.6316687868398987,2.7692142125905046,-1.1134458268772267,AM,"('Caryophyllus racemosus', 'Butonica racemosa', 'Butonica alba', 'Eugenia racemosa', 'Michelia racemosa', 'Stravadium racemosum', 'Huttum racemosum')"
Betula costata,Betula,Betulaceae,-1.1134214053367373,4.713259579070718,-1.9045246250276415,-1.1134214053367373,4.713259579070718,-1.9045246250276415,EcM,"('Betula ermanii f. costata', 'Betula ermanii var. costata', 'Betula ulmifolia var. costata')"
Betula dahurica,Betula,Betulaceae,-0.7336448131078998,3.176478685416589,-0.7031427211470581,-1.1875733916842934,3.610745089873392,-0.906105784981126,EcM,
Betula fruticosa,Betula,Betulaceae,-1.2718948208113945,3.88699799929116,-1.0756070598850043,-1.2718948208113945,3.88699799929116,-1.0756070598850043,EcM,
Betula pendula,Betula,Betulaceae,-1.0135878797990963,4.211327966460332,-1.237812975557849,-1.2955578074468506,4.462891219206394,-1.3824842069847876,EcM,"('Betula alba lusus pendula', 'Betula alba var. pendula', 'Betula alba var. pendula')"
Betula utilis,Betula,Betulaceae,-0.860807038484872,3.467304897670777,-0.45276814805516546,-1.4200530816171202,3.925695418618414,-0.7095039433524482,EcM,
Blastus cochinchinensis,Blastus,Melastomataceae,-1.5941388767862934,5.32488948298348,-1.739950432158628,-1.5941388767862934,5.32488948298348,-1.739950432158628,AM,
Blastus pauciflorus,Blastus,Melastomataceae,-1.8153352078044724,5.490746388301094,-1.599256004436593,-1.8153352078044724,5.490746388301094,-1.599256004436593,AM,"('Oxyspora pauciflora', 'Allomorphia pauciflora')"
Calamus rhabdocladus,Calamus,Arecaceae,-1.520054351299415,4.637108263275592,-1.368275853831498,-1.520054351299415,4.637108263275592,-1.368275853831498,AM,
Callitropsis nootkatensis,Callitropsis,Cupressaceae,-0.9321378594342342,3.638863507167167,-1.330940355059758,-0.9321378594342342,3.638863507167167,-1.330940355059758,AM,"('Xanthocyparis nootkatensis', 'Chamaecyparis nootkatensis', 'Cupressus nootkatensis')"
Calocedrus decurrens,Calocedrus,Cupressaceae,-0.4246224436498589,2.480733175391062,-1.3101305142018609,-0.4246224436498589,2.480733175391062,-1.3101305142018609,AM,"('Heyderia decurrens', 'Thuja decurrens', 'Libocedrus decurrens')"
Caltha palustris,Caltha,Ranunculaceae,-1.5616005830199404,5.84841055554281,-2.4849066537880002,-1.5616005830199404,5.84841055554281,-2.4849066537880002,NMAM,"('Populago palustris', 'Trollius palustris')"
Canarium album,Canarium,Burseraceae,-0.8880401510815782,4.1566015441899475,-1.6635118780789713,-1.3357619422246958,4.444800660923522,-1.5180366134964811,AM,"('Pimela alba',)"
Carallia brachiata,Carallia,Rhizophoraceae,-1.5405650481477249,4.693547296605504,-1.5606477482646683,-1.5405650481477249,4.693547296605504,-1.5606477482646683,AM,"('Karekandelia brachiata', 'Petalotoma brachiata', 'Diatoma brachiata')"
Carpinus betulus,Carpinus,Betulaceae,-0.395029573821856,2.940403375587629,-0.7090023815849138,-0.8216634670213544,3.2057125189154685,-0.7509665431313329,EcM,
Carpinus cordata,Carpinus,Betulaceae,-0.8596254281763644,3.421208368713986,0.02839048351807912,-1.7990560506510975,3.887578459731638,0.048673094777395634,EcM,"('Distegocarpus cordatus',)"
Carya glabra,Carya,Juglandaceae,-1.7025283355001122,4.060998411838119,-0.21346828579079147,-1.7025283355001122,4.060998411838119,-0.21346828579079147,EcM,"('Juglans glabra', 'Hicorius glabra', 'Scoria glabra')"
Caryota maxima,Caryota,Arecaceae,-1.2301456786299592,4.05301196636022,-1.3342833741352949,-1.2301456786299592,4.05301196636022,-1.3342833741352949,AM,"('Caryota rumphiana var. javanica',)"
Castanea henryi,Castanea,Fagaceae,-1.7836127440922864,3.7125959807312525,-0.7133498878774648,-1.7836127440922864,3.7125959807312525,-0.7133498878774648,EcM,"('Castanopsis henryi',)"
Castanopsis carlesii,Castanopsis,Fagaceae,-0.5201637912738237,3.327685364450979,-0.2955437365088798,-0.8169747643702406,3.7161930529171356,-0.7967678095876177,EcM,"('Shiia carlesii', 'Synaedrys carlesii', 'Quercus carlesii', 'Castanopsis cuspidata var. carlesii')"
Castanopsis echinocarpa,Castanopsis,Fagaceae,-1.8113705148771706,4.402809173856411,-0.6348782724359695,-1.8113705148771706,4.402809173856411,-0.6348782724359695,EcM,"('Castanopsis tribuloides var. echinocarpa',)"
Castanopsis eyrei,Castanopsis,Fagaceae,-1.636637834073377,4.6279072887905155,-1.0739196751021285,-1.636637834073377,4.6279072887905155,-1.0739196751021285,EcM,"('Lithocarpus eyrei', 'Pasania eyrei', 'Quercus eyrei')"
Castanopsis fabri,Castanopsis,Fagaceae,-0.6720017980203619,3.7511979652122323,-0.1610270482843259,-0.9862242513460234,4.080148074256517,-0.6194105552326367,EcM,
Castanopsis fargesii,Castanopsis,Fagaceae,-1.5960282255241827,4.743054926652544,-1.330724511046161,-1.5960282255241827,4.743054926652544,-1.330724511046161,EcM,
Castanopsis fissa,Castanopsis,Fagaceae,-1.5831003121148188,4.537328196268297,-0.8859853819124083,-1.5831003121148188,4.537328196268297,-0.8859853819124083,EcM,"('Lithocarpus fissus', 'Pasania fissa', 'Quercus fissa', 'Shiia fissa', 'Synaedrys fissa')"
Castanopsis hystrix,Castanopsis,Fagaceae,-1.7868316309917582,4.257171777528256,-0.5978370007556204,-1.7868316309917582,4.257171777528256,-0.5978370007556204,EcM,
Castanopsis wattii,Castanopsis,Fagaceae,-1.82504741609423,4.52526080275979,-0.6733445532637656,-1.82504741609423,4.52526080275979,-0.6733445532637656,EcM,"('Castanea wattii', 'Castanopsis tribuloides var. wattii')"
Catalpa bignonioides,Catalpa,Bignoniaceae,-0.4823353979123195,3.186479010713852,-1.9643287345793314,-0.4823353979123195,3.186479010713852,-1.9643287345793314,AM,
Catunaregam spinosa,Catunaregam,Rubiaceae,-1.3587181053497872,4.38502214365368,-0.9675840262617056,-1.3587181053497872,4.38502214365368,-0.9675840262617056,AM,"('Xeromphis spinosa', 'Randia spinosa', 'Canthium spinosum', 'Gardenia spinosa')"
Caulophyllum robustum,Caulophyllum,Berberidaceae,-1.0277811079075183,4.518592891171162,-2.2244203229266644,-1.0277811079075183,4.518592891171162,-2.2244203229266644,AM,"('Leontice robusta', 'Caulophyllum thalictroides subsp. robustum')"
Cedrus libani,Cedrus,Pinaceae,-0.6856420810741719,2.5658370650248705,-0.8761102118546811,-0.6856420810741719,2.5658370650248705,-0.8761102118546811,EcM,"('Larix cedrus', 'Picea cedrus', 'Abies cedrus', 'Cedrus effusa', 'Cedrus libanotica subsp. libani', 'Pinus cedrus')"
Celtis sinensis,Celtis,Cannabaceae,-1.963046135002048,4.727387818712341,-0.4780358009429998,-1.963046135002048,4.727387818712341,-0.4780358009429998,AM,"('Celtis tetrandra subsp. sinensis',)"
Cephalotaxus harringtonii,Cephalotaxus,Cephalotaxaceae,-0.23748036762027405,2.558500762071287,-1.67872047051902,-0.23748036762027405,2.558500762071287,-1.67872047051902,AM,
Cercidiphyllum japonicum,Cercidiphyllum,Cercidiphyllaceae,-0.6665683528703155,2.8866351299726367,-1.502828177375842,-0.6665683528703155,2.8866351299726367,-1.502828177375842,AM,
Chamaecyparis pisifera,Chamaecyparis,Cupressaceae,-0.7316019285261405,3.1411255436760595,-1.6513841480516198,-0.7316019285261405,3.1411255436760595,-1.6513841480516198,AM,"('Thuja pisifera', 'Retinispora pisifera', 'Cupressus pisifera')"
Chenopodium album,Chenopodium,Amaranthaceae,-1.009685310764031,3.877137389348841,-0.6527359356017427,-1.6543788765384335,4.294364412566874,-0.5693064569111542,NMAM,"('Chenopodium viride var. album', 'Botrys albus', 'Atriplex alba')"
Chionanthus virginicus,Chionanthus,Oleaceae,-0.2723398649824343,2.2728510243367404,-1.6264569176036952,-0.2723398649824343,2.2728510243367404,-1.6264569176036952,AM,
Chloranthus henryi,Chloranthus,Chloranthaceae,-0.7721903879003982,3.6183868591394077,-1.826024060587772,-0.7721903879003982,3.6183868591394077,-1.826024060587772,AM,
Choerospondias axillaris,Choerospondias,Anacardiaceae,-1.2743505628979064,4.287765521144558,-1.4219215387630417,-1.2743505628979064,4.287765521144558,-1.4219215387630417,AM,"('Spondias axillaris', 'Poupartia axillaris')"
Cibotium barometz,Cibotium,Cibotiaceae,-1.3933189760568552,4.430282550681985,-1.39971738010068,-1.3933189760568552,4.430282550681985,-1.39971738010068,AM,"('Dicksonia barometz', 'Polypodium barometz', 'Aspidium barometz', 'Nephrodium barometz')"
Cinnamomum austro-sinensis,Cinnamomum,Lauraceae,-0.7536671203557341,3.4349777264175745,-1.5477795650960446,-0.7536671203557341,3.4349777264175745,-1.5477795650960446,AM,
Cinnamomum camphora,Cinnamomum,Lauraceae,-0.5703257138969232,3.566799582085147,-1.5408930044678264,-0.7376444905771392,3.7636333958879225,-1.6885005044321315,AM,"('Camphora officinarum',)"
Cinnamomum chekiangense,Cinnamomum,Lauraceae,-0.3316497516765331,2.187736702867612,-0.16175860990810062,-0.5277500404869845,2.645283019561125,-1.084659239785921,AM,
Cinnamomum micranthum,Cinnamomum,Lauraceae,-0.6099916476808277,2.3973602883257543,-0.179795197728128,-0.7266131765865199,2.7409527713431654,-1.0415313708308989,AM,"('Camphora micrantha',)"
Cinnamomum parthenoxylon,Cinnamomum,Lauraceae,-0.8412412388046727,3.7301324475408175,-1.612675471008872,-0.8412412388046727,3.7301324475408175,-1.612675471008872,AM,"('Camphora parthenoxylon',)"
Convallaria majalis,Convallaria,Asparagaceae,-0.8673815271712808,4.235455147957244,-2.1553834116274024,-0.8673815271712808,4.235455147957244,-2.1553834116274024,AM,"('Polygonatum majale', 'Lilium-convallium majale')"
Coriaria nepalensis,Coriaria,Coriariaceae,-0.8209805520698302,3.4438022240442625,-1.5652480993864386,-0.8209805520698302,3.4438022240442625,-1.5652480993864386,AM,
Cornus bretschneideri,Cornus,Cornaceae,-0.7898506596884659,3.4126027150916673,-1.0553873401956106,-1.020106978030153,3.732289169594412,-1.3409629066349513,AM,"('Swida bretschneideri',)"
Cornus controversa,Cornus,Cornaceae,-0.4253362377505763,2.6876847819083753,-1.5961615792599948,-0.4253362377505763,2.6876847819083753,-1.5961615792599948,AM,"('Bothrocaryum controversum', 'Swida controversa')"
Cornus florida,Cornus,Cornaceae,-0.6871889212931477,3.299267449170942,-1.6996361803522493,-0.6871889212931477,3.299267449170942,-1.6996361803522493,AM,"('Benthamia florida', 'Benthamidia florida', 'Cynoxylon floridum')"
Cornus kousa,Cornus,Cornaceae,-0.970351008724099,3.943419006364818,-1.7643604967696704,-0.970351008724099,3.943419006364818,-1.7643604967696704,AM,"('Benthamia kousa', 'Benthamia japonica', 'Dendrobenthamia japonica', 'Benthamidia japonica', 'Cynoxylon japonicum', 'Cynoxylon kousa')"
Cornus officinalis,Cornus,Cornaceae,-0.3454919267624164,2.4651439204958847,-0.7271246105625899,-0.8139689657927384,2.9016287605343862,-0.8412394924155211,AM,"('Macrocarpium officinale',)"
Cornus ulotricha,Cornus,Cornaceae,-0.492515122207834,2.5869264582422264,-1.358953328934706,-0.492515122207834,2.5869264582422264,-1.358953328934706,AM,"('Swida ulotricha',)"
Corylus ferox,Corylus,Betulaceae,-1.373575588712116,4.2238506926503625,-1.2332068313793185,-1.373575588712116,4.2238506926503625,-1.2332068313793185,EcM,
Corylus sieboldiana,Corylus,Betulaceae,-1.5768093921357913,4.889169309200653,-1.4522698886567686,-1.5768093921357913,4.889169309200653,-1.4522698886567686,EcM,"('Corylus heterophylla var. sieboldiana', 'Corylus rostrata var. sieboldiana')"
Cotoneaster acutifolius,Cotoneaster,Rosaceae,-1.5925807953676774,4.631792642548199,-1.2039728043259361,-1.5925807953676774,4.631792642548199,-1.2039728043259361,AM,"('Pyrus acutifolia', 'Cotoneaster niger var. acutifolius')"
Cotoneaster adpressus,Cotoneaster,Rosaceae,-1.4120225096926218,4.483807694240553,-1.432507206031779,-1.4120225096926218,4.483807694240553,-1.432507206031779,AM,"('Cotoneaster horizontalis var. adpressus', 'Pyrus adpressa')"
Cotoneaster multiflorus,Cotoneaster,Rosaceae,-1.4711988682103345,4.984803505157494,-1.769250478028886,-1.4711988682103345,4.984803505157494,-1.769250478028886,AM,"('Pyrus multiflora',)"
Crataegus pinnatifida,Crataegus,Rosaceae,-1.540145085938151,4.65663128004649,-1.3051567539906619,-1.540145085938151,4.65663128004649,-1.3051567539906619,AM,"('Mespilus pinnatifida', 'Mespilus pentagyna var. pinnatifida', 'Crataegus oxyacantha var. pinnatifida')"
Cratoxylum cochinchinense,Cratoxylum,Hypericaceae,-2.1126261090708796,3.48216274048526,-0.8915981192837836,-2.1126261090708796,3.48216274048526,-0.8915981192837836,AM,"('Vismia cochinchinensis', 'Hypericum cochinchinense')"
Cryptocarya chinensis,Cryptocarya,Lauraceae,0.23455246278179281,1.9188289733588577,-1.2263224872888798,0.06169872875698554,2.1186374936341332,-1.2855937689100123,AM,"('Beilschmiedia chinensis',)"
Cryptocarya concinna,Cryptocarya,Lauraceae,-0.3720015490705895,2.656004657858118,-0.9565792471919702,-0.6076031492623075,2.997849710239327,-1.2602028733289756,AM,
Cryptomeria japonica,Cryptomeria,Cupressaceae,-0.5082871816713437,3.260886302718273,-1.7908018324085988,-0.5082871816713437,3.260886302718273,-1.7908018324085988,AM,"('Cupressus japonica', 'Schubertia japonica', 'Taxodium japonicum')"
Cunninghamia lanceolata,Cunninghamia,Cupressaceae,-0.44655056907372687,2.4276989036119043,-1.96492930806294,-0.7379801898869981,2.784829339782583,-2.102177219655536,AM,"('Araucaria lanceolata', 'Belis lanceolata', 'Abies lanceolata', 'Pinus lanceolata')"
Cycas nathorstii,Cycas,Cycadaceae,0.15516603732018805,2.2066849150417047,-1.543803303158168,0.15516603732018805,2.2066849150417047,-1.543803303158168,AM,
Cycas panzhihuaensis,Cycas,Cycadaceae,0.09959392086406774,1.9774285368966034,-1.543549763391632,0.09959392086406774,1.9774285368966034,-1.543549763391632,AM,
Cystopteris sudetica,Cystopteris,Cystopteridaceae,-0.7112585843411714,5.201413878835869,-2.6334333777209507,-0.7112585843411714,5.201413878835869,-2.6334333777209507,AM,"('Rhizomatopteris sudetica',)"
Dacrycarpus imbricatus,Dacrycarpus,Podocarpaceae,-0.4630552759404554,3.404732367039235,-0.8794229515243748,-1.1068569668142376,3.841057067224618,-1.0913868034709269,AM,"('Bracteocarpus imbricatus', 'Podocarpus imbricatus')"
Dacrydium balansae,Dacrydium,Podocarpaceae,-0.6708624923362305,2.6909108682866685,-0.7828083181574129,-1.0697880012621839,2.944816619693385,-0.8619892141060791,AM,"('Metadacrydium balansae',)"
Daphniphyllum pentandrum,Daphniphyllum,Daphniphyllaceae,-1.2999943494238988,4.145923991344203,-1.3139736995402644,-1.2999943494238988,4.145923991344203,-1.3139736995402644,AM,
Decaspermum gracilentum,Decaspermum,Myrtaceae,-1.8620746431430808,4.158726821151369,-0.8675005677047231,-1.8620746431430808,4.158726821151369,-0.8675005677047231,AM,"('Eugenia gracilenta', 'Syzygium gracilentum')"
Dendropanax dentigerus,Dendropanax,Araliaceae,-2.0612087734187763,5.4083710520356005,-0.8754687365539,-2.0612087734187763,5.4083710520356005,-0.8754687365539,AM,"('Textoria dentigera', 'Dendropanax chevalieri var. dentigerus', 'Gilibertia dentigera')"
Deutzia glabrata,Deutzia,Hydrangeaceae,-1.6928195213731514,5.368792365008639,-1.7307987702448195,-1.6928195213731514,5.368792365008639,-1.7307987702448195,AM,
Deutzia grandiflora,Deutzia,Hydrangeaceae,-1.113599030976433,5.05188206654559,-2.037017150403277,-1.113599030976433,5.05188206654559,-2.037017150403277,AM,
Dicranopteris linearis,Dicranopteris,Gleicheniaceae,-0.9888278231229926,3.444975004008043,-0.658745753842613,-1.2439502481721236,3.677059877308594,-0.647536669307893,AM,"('Gleichenia linearis', 'Polypodium lineare')"
Dicranopteris pedata,Dicranopteris,Gleicheniaceae,-1.5874318321714858,4.394205548089184,-0.9942522733438669,-1.5874318321714858,4.394205548089184,-0.9942522733438669,AM,"('Polypodium pedatum',)"
Dioon rzedowskii,Dioon,Zamiaceae,-0.045733728680785776,2.612873039066185,-1.437242185364562,-0.045733728680785776,2.612873039066185,-1.437242185364562,AM,
Dioscorea nipponica,Dioscorea,Dioscoreaceae,-1.6004781710626284,5.5768851853391865,-2.1541650878757723,-1.6004781710626284,5.5768851853391865,-2.1541650878757723,AM,
Diospyros strigosa,Diospyros,Ebenaceae,-0.5214947065594606,2.9832494798540106,-0.9362026957473604,-0.9142290120132556,3.4177213163858475,-1.131994154714108,AM,
Diospyros virginiana,Diospyros,Ebenaceae,-0.4750272706283671,2.867170654692044,-1.8033261055995204,-0.4750272706283671,2.867170654692044,-1.8033261055995204,AM,"('Persimon virginiana',)"
Diplospora dubia,Diplospora,Rubiaceae,-1.1996488328458814,4.423027436687124,-1.7966494517281293,-1.1996488328458814,4.423027436687124,-1.7966494517281293,AM,"('Canthium dubium', 'Discospermum dubium', 'Tricalysia dubia')"
Dryopteris lepidopoda,Dryopteris,Dryopteridaceae,-1.6101047997540257,4.809019966164863,-1.3745983232171646,-1.6101047997540257,4.809019966164863,-1.3745983232171646,AM,
Dryopteris sparsa,Dryopteris,Dryopteridaceae,-1.6156865621454148,5.246567760697824,-1.688254121731035,-1.6156865621454148,5.246567760697824,-1.688254121731035,AM,"('Aspidium sparsum', 'Lastrea sparsa', 'Nephrodium sparsum', 'Polystichum sparsum')"
Elaeocarpus dubius,Elaeocarpus,Elaeocarpaceae,-1.2108631550306903,4.067165311631414,-1.1454044504742698,-1.2108631550306903,4.067165311631414,-1.1454044504742698,AM,
Elaeocarpus glabripetalus,Elaeocarpus,Elaeocarpaceae,-1.030953640194295,3.9846536964630537,-1.4842747694800944,-1.030953640194295,3.9846536964630537,-1.4842747694800944,AM,
Elaeocarpus sylvestris,Elaeocarpus,Elaeocarpaceae,-1.3208366600576509,3.914020790925127,-0.7923725797762123,-1.382222073151492,4.170482987633536,-0.969813229484695,AM,"('Adenodus sylvestris',)"
Eleutherococcus senticosus,Eleutherococcus,Araliaceae,-1.493879571799828,5.263640884001318,-2.014903023042265,-1.493879571799828,5.263640884001318,-2.014903023042265,AM,"('Hedera senticosa', 'Acanthopanax senticosus')"
Embelia vestita,Embelia,Primulaceae,-1.5709386132834906,4.568821127540797,-1.185623664203194,-1.5709386132834906,4.568821127540797,-1.185623664203194,AM,"('Ribesiodes vestitum', 'Samara vestita')"
Encephalartos gratus,Encephalartos,Zamiaceae,0.22443161021006652,1.5564438944602839,-1.3679408630430145,0.22443161021006652,1.5564438944602839,-1.3679408630430145,AM,
Endospermum chinense,Endospermum,Euphorbiaceae,-0.1627808171206784,2.7863759552645373,-1.3887484334491922,-0.1846638837869324,2.8800696995663615,-1.4782790626899323,AM,
Engelhardia roxburghiana,Engelhardia,Juglandaceae,-1.7344344026087857,4.668942788885158,-1.0704414112847467,-1.7344344026087857,4.668942788885158,-1.0704414112847467,EcM,"('Alfaropsis roxburghiana', 'Alfaroa roxburghiana')"
Ephedra distachya,Ephedra,Ephedraceae,-1.3173777801874338,3.883413725085303,-1.6284364555925948,-1.3173777801874338,3.883413725085303,-1.6284364555925948,AM,"('Chaetocladus distachys',)"
Equisetum hyemale,Equisetum,Equisetaceae,-0.5148118682922136,4.010996642449863,-2.4709153579926775,-0.5148118682922136,4.010996642449863,-2.4709153579926775,NMAM,"('Presla hyemalis', 'Hippochaete hyemalis')"
Equisetum pratense,Equisetum,Equisetaceae,-1.0454486269585386,5.314638012961702,-3.068747480941392,-1.0454486269585386,5.314638012961702,-3.068747480941392,NMAM,
Eriobotrya japonica,Eriobotrya,Rosaceae,-1.1430658694224145,3.8318969609488613,-0.941608539858445,-1.1430658694224145,3.8318969609488613,-0.941608539858445,AM,"('Photinia japonica', 'Mespilus japonica')"
Eucalyptus urophylla,Eucalyptus,Myrtaceae,-1.93489108257288,4.6654182663334485,-0.4620354595965587,-1.93489108257288,4.6654182663334485,-0.4620354595965587,EcMAM,
Euonymus alatus,Euonymus,Celastraceae,-1.4688972754941783,4.055448482509681,-0.0015611142383204757,-1.7462002088115973,4.398357207320306,-0.27296028076839957,AM,"('Melanocarya alata', 'Euonymus striatus var. alatus', 'Euonymus striatus subsp. alatus', 'Celastrus alatus')"
Euonymus verrucosus,Euonymus,Celastraceae,-1.4727240891182782,5.099906711159155,-1.9033090644547506,-1.4727240891182782,5.099906711159155,-1.9033090644547506,AM,
Euptelea pleiosperma,Euptelea,Eupteleaceae,-1.1412849539986583,4.099012521328839,-1.5705438487788042,-1.1412849539986583,4.099012521328839,-1.5705438487788042,AM,
Eurya japonica,Eurya,Pentaphylacaceae,-0.6740321696177142,3.950341396903945,-1.3888704949049604,-1.2976766093746583,4.395439739025748,-1.3430801211818093,AM,
Fagus engleriana,Fagus,Fagaceae,-1.6918688864132598,4.5383184974605015,-0.8766815941674587,-1.6918688864132598,4.5383184974605015,-0.8766815941674587,EcM,
Ficus variolosa,Ficus,Moraceae,-2.0180078354957436,4.965986542427374,-1.1394342831883648,-2.0180078354957436,4.965986542427374,-1.1394342831883648,AM,
Filipendula digitata,Filipendula,Rosaceae,-1.6982691261407161,5.396386363677473,-1.7635885947613588,-1.6982691261407161,5.396386363677473,-1.7635885947613588,AM,"('Spiraea digitata',)"
Fraxinus americana,Fraxinus,Oleaceae,-0.7724850525218752,3.26369644834931,-1.5488132906176655,-0.7724850525218752,3.26369644834931,-1.5488132906176655,AM,"('Ornus americana', 'Ornanthes americana', 'Calycomelia americana')"
Fraxinus chinensis,Fraxinus,Oleaceae,-0.43635690164707286,3.0580078085603306,-1.2120811162018488,-0.8229132087078609,3.4447623684057382,-1.391265037344578,AM,
Fraxinus excelsior,Fraxinus,Oleaceae,-0.41511652051190395,2.6903529330930005,-1.1000171913318646,-0.6562278597334811,2.913495759631002,-1.1213399606193968,AM,
Fraxinus mandshurica,Fraxinus,Oleaceae,-0.5756855184496195,3.889310656286734,-1.3673941853223615,-1.0723796443242397,4.242644785757523,-1.5213645777619287,AM,"('Fraxinus nigra var. mandshurica', 'Fraxinus nigra subsp. mandshurica')"
Galium aparine,Galium,Rubiaceae,-1.6654793033177253,5.483130261962464,-1.8971199848858813,-1.6654793033177253,5.483130261962464,-1.8971199848858813,NMAM,"('Asterophyllum aparine', 'Aparine vulgaris', 'Rubia aparine', 'Galion aparinum')"
Garcinia cowa,Garcinia,Clusiaceae,-1.2279581670764472,4.46900676117522,-0.7550225842780328,-1.2279581670764472,4.46900676117522,-0.7550225842780328,AM,"('Stalagmitis cowa',)"
Garcinia oblongifolia,Garcinia,Clusiaceae,-1.6597317064885675,4.5094299137072555,-1.2729656758128873,-1.6597317064885675,4.5094299137072555,-1.2729656758128873,AM,
Ginkgo biloba,Ginkgo,Ginkgoaceae,-0.1361710506010859,2.6536574704622007,-1.8925606803891613,-0.23986214318194113,2.808424409098236,-2.039759372620548,AM,"('Salisburia biloba',)"
Gironniera subaequalis,Gironniera,Cannabaceae,-2.080241861850605,4.213312081286144,-0.6539264674066639,-2.080241861850605,4.213312081286144,-0.6539264674066639,AM,"('Gironniera nervosa var. subaequalis',)"
Gleditsia triacanthos,Gleditsia,Fabaceae,-0.5519490743098253,2.7540868672380068,-1.6753106565848082,-0.5519490743098253,2.7540868672380068,-1.6753106565848082,AM,"('Caesalpiniodes triacanthum',)"
Gnetum gnemon,Gnetum,Gnetaceae,-1.1385990539644237,3.352353244702885,-1.0122091334411751,-1.1385990539644237,3.352353244702885,-1.0122091334411751,AM,
Goniothalamus griffithii,Goniothalamus,Annonaceae,-0.05482207875629162,2.0469294486019938,-1.2996941064628003,-0.21702097799323247,2.2725358306456043,-1.4166152578950522,AM,
Hamamelis virginiana,Hamamelis,Hamamelidaceae,-0.6580244584831108,2.819442801948319,-1.44127866945265,-0.6580244584831108,2.819442801948319,-1.44127866945265,AM,"('Trilopus virginiana',)"
Helicia formosana,Helicia,Proteaceae,-1.691407475301351,4.5830268213024015,-0.3285040669720361,-1.691407475301351,4.5830268213024015,-0.3285040669720361,NM,
Heptapleurum heptaphyllum,Heptapleurum,Araliaceae,-1.3072983548933927,5.059335988231617,-2.2072749131897207,-1.3072983548933927,5.059335988231617,-2.2072749131897207,AM,"('Aralia heptaphylla', 'Sciodaphyllum heptaphyllum', 'Schefflera heptaphylla', 'Vitis heptaphylla', 'Ampelopsis heptaphylla')"
Heptapleurum minutistellatum,Heptapleurum,Araliaceae,-1.1007245178543839,3.635214929528243,-1.0498221244986778,-1.1007245178543839,3.635214929528243,-1.0498221244986778,AM,"('Schefflera minutistellata',)"
Hosta ventricosa,Hosta,Asparagaceae,-0.8988192509621502,4.101969221654853,-2.0661963122982363,-0.8988192509621502,4.101969221654853,-2.0661963122982363,AM,"('Niobe caerulea', 'Hemerocallis caerulea', 'Saussurea caerulea', 'Funkia caerulea', 'Hosta japonica var. caerulea', 'Funkia ovata var. caerulea')"
Ilex opaca,Ilex,Aquifoliaceae,-0.7905983466406129,3.4221609714634993,-1.8255748177227855,-0.7905983466406129,3.4221609714634993,-1.8255748177227855,AM,"('Ageria opaca', 'Ilex aquifolium var. opaca')"
Iris japonica,Iris,Iridaceae,-0.8584936331479384,4.227644446633998,-2.268683539985031,-0.8584936331479384,4.227644446633998,-2.268683539985031,AM,"('Evansia japonica',)"
Itea chinensis,Itea,Iteaceae,-2.126449295287177,4.703475874772215,-0.616186139423817,-2.126449295287177,4.703475874772215,-0.616186139423817,AM,"('Polyosma chinensis',)"
Juglans mandshurica,Juglans,Juglandaceae,-1.109307392479664,4.509928105661867,-1.4811030915632717,-1.3424786801103947,4.656277769186932,-1.5744723357005734,AM,
Juglans nigra,Juglans,Juglandaceae,-0.9939781882474961,3.0579715678089623,-0.4625647001080157,-0.9939781882474961,3.0579715678089623,-0.4625647001080157,AM,"('Wallia nigra',)"
Juniperus chinensis,Juniperus,Cupressaceae,-0.6468359333520277,2.945335262735172,-1.4479784611518796,-0.6468359333520277,2.945335262735172,-1.4479784611518796,AM,"('Sabina chinensis',)"
Juniperus communis,Juniperus,Cupressaceae,-0.48752512714503554,3.3647039407232318,-1.6467554696048148,-0.48752512714503554,3.3647039407232318,-1.6467554696048148,AM,
Juniperus sabina,Juniperus,Cupressaceae,-0.9167908569158374,3.6432834618664827,-1.5702171992808192,-0.9167908569158374,3.6432834618664827,-1.5702171992808192,AM,"('Sabina vulgaris',)"
Knema erratica,Knema,Myristicaceae,0.09529680607853327,1.2010825253408173,-0.9611897148308468,-0.029620673928891117,1.3921828797965754,-1.0407049949753557,AM,"('Myristica longifolia var. erratica', 'Myristica erratica')"
Koelreuteria paniculata,Koelreuteria,Sapindaceae,-0.8297976954497881,4.138436058611388,-2.0955709236097197,-0.8297976954497881,4.138436058611388,-2.0955709236097197,AM,"('Sapindus paniculata',)"
Lamium album,Lamium,Lamiaceae,-1.9995219185039625,5.792156286415493,-1.5248805235952265,-1.9995219185039625,5.792156286415493,-1.5248805235952265,NMAM,
Larix decidua,Larix,Pinaceae,-0.7882616727456744,3.1380547535760606,-1.2472474795571804,-0.7882616727456744,3.1380547535760606,-1.2472474795571804,EcM,"('Abies larix', 'Picea larix', 'Pinus larix')"
Larix gmelinii,Larix,Pinaceae,-0.46875998155075865,3.0493950927629805,-1.0801783516788634,-0.8725496001836739,3.359318704466021,-1.1556117365438165,EcM,"('Abies gmelinii',)"
Lespedeza bicolor,Lespedeza,Fabaceae,-1.406905315024015,4.931618323063865,-1.8971199848858813,-1.406905315024015,4.931618323063865,-1.8971199848858813,AM,
Lespedeza thunbergii,Lespedeza,Fabaceae,-1.474470052023616,4.757488255324351,-1.5672375562908314,-1.474470052023616,4.757488255324351,-1.5672375562908314,AM,"('Desmodium thunbergii',)"
Lindera communis,Lindera,Lauraceae,-0.3936582461066236,2.7827806773184007,-1.061479666801225,-0.6422397451063792,3.0405042504681306,-1.2589386471368675,AM,"('Benzoin commune',)"
Lindera obtusiloba,Lindera,Lauraceae,-1.3417991212333393,4.527325535091816,-1.6175351215285083,-1.3417991212333393,4.527325535091816,-1.6175351215285083,AM,"('Benzoin obtusilobum',)"
Liquidambar formosana,Liquidambar,Altingiaceae,-1.1894400293548808,4.180183962906685,-1.4099042264177275,-1.1894400293548808,4.180183962906685,-1.4099042264177275,AM,
Liquidambar gracilipes,Liquidambar,Altingiaceae,-0.3331797400815809,1.5059392825684579,0.027493581820779364,-0.5160046540431666,1.9164012735635985,-0.2670768501098597,AM,"('Altingia gracilipes',)"
Liquidambar obovata,Liquidambar,Altingiaceae,-0.8313326538357599,3.2019616151716406,-1.3604237195562479,-1.063852346514972,3.5781292869166132,-1.3748645892059377,AM,"('Altingia obovata',)"
Liquidambar styraciflua,Liquidambar,Altingiaceae,-0.5500734629538462,3.0387048830431644,-1.5541214717633927,-0.5500734629538462,3.0387048830431644,-1.5541214717633927,AM,
Liriodendron chinense,Liriodendron,Magnoliaceae,-0.10845195590554843,2.5997817578144122,-1.780226233414382,-0.3456255002169027,2.7802003055021283,-1.774902352161632,AM,"('Liriodendron tulipifera var. chinense',)"
Liriodendron tulipifera,Liriodendron,Magnoliaceae,-0.24389780611424514,2.2176780371304865,-1.453931009835702,-0.24389780611424514,2.2176780371304865,-1.453931009835702,AM,"('Tulipifera liriodendrum',)"
Lithocarpus chiungchungensis,Lithocarpus,Fagaceae,-1.5162208307229665,4.326910252115215,-0.843970070294529,-1.5162208307229665,4.326910252115215,-0.843970070294529,EcM,
Lithocarpus cleistocarpus,Lithocarpus,Fagaceae,-1.2941710722440847,4.231227348294458,-1.4116121691041805,-1.2941710722440847,4.231227348294458,-1.4116121691041805,EcM,"('Synaedrys cleistocarpa', 'Quercus cleistocarpa', 'Pasania cleistocarpa')"
Lithocarpus fenestratus,Lithocarpus,Fagaceae,-0.11494917639373889,1.8860084801311625,-0.9414753327052707,-0.32839278381238485,2.1242555574696285,-1.0465631958181865,EcM,"('Pasania fenestrata', 'Synaedrys fenestrata', 'Quercus fenestrata')"
Litsea baviensis,Litsea,Lauraceae,-0.34822503093608975,2.5664866367804233,-2.0402208285265546,-0.34822503093608975,2.5664866367804233,-2.0402208285265546,AM,
Litsea cubeba,Litsea,Lauraceae,-0.9015745480384745,3.688629422858727,-0.8675005677047231,-0.9015745480384745,3.688629422858727,-0.8675005677047231,AM,"('Malapoenna cubeba', 'Cubeba pipereta', 'Benzoin cubeba', 'Daphnidium cubeba', 'Tetranthera cubeba', 'Laurus cubeba', 'Persea cubeba')"
Litsea elongata,Litsea,Lauraceae,-1.14277318549903,3.875894198777764,-1.3581234847087498,-1.14277318549903,3.875894198777764,-1.3581234847087498,AM,"('Malapoenna elongata', 'Tetranthera elongata', 'Daphnidium elongatum')"
Litsea ichangensis,Litsea,Lauraceae,-0.9069903646768557,4.118515873267373,-2.0546731075737443,-0.9069903646768557,4.118515873267373,-2.0546731075737443,AM,
Litsea verticillata,Litsea,Lauraceae,-0.6474283949149995,2.7466296830696852,-1.0498221244986778,-0.6474283949149995,2.7466296830696852,-1.0498221244986778,AM,
Lonicera chrysantha,Lonicera,Caprifoliaceae,-1.372292841484077,5.141958617938513,-2.152412908322089,-1.372292841484077,5.141958617938513,-2.152412908322089,AM,"('Caprifolium chrysanthum', 'Xylosteon chrysanthum', 'Lonicera xylosteum var. chrysantha')"
Macaranga sampsonii,Macaranga,Euphorbiaceae,-1.054157928144129,4.232890646949557,-1.4909639991923096,-1.547842894545446,4.53233288710627,-1.4062622990591218,AM,
Machilus breviflora,Machilus,Lauraceae,-0.37435943371572306,2.6923704685165775,-1.3709872109379027,-0.6086323133007423,2.9388246206091364,-1.3931950572497098,AM,
Machilus kwangtungensis,Machilus,Lauraceae,-0.8534802654634799,3.475067230228611,-1.2039728043259361,-0.8534802654634799,3.475067230228611,-1.2039728043259361,AM,"('Persea kwangtungensis',)"
Machilus nanmu,Machilus,Lauraceae,-0.7322952300332957,3.344264745685408,-1.617940141667713,-0.7322952300332957,3.344264745685408,-1.617940141667713,AM,"('Persea nanmu', 'Phoebe nanmu')"
Machilus oculodracontis,Machilus,Lauraceae,-0.5504908801584221,2.9566448848459443,-1.171182981502945,-0.5504908801584221,2.9566448848459443,-1.171182981502945,AM,"('Persea oculodracontis',)"
Machilus robusta,Machilus,Lauraceae,-0.7361590711532363,2.8903717578961645,-1.3862943611198906,-0.7361590711532363,2.8903717578961645,-1.3862943611198906,AM,
Machilus shweliensis,Machilus,Lauraceae,-0.3596840702501034,2.854145667492091,-1.4495911566645507,-0.6463108298733522,3.2100234244021544,-1.5579258955513922,AM,"('Persea shweliensis',)"
Machilus velutina,Machilus,Lauraceae,-0.7905174809562218,3.0809921175048145,-1.2729656758128873,-0.7905174809562218,3.0809921175048145,-1.2729656758128873,AM,
Macropanax undulatus,Macropanax,Araliaceae,-1.3329431856228962,3.3568971227655755,-1.1394342831883648,-1.3329431856228962,3.3568971227655755,-1.1394342831883648,AM,"('Hedera undulata', 'Paratropia undulata')"
Magnolia acuminata,Magnolia,Magnoliaceae,-0.05822450985959332,2.166262315219324,-1.811707107037751,-0.05822450985959332,2.166262315219324,-1.811707107037751,AM,"('Kobus acuminata', 'Tulipastrum acuminatum', 'Yulania acuminata', 'Magnolia virginiana var. acuminata', 'Magnolia umbrella var. acuminata')"
Magnolia baillonii,Magnolia,Magnoliaceae,-0.09532217987632544,2.309891668176484,-1.3862943611198906,-0.37071591578134555,2.6063865473257097,-1.3862943611198906,AM,"('Michelia baillonii', 'Paramichelia baillonii', 'Aromadendron baillonii')"
Magnolia balansae,Magnolia,Magnoliaceae,-0.5446582123024426,3.0037004432031678,-1.4696759700589417,-0.5446582123024426,3.0037004432031678,-1.4696759700589417,AM,"('Michelia balansae',)"
Magnolia cavaleriei,Magnolia,Magnoliaceae,-0.29785362777327734,2.7343675094195836,-1.5141277326297755,-0.29785362777327734,2.7343675094195836,-1.5141277326297755,AM,"('Michelia cavaleriei',)"
Magnolia champaca,Magnolia,Magnoliaceae,-0.7689057449610968,2.990719731730447,-1.2378743560016174,-0.7689057449610968,2.990719731730447,-1.2378743560016174,AM,"('Michelia champaca', 'Michelia tsiampacca var. champaca')"
Magnolia championii,Magnolia,Magnoliaceae,-0.15460911822741882,2.7460361779232563,-1.8124725108255966,-0.3528726579889938,2.973793366035237,-1.8949002281475682,AM,"('Lirianthe championii', 'Magnolia liliifera var. championii', 'Magnolia pumila var. championii')"
Magnolia chapensis,Magnolia,Magnoliaceae,-0.4996109662730736,3.1461840358843185,-1.8754657623930642,-0.4996109662730736,3.1461840358843185,-1.8754657623930642,AM,"('Michelia chapensis',)"
Magnolia dandyi,Magnolia,Magnoliaceae,-0.4720857954500601,2.872999508171694,-2.0402208285265546,-0.4720857954500601,2.872999508171694,-2.0402208285265546,AM,"('Manglietia dandyi',)"
Magnolia denudata,Magnolia,Magnoliaceae,-0.07934154458750184,2.624584003621881,-1.9823148309491132,-0.07934154458750184,2.624584003621881,-1.9823148309491132,AM,"('Yulania denudata', 'Magnolia purpurea var. denudata')"
Magnolia ernestii,Magnolia,Magnoliaceae,-0.023757999477303324,2.3547599986481544,-1.7969730362809424,-0.12908130895091122,2.4992409214711526,-1.8048447087767103,AM,"('Michelia wilsonii',)"
Magnolia fulva,Magnolia,Magnoliaceae,-0.40936771337543165,2.9647574692545606,-1.4696759700589417,-0.40936771337543165,2.9647574692545606,-1.4696759700589417,AM,"('Michelia fulva',)"
Magnolia grandiflora,Magnolia,Magnoliaceae,0.026510473426026342,1.939029838480826,-1.7350011354094461,0.026510473426026342,1.939029838480826,-1.7350011354094461,AM,
Magnolia kobus,Magnolia,Magnoliaceae,-0.3444304997594594,2.90390187196764,-1.8611095473628483,-0.3444304997594594,2.90390187196764,-1.8611095473628483,AM,"('Yulania kobus',)"
Magnolia lotungensis,Magnolia,Magnoliaceae,-0.36118509941661847,2.485739636091892,-1.4271163556401458,-0.36118509941661847,2.485739636091892,-1.4271163556401458,AM,"('Parakmeria lotungensis', 'Magnolia nitida var. lotungensis')"
Magnolia macclurei,Magnolia,Magnoliaceae,-0.30297545929784,2.695783154255826,-1.5696608684845752,-0.6053702829893117,2.9790509932942455,-1.5874865010661448,AM,"('Michelia macclurei',)"
Magnolia macrophylla,Magnolia,Magnoliaceae,0.012234112127451941,2.282243969209654,-1.8904754421672127,0.012234112127451941,2.282243969209654,-1.8904754421672127,AM,"('Metamagnolia macrophylla',)"
Magnolia maudiae,Magnolia,Magnoliaceae,-0.23667003983683702,2.7818522948449798,-1.7574323670118503,-0.38492451787950543,2.914407621323873,-1.7339551101223432,AM,"('Michelia maudiae',)"
Magnolia odora,Magnolia,Magnoliaceae,-0.20759439399457363,2.4850872128882804,-1.0642402075504374,-0.48889373982396445,2.8005391365578496,-1.4740203857729781,AM,"('Michelia odora', 'Tsoongiodendron odorum')"
Magnolia opipara,Magnolia,Magnoliaceae,-0.5746888174329436,2.5392369943330477,-1.6607312068216509,-0.5746888174329436,2.5392369943330477,-1.6607312068216509,AM,"('Michelia opipara',)"
Magnolia stellata,Magnolia,Magnoliaceae,-0.2273573795310896,3.0563671327297888,-2.21068982828979,-0.2273573795310896,3.0563671327297888,-2.21068982828979,AM,"('Magnolia kobus f. stellata', 'Talauma stellata', 'Buergeria stellata', 'Yulania stellata', 'Magnolia kobus var. stellata')"
Magnolia tripetala,Magnolia,Magnoliaceae,-0.05620036967555668,2.5058168185581415,-1.897119984885881,-0.05620036967555668,2.5058168185581415,-1.897119984885881,AM,"('Magnolia virginiana var. tripetala', 'Houpoea tripetala', 'Magnolia umbrella var. tripetala')"
Magnolia virginiana,Magnolia,Magnoliaceae,-0.03540298515958379,2.736106790149402,-1.9795962067101198,-0.03540298515958379,2.736106790149402,-1.9795962067101198,AM,
Magnolia yunnanensis,Magnolia,Magnoliaceae,-0.3274768169962273,2.847232265235547,-1.5606477482646683,-0.3274768169962273,2.847232265235547,-1.5606477482646683,AM,"('Parakmeria yunnanensis', 'Pachylarnax yunnanensis')"
Magnolia yuyuanensis,Magnolia,Magnoliaceae,-0.40546510810816444,3.2281658717752935,-2.0402208285265546,-0.40546510810816444,3.2281658717752935,-2.0402208285265546,AM,"('Manglietia yuyuanensis',)"
Mallotus paniculatus,Mallotus,Euphorbiaceae,-1.4447712908788664,4.575959027819343,-1.408767218790131,-1.4447712908788664,4.575959027819343,-1.408767218790131,AM,"('Croton paniculatus', 'Rottlera paniculata')"
Malus baccata,Malus,Rosaceae,-0.6164642951425694,3.4129022940460625,-1.1697053324738758,-1.095795745851351,3.844059137406917,-1.2103372769049447,AM,"('Malus microcarpa baccata', 'Sinomalus baccata', 'Pyrus baccata')"
Manglietia paruicula,Manglietia,Magnoliaceae,-0.6853972886998859,3.0828269804049246,-1.6607312068216509,-0.6853972886998859,3.0828269804049246,-1.6607312068216509,AM,
Matteuccia struthiopteris,Matteuccia,Onocleaceae,-1.0702192005588047,4.884392968912748,-2.208913003217808,-1.3407506514620724,5.083153088724506,-2.4108425925270947,AM,"('Onoclea struthiopteris',)"
Melicope pteleifolia,Melicope,Rutaceae,-1.3705391291753843,4.576667825515379,-1.5606477482646683,-1.3705391291753843,4.576667825515379,-1.5606477482646683,AM,"('Euodia pteleifolia', 'Zanthoxylum pteleifolium')"
Memecylon nigrescens,Memecylon,Melastomataceae,-1.0070928422599947,3.9801804703770074,-0.9836427217725175,-1.3655135679395394,4.416072531772928,-1.3681948905616375,AM,
Metasequoia glyptostroboides,Metasequoia,Cupressaceae,-0.4115954322065589,2.696246804765789,-1.5350211260041302,-0.4115954322065589,2.696246804765789,-1.5350211260041302,AM,"('Sequoia glyptostroboides',)"
Microbiota decussata,Microbiota,Cupressaceae,-0.7853355715548481,3.0154570586048552,-1.0052349920431412,-0.7853355715548481,3.0154570586048552,-1.0052349920431412,AM,"('Platycladus decussata',)"
Microcos paniculata,Microcos,Malvaceae,-2.1468642179972703,4.7482310288287435,-0.6539264674066639,-2.1468642179972703,4.7482310288287435,-0.6539264674066639,AM,
Microtropis discolor,Microtropis,Celastraceae,-0.7789447490587033,4.376888456817758,-1.1086626245216111,-0.7789447490587033,4.376888456817758,-1.1086626245216111,AM,"('Cassine discolor',)"
Millettia leptobotrya,Millettia,Fabaceae,-1.0741733667910915,3.2433732964685884,-0.843970070294529,-1.0741733667910915,3.2433732964685884,-0.843970070294529,AM,
Myrsine seguinii,Myrsine,Primulaceae,-0.16369182483537398,3.26391750192144,-1.5940955398508452,-0.7634672774209654,3.5802928294171985,-1.4815095374371896,AM,"('Athruphyllum seguinii',)"
Nabalus tatarinowii,Nabalus,Asteraceae,-1.7237270588362281,5.837122182327003,-2.1484344103096444,-1.7237270588362281,5.837122182327003,-2.1484344103096444,AM,"('Prenanthes tatarinowii',)"
Nageia nagi,Nageia,Podocarpaceae,-0.8298484047488034,3.467425743485208,-1.1290505128678143,-1.0877895468918821,3.535316553219125,-1.1118488694555066,AM,"('Morella nagi', 'Podocarpus nagi', 'Decussocarpus nagi', 'Myrica nagi')"
Neolitsea cassia,Neolitsea,Lauraceae,-0.6264422577659549,3.1245651453969594,-2.0402208285265546,-0.6264422577659549,3.1245651453969594,-2.0402208285265546,AM,"('Laurus cassia', 'Balanopsis cassia', 'Camphorina cassia', 'Persea cassia', 'Cinnamomum cassia')"
Neolitsea phanerophlebia,Neolitsea,Lauraceae,-0.5389965007326869,3.3141860046725258,-1.8119621765455745,-0.5389965007326869,3.3141860046725258,-1.8119621765455745,AM,
Nephelium lappaceum,Nephelium,Sapindaceae,-1.839794918266612,4.068171687918078,-0.6931471805599453,-1.839794918266612,4.068171687918078,-0.6931471805599453,AM,
Nyssa aquatica,Nyssa,Nyssaceae,-1.7146544384589315,2.608107083328578,-1.8325814637483102,-1.7146544384589315,2.608107083328578,-1.8325814637483102,AM,
Nyssa sylvatica,Nyssa,Nyssaceae,0.07091398585336504,2.10359442652957,-1.4595821568897227,0.07091398585336504,2.10359442652957,-1.4595821568897227,AM,"('Nyssa multiflora var. sylvatica',)"
Ocotea lancifolia,Ocotea,Lauraceae,-0.5621060515696493,3.0456069679079,-1.161199303500061,-0.9089982176360382,3.364507238234726,-1.151634827600716,AM,"('Oreodaphne lancifolia', 'Persea lancifolia')"
Onoclea sensibilis,Onoclea,Onocleaceae,-1.0883213019833424,4.531390235557566,-2.1109143238262242,-1.0883213019833424,4.531390235557566,-2.1109143238262242,AM,"('Angiopteris sensibilis', 'Calypterium sensibile', 'Riedlea sensibilis', 'Pterinodes sensibilis')"
Oreocnide frutescens,Oreocnide,Urticaceae,-1.4304552569056603,4.544155511736094,-1.4677873936729604,-1.4304552569056603,4.544155511736094,-1.4677873936729604,NMAM,"('Villebrunea frutescens', 'Boehmeria frutescens', 'Urtica frutescens')"
Orophea creaghii,Orophea,Annonaceae,-0.9179420946233856,3.813527758679047,-0.941608539858445,-0.9179420946233856,3.813527758679047,-0.941608539858445,AM,"('Mezzettiopsis creaghii',)"
Osmanthus didymopetalus,Osmanthus,Oleaceae,-0.32921265129195343,1.4861396960896067,-0.916290731874155,-0.32921265129195343,1.4861396960896067,-0.916290731874155,AM,
Osmunda japonica,Osmunda,Osmundaceae,-0.8704214961323867,3.1579435469054666,-1.21119305101923,-0.8704214961323867,3.1579435469054666,-1.21119305101923,AM,"('Osmunda regalis var. japonica', 'Osmunda regalis subsp. japonica', 'Osmundastrum japonicum')"
Parthenocissus quinquefolia,Parthenocissus,Vitaceae,-1.738597919217369,5.027890960377734,-1.330724511046161,-1.738597919217369,5.027890960377734,-1.330724511046161,AM,"('Quinaria quinquefolia', 'Psedera quinquefolia', 'Cissus quinquefolia', 'Ampelopsis quinquefolia', 'Vitis quinquefolia', 'Hedera quinquefolia')"
Pentaphylax euryoides,Pentaphylax,Pentaphylacaceae,-2.1147786059695215,4.583333491378917,-0.6348782724359695,-2.1147786059695215,4.583333491378917,-0.6348782724359695,AM,
Phellodendron amurense,Phellodendron,Rutaceae,-0.7014974102247559,3.5978433115194064,-1.972261010455585,-0.7014974102247559,3.5978433115194064,-1.972261010455585,AM,
Philadelphus incanus,Philadelphus,Hydrangeaceae,-1.6596791288708472,5.174868459551634,-1.4945942034802135,-1.6596791288708472,5.174868459551634,-1.4945942034802135,AM,
Phlomoides umbrosa,Phlomoides,Lamiaceae,-1.408335491996771,4.810882612537776,-1.7270926544454654,-1.408335491996771,4.810882612537776,-1.7270926544454654,AM,"('Phlomis umbrosa',)"
Picea abies,Picea,Pinaceae,-0.9885196327680883,3.747722352505422,-1.6377183319717936,-0.9885196327680883,3.747722352505422,-1.6377183319717936,EcM,"('Pinus abies', 'Abies picea')"
Picea koraiensis,Picea,Pinaceae,-0.7673155401138726,3.619045100738423,-1.2395290773153511,-1.0587918313588525,3.8597062071584465,-1.319651746390602,EcM,"('Picea koyamae var. koraiensis',)"
Picea meyeri,Picea,Pinaceae,-0.567301540560042,3.134884756463845,-0.9493632676233462,-1.0546050138238325,3.57863922058606,-1.1324537352535866,EcM,
Picea wilsonii,Picea,Pinaceae,-0.7979479911041283,3.4628976558096882,-0.9362862989120099,-1.2614592401945224,3.8547429332940095,-0.9984422715717113,EcM,
Pinus armandii,Pinus,Pinaceae,-0.6226536644036426,3.116831526869902,-0.7487532119692535,-1.0600315617527245,3.4793880380007596,-0.8525680358141952,EcM,
Pinus elliottii,Pinus,Pinaceae,-0.5121598466456159,3.2103166326103167,-1.218297131794432,-1.0142711400505353,3.603612010152383,-1.2540971912748597,EcM,
Pinus koraiensis,Pinus,Pinaceae,-0.44777742475974786,2.906030289817134,-1.2518780050244107,-0.6910224280176317,3.0935508235967966,-1.2699619491729968,EcM,"('Apinus koraiensis', 'Strobus koraiensis')"
Pinus massoniana,Pinus,Pinaceae,-1.2347757134809811,4.091879989155383,-1.3470736479666092,-1.2347757134809811,4.091879989155383,-1.3470736479666092,EcM,"('Pinea massoniana',)"
Pinus pumila,Pinus,Pinaceae,-1.2647849437226935,3.97293082855107,-1.1918246692925936,-1.2647849437226935,3.97293082855107,-1.1918246692925936,EcM,"('Pinus cembra var. pumila', 'Pinus cembra subsp. pumila')"
Pinus resinosa,Pinus,Pinaceae,-0.7890635220431459,2.970090293664145,-1.2281217822679595,-0.7890635220431459,2.970090293664145,-1.2281217822679595,EcM,
Pinus strobus,Pinus,Pinaceae,-0.775719217580648,2.979322066613799,-0.6671441347347398,-0.775719217580648,2.979322066613799,-0.6671441347347398,EcM,"('Leucopitys strobus', 'Strobus weymouthiana')"
Pinus sylvestris,Pinus,Pinaceae,-0.35752144926614876,2.666964896367976,-0.9628523234403418,-0.9858788149268155,3.266796863939696,-0.911777485312799,EcM,
Pinus tabuliformis,Pinus,Pinaceae,-0.81051254357869,3.70357677644918,-1.0460414810981278,-1.1961305577833121,4.052231374140238,-1.1400481535995068,EcM,"('Pinus densiflora var. tabuliformis',)"
Pinus virginiana,Pinus,Pinaceae,-1.276941824192527,3.226535304902332,-0.33159525954170893,-1.276941824192527,3.226535304902332,-0.33159525954170893,EcM,
Pistacia chinensis,Pistacia,Anacardiaceae,-1.4309988829043705,4.505128831807865,-0.4307829160924542,-1.4309988829043705,4.505128831807865,-0.4307829160924542,AM,
Platanus acerifolia,Platanus,Platanaceae,-1.2656322739126677,3.175132901920282,-1.9139271032022627,-1.2656322739126677,3.175132901920282,-1.9139271032022627,AM,
Platanus occidentalis,Platanus,Platanaceae,-0.36992905961714817,2.5681571293633056,-1.6111059695347973,-0.36992905961714817,2.5681571293633056,-1.6111059695347973,AM,"('Platanus vulgaris var. angulosa', 'Platanus vulgaris proles occidentalis', 'Platanus orientalis var. occidentalis')"
Platycladus orientalis,Platycladus,Cupressaceae,-0.5774997576278429,2.533966695075929,-1.0359577745953317,-0.5774997576278429,2.533966695075929,-1.0359577745953317,AM,"('Thuja orientalis', 'Biota orientalis')"
Pleioblastus amarus,Pleioblastus,Poaceae,-0.5482730062000368,1.8489282014553554,-0.1748960715737197,-0.8048642726212383,2.471029299067491,-0.5858102964554999,AM,"('Arundinaria amara',)"
Podocarpus neriifolius,Podocarpus,Podocarpaceae,-1.4276720641842078,4.671921721289969,-1.5782306201845877,-1.4276720641842078,4.671921721289969,-1.5782306201845877,AM,"('Nageia neriifolia', 'Margbensonia neriifolia')"
Polyspora axillaris,Polyspora,Theaceae,-0.32141812058255026,2.2282206777051834,-0.7948108343364455,-0.5217096403680697,2.5421923703389204,-0.9545119446943529,AM,"('Camellia axillaris', 'Gordonia axillaris', 'Lasianthus axillaris')"
Populus cathayana,Populus,Salicaceae,-1.4166798942052223,4.7295701233012215,-0.9086753747039978,-1.5989644096720959,4.904266285756517,-0.8808237730981737,EcMAM,
Populus deltoides,Populus,Salicaceae,-0.8321844340855111,4.057225127200128,-2.1770543705468364,-0.8321844340855111,4.057225127200128,-2.1770543705468364,EcMAM,
Populus suaveolens,Populus,Salicaceae,-1.5373498360398465,5.251494573334607,-1.4353498132750688,-1.5373498360398465,5.251494573334607,-1.4353498132750688,EcMAM,"('Populus balsamifera var. suaveolens',)"
Populus tremula,Populus,Salicaceae,-0.7308457486839781,4.8118904326806975,-1.6365593378392012,-0.9887985948429234,5.065455517340249,-1.6987699649578771,EcMAM,"('Tremula vulgaris',)"
Populus tremuloides,Populus,Salicaceae,-1.529395204760564,3.8699734058572006,-0.3872978041527155,-1.529395204760564,3.8699734058572006,-0.3872978041527155,EcMAM,"('Populus tremula subsp. tremuloides',)"
Populus trichocarpa,Populus,Salicaceae,-0.9952843190081205,4.857172852697106,-1.5692047112186078,-1.2845624617343974,5.0978826652821265,-1.606962502125175,EcMAM,
Potentilla indica,Potentilla,Rosaceae,-1.640928579525471,5.319102395933146,-1.80856658686647,-1.640928579525471,5.319102395933146,-1.80856658686647,AM,"('Fragaria indica', 'Duchesnea indica')"
Prasoxylon excelsum,Prasoxylon,Meliaceae,0.08404011622552843,1.751285913735454,-1.4482100486280824,-0.0031081235489143814,1.9567657376015368,-1.67578699075268,AM,"('Macrochiton excelsum', 'Hartighsea excelsa', 'Dysoxylum excelsum', 'Trichilia excelsa')"
Prunus armeniaca,Prunus,Rosaceae,-0.8141855089370014,3.518862936047514,-1.6467516202784152,-0.8141855089370014,3.518862936047514,-1.6467516202784152,AM,"('Prunus armeniaca subsp. vulgaris', 'Amygdalus armeniaca', 'Armeniaca vulgaris')"
Prunus avium,Prunus,Rosaceae,-1.6066293601120614,4.956418997863008,-1.4888915649097796,-1.6066293601120614,4.956418997863008,-1.4888915649097796,AM,"('Cerasus avium var. juliana', 'Druparia avium', 'Cerasus avium', 'Prunus cerasus subsp. avium', 'Prunus cerasus var. avium')"
Prunus padus,Prunus,Rosaceae,-1.9166426513747452,5.50616332770253,-1.4152818974049077,-1.9166426513747452,5.50616332770253,-1.4152818974049077,AM,"('Druparia padus', 'Cerasus padus', 'Padus avium')"
Prunus sargentii,Prunus,Rosaceae,-0.898540159583803,3.9129037054480085,-1.7482211676922694,-0.898540159583803,3.9129037054480085,-1.7482211676922694,AM,"('Cerasus sargentii',)"
Prunus serotina,Prunus,Rosaceae,-1.6424777665123005,4.963876121865704,-1.4733057366549749,-1.6424777665123005,4.963876121865704,-1.4733057366549749,AM,"('Padus serotina', 'Cerasus serotina')"
Pseudotsuga menziesii,Pseudotsuga,Pinaceae,-0.6002439350994574,2.734748494194974,-1.0835858590705871,-0.6002439350994574,2.734748494194974,-1.0835858590705871,EcM,"('Abies menziesii',)"
Psychotria asiatica,Psychotria,Rubiaceae,-1.5670970719445754,4.474935068958718,-1.4628344376740432,-1.5670970719445754,4.474935068958718,-1.4628344376740432,AM,"('Psychotrophum asiaticum',)"
Pteridium aquilinum,Pteridium,Dennstaedtiaceae,-1.3819040128185978,4.6935390431844075,-1.6882187894675424,-1.3819040128185978,4.6935390431844075,-1.6882187894675424,AM,"('Eupteris aquilina', 'Filix aquilina', 'Cincinalis aquilina', 'Paesia aquilina', 'Asplenium aquilinum', 'Filix-foemina aquilina', 'Pteris aquilina', 'Ornithopteris aquilina', 'Allosorus aquilinus')"
Pterospermum acerifolium,Pterospermum,Malvaceae,-1.2703263048759572,3.2449333591874905,-1.4271163556401458,-1.2703263048759572,3.2449333591874905,-1.4271163556401458,AM,"('Pterospermadendron acerifolium', 'Dombeya acerifolia', 'Cavanilla acerifolia', 'Pentapetes acerifolia')"
Pyrus betulifolia,Pyrus,Rosaceae,-0.28807563308660883,2.1313315361214946,-0.7778842411869867,-0.5776733150600407,2.5358272584243426,-1.0695689221533609,AM,
Quercus alba,Quercus,Fagaceae,-1.6150089574835558,3.9129781047311183,-0.230112220630303,-1.6150089574835558,3.9129781047311183,-0.230112220630303,EcM,
Quercus aliena,Quercus,Fagaceae,-0.9320229323590543,3.890630777094614,-0.6221371051752824,-1.5317909572852266,4.263055522217267,-0.7209510469975315,EcM,
Quercus asymmetrica,Quercus,Fagaceae,-1.0583152319035727,3.810654511039857,-1.5606477482646683,-1.0583152319035727,3.810654511039857,-1.5606477482646683,EcM,
Quercus mongolica,Quercus,Fagaceae,-1.499239120136025,4.881973211876243,-1.4679970628214554,-1.499239120136025,4.881973211876243,-1.4679970628214554,EcM,"('Quercus sessiliflora var. mongolica',)"
Quercus multinervis,Quercus,Fagaceae,-1.4628514838420459,4.345563147836171,-1.1936100172903894,-1.4628514838420459,4.345563147836171,-1.1936100172903894,EcM,
Quercus oxyodon,Quercus,Fagaceae,-1.7080159257951957,5.158334149593464,-1.2348502796848284,-1.7080159257951957,5.158334149593464,-1.2348502796848284,EcM,"('Cyclobalanopsis oxyodon', 'Cyclobalanopsis lineata var. oxyodon', 'Quercus lineata var. oxyodon')"
Quercus rubra,Quercus,Fagaceae,-1.6491031688265319,3.9001753201804314,-0.2628088077066412,-1.6491031688265319,3.9001753201804314,-0.2628088077066412,EcM,"('Erythrobalanus rubra',)"
Quercus serrata,Quercus,Fagaceae,-1.6972450605110259,4.854558315702191,-0.909225747752037,-1.6972450605110259,4.854558315702191,-0.909225747752037,EcM,
Quercus variabilis,Quercus,Fagaceae,-0.6155295824119571,3.4046599906065595,-0.7540090491421686,-1.190519318561575,3.8524590062983974,-0.6012674866344582,EcM,"('Pasania variabilis',)"
Quercus wutaishanica,Quercus,Fagaceae,-1.3618019430618808,3.823385841620188,-0.4041648137145969,-1.4265634551844435,4.034163493336102,-0.5107787651972039,EcM,
Rhamnus davurica,Rhamnus,Rhamnaceae,-1.7120245012092015,5.19709489569434,-1.4980163972990945,-1.7120245012092015,5.19709489569434,-1.4980163972990945,AM,"('Rhamnus cathartica var. davurica',)"
Rhaphiolepis indica,Rhaphiolepis,Rosaceae,-1.932332740641626,4.463491407656154,-0.6348782724359695,-1.932332740641626,4.463491407656154,-0.6348782724359695,AM,"('Mespilus indica', 'Pyrus rhaphiolepis', 'Crataegus indica')"
Rhododendron hypoglaucum,Rhododendron,Ericaceae,-1.9471859625593653,5.096447499700531,-0.9288695140810151,-1.9471859625593653,5.096447499700531,-0.9288695140810151,ErM,"('Rhododendron argyrophyllum subsp. hypoglaucum', 'Azalea hypoglauca')"
Rhodoleia championii,Rhodoleia,Hamamelidaceae,-0.48939034304592566,2.8066156827181166,-0.707246104939447,-0.9433194042620744,3.2491851544551116,-0.8455216609859478,AM,
Rosa acicularis,Rosa,Rosaceae,-1.2337449626596062,4.022385435031041,-1.3093333199837622,-1.2337449626596062,4.022385435031041,-1.3093333199837622,AM,
Rosa xanthina,Rosa,Rosaceae,-1.6906479678596436,5.22768711832685,-1.5018072470172452,-1.6906479678596436,5.22768711832685,-1.5018072470172452,AM,
Rubus crataegifolius,Rubus,Rosaceae,-1.8898134097034431,5.64788850177962,-1.6392908758868119,-1.8898134097034431,5.64788850177962,-1.6392908758868119,AM,"('Rubus corchorifolius var. crataegifolius',)"
Rubus idaeus,Rubus,Rosaceae,-1.708982042770487,5.145917113662598,-1.478224018135555,-1.708982042770487,5.145917113662598,-1.478224018135555,AM,"('Batidaea idaea',)"
Rubus irritans,Rubus,Rosaceae,-1.731605546408308,5.260971191549772,-1.5457220968134249,-1.731605546408308,5.260971191549772,-1.5457220968134249,AM,
Rubus rosifolius,Rubus,Rosaceae,-2.134672405497347,5.766636300616433,-1.2566165364600066,-2.134672405497347,5.766636300616433,-1.2566165364600066,AM,
Salix abscondita,Salix,Salicaceae,-2.11279152136139,5.802261266376117,-1.348073147299693,-2.11279152136139,5.802261266376117,-1.348073147299693,EcMAM,
Salix caprea,Salix,Salicaceae,-0.6558487399430895,4.106821285745859,-0.6511429622616919,-1.8385371868271516,4.564658510987364,-0.519973527988426,EcMAM,"('Nectopix caprea', 'Capraea vulgaris')"
Salix viminalis,Salix,Salicaceae,-1.9608884346045723,5.764240858969673,-1.4908535312741402,-1.9608884346045723,5.764240858969673,-1.4908535312741402,EcMAM,"('Diplima viminalis',)"
Salvia chinensis,Salvia,Lamiaceae,-1.8375940055718543,5.797148617256237,-1.885691288607713,-1.8375940055718543,5.797148617256237,-1.885691288607713,AM,"('Salvia japonica var. chinensis',)"
Sambucus williamsii,Sambucus,Viburnaceae,-0.6316613212444276,4.114147685484933,-0.9949454734614711,-1.0147524607839682,4.488195254140354,-1.9792588970895695,AM,
Sanguisorba officinalis,Sanguisorba,Rosaceae,-0.24088330770739477,3.0539257071317216,-1.538463754192649,-0.6681294175846574,3.4357812930700655,-1.707441587609092,AM,"('Pimpinella officinalis', 'Poterium officinale')"
Sanicula orthacantha,Sanicula,Apiaceae,-1.6361669721761247,5.021999850863013,-1.5021923840296554,-1.6361669721761247,5.021999850863013,-1.5021923840296554,AM,
Saprosma ternatum,Saprosma,Rubiaceae,-1.9306078290468707,4.761746493030188,-1.0788096613719298,-1.9306078290468707,4.761746493030188,-1.0788096613719298,AM,
Sarcandra glabra,Sarcandra,Chloranthaceae,-0.6918563470441192,3.4173372896126404,-1.7826395315707546,-0.6918563470441192,3.4173372896126404,-1.7826395315707546,AM,"('Ardisia glabra', 'Bladhia glabra', 'Chloranthus glaber')"
Sassafras albidum,Sassafras,Lauraceae,-0.38126928418765904,2.4573270449085833,-1.2432824102300608,-0.38126928418765904,2.4573270449085833,-1.2432824102300608,NMAM,"('Tetranthera albida', 'Sassafras officinale var. albidum', 'Sassafras variifolium var. albidum', 'Laurus albida')"
Saussurea amurensis,Saussurea,Asteraceae,-1.6039529822035308,5.5051756973674,-2.051270661379806,-1.6039529822035308,5.5051756973674,-2.051270661379806,AM,"('Theodorea amurensis',)"
Saussurea mongolica,Saussurea,Asteraceae,-1.5260163042950279,5.015324960401109,-1.7066016635408094,-1.5260163042950279,5.015324960401109,-1.7066016635408094,AM,"('Saussurea ussuriensis var. mongolica',)"
Saussurea nivea,Saussurea,Asteraceae,-1.3178883284558303,4.7660689036512505,-1.88706964583238,-1.3178883284558303,4.7660689036512505,-1.88706964583238,AM,
Schima superba,Schima,Theaceae,-1.4640108878514082,4.7656705907748975,-1.461171859683126,-1.4640108878514082,4.7656705907748975,-1.461171859683126,AM,"('Schima wallichii var. superba',)"
Schima wallichii,Schima,Theaceae,-1.4276998591785621,4.58934563564112,-0.9942522733438669,-1.4276998591785621,4.58934563564112,-0.9942522733438669,AM,"('Gordonia wallichii',)"
Schoepfia jasminodora,Schoepfia,Schoepfiaceae,-1.6557436653106117,4.400389762662409,-0.8867319296326107,-1.6557436653106117,4.400389762662409,-0.8867319296326107,AM,"('Schoepfiopsis jasminodora',)"
Sciadopitys verticillata,Sciadopitys,Sciadopityaceae,-0.5621357253123246,3.218844889989722,-1.7556226776301564,-0.5621357253123246,3.218844889989722,-1.7556226776301564,AM,"('Taxus verticillata', 'Pinus verticillata')"
Sequoiadendron giganteum,Sequoiadendron,Cupressaceae,-0.48694634997604747,2.7949339320380213,-1.53827438519254,-0.48694634997604747,2.7949339320380213,-1.53827438519254,AM,"('Americus gigantea', 'Wellingtonia gigantea', 'Gigantabies wellingtoniana', 'Washingtonia gigantea', 'Taxodium giganteum', 'Sequoia wellingtonia', 'Steinhauera gigantea')"
Smilax trinervula,Smilax,Smilacaceae,-1.1739825967711697,4.697894312108901,-2.1037342342488805,-1.1739825967711697,4.697894312108901,-2.1037342342488805,AM,"('Smilax china var. trinervula', 'Smilax biflora var. trinervula')"
Solidago decurrens,Solidago,Asteraceae,-1.3934196860624792,5.312633154910845,-2.2868367319634064,-1.3934196860624792,5.312633154910845,-2.2868367319634064,AM,
Sorbus aucuparia,Sorbus,Rosaceae,-0.8852807520323913,3.4656470939875907,-0.5662427050764225,-1.4585100001479112,3.8901680695787393,-0.6816993042611781,AM,"('Pyrus aucuparia', 'Pyrenia aucuparia', 'Mespilus aucuparia', 'Crataegus aucuparia', 'Aucuparia silvestris')"
Sorbus discolor,Sorbus,Rosaceae,-1.5904934964331625,4.795288438983798,-1.3769427976109274,-1.5904934964331625,4.795288438983798,-1.3769427976109274,AM,"('Pyrus discolor',)"
Spiraea dahurica,Spiraea,Rosaceae,-2.1015508245416554,5.672998477663331,-1.2329919152270543,-2.1015508245416554,5.672998477663331,-1.2329919152270543,AM,"('Spiraea media subsp. dahurica', 'Spiraea alpina var. dahurica')"
Spiraea ouensanensis,Spiraea,Rosaceae,-0.9885926436295602,5.011736909095579,-2.772588722239781,-0.9885926436295602,5.011736909095579,-2.772588722239781,AM,
Sterculia lanceolata,Sterculia,Malvaceae,-1.407197993619919,4.586304361684933,-1.2989540620643885,-1.407197993619919,4.586304361684933,-1.2989540620643885,AM,
Sterculia monosperma,Sterculia,Malvaceae,-0.390054163088285,3.4732823565551274,-1.5031464122768603,-0.9037632996836011,3.9169972798528363,-1.5172702074600406,AM,"('Clompanus monosperma',)"
Strobilanthes dimorphotricha,Strobilanthes,Acanthaceae,-1.3137876703331426,4.915893556164899,-2.0067908508449257,-1.3137876703331426,4.915893556164899,-2.0067908508449257,AM,"('Goldfussia dimorphotricha',)"
Styphnolobium japonicum,Styphnolobium,Fabaceae,-0.5346003920793214,3.2100803316732587,-1.6620478627063977,-0.5346003920793214,3.2100803316732587,-1.6620478627063977,AM,"('Sophora japonica',)"
Styrax suberifolius,Styrax,Styracaceae,-1.27421645771454,3.997357668802149,-1.2039728043259361,-1.27421645771454,3.997357668802149,-1.2039728043259361,AM,
Syringa reticulata,Syringa,Oleaceae,-0.5966508307456272,4.241932053003739,-1.9008265613164512,-0.8978370451167551,4.414084757163817,-1.9881852638436195,AM,"('Ligustrum reticulatum', 'Ligustrina reticulata')"
Syzygium acuminatissimum,Syzygium,Myrtaceae,-1.0788096613719298,3.8528019063502166,-1.4498077652028722,-1.0788096613719298,3.8528019063502166,-1.4498077652028722,AM,"('Acmena acuminatissima', 'Myrtus acuminatissima', 'Jambosa acuminatissima')"
Syzygium globiflorum,Syzygium,Myrtaceae,-1.629079552689389,3.7106409458954492,-0.9942522733438669,-1.629079552689389,3.7106409458954492,-0.9942522733438669,AM,"('Eugenia globiflora',)"
Syzygium hancei,Syzygium,Myrtaceae,-0.817534698740145,3.7436712613378202,-0.8172004902249969,-1.4631265038437762,4.093928762194011,-0.6722610102564716,AM,"('Eugenia minutiflora',)"
Syzygium jambos,Syzygium,Myrtaceae,-1.4927666056304074,4.971446208016166,-1.7139169833451784,-1.4927666056304074,4.971446208016166,-1.7139169833451784,AM,"('Plinia jambos', 'Jambosa jambos', 'Myrtus jambos', 'Eugenia jambos')"
Syzygium levinei,Syzygium,Myrtaceae,-0.9195860362639404,4.012239312303257,-0.944604476188762,-1.4688447938424862,4.374488922364649,-1.0483945725074924,AM,"('Eugenia levinei',)"
Taxodium distichum,Taxodium,Cupressaceae,-0.5219457808324381,3.2514780042808162,-1.8752635411001675,-0.5219457808324381,3.2514780042808162,-1.8752635411001675,AM,"('Schubertia disticha', 'Cuprespinnata disticha', 'Cupressus disticha')"
Taxus chinensis,Taxus,Taxaceae,-0.040821994520255166,2.325650365925042,-1.8536348729461425,-0.040821994520255166,2.325650365925042,-1.8536348729461425,AM,"('Taxus wallichiana var. chinensis', 'Taxus sumatrana subsp. chinensis', 'Taxus baccata var. chinensis', 'Taxus cuspidata var. chinensis')"
Taxus cuspidata,Taxus,Taxaceae,-0.6861502290836108,3.236018404889901,-1.5096547136331067,-0.6861502290836108,3.236018404889901,-1.5096547136331067,AM,"('Taxus baccata var. cuspidata', 'Taxus baccata subsp. cuspidata')"
Tetrapilus roseus,Tetrapilus,Oleaceae,-0.9304910812752964,3.364187556028255,-1.2378743560016174,-0.9304910812752964,3.364187556028255,-1.2378743560016174,AM,"('Olea rosea',)"
Thalictrum simplex,Thalictrum,Ranunculaceae,-1.6109390385603677,5.557027124896727,-2.094945728840801,-1.6109390385603677,5.557027124896727,-2.094945728840801,AM,"('Thalictrum angustifolium var. simplex', 'Thalictrum flavum subsp. simplex', 'Thalictrum angustifolium subsp. simplex')"
Thuja occidentalis,Thuja,Cupressaceae,-0.4782802090340305,2.584654130648892,-1.3136102300994095,-0.4782802090340305,2.584654130648892,-1.3136102300994095,AM,
Tilia amurensis,Tilia,Malvaceae,-1.57310598318671,4.875551748934549,-1.448169764837978,-1.57310598318671,4.875551748934549,-1.448169764837978,EcM,"('Tilia cordata var. amurensis',)"
Tilia cordata,Tilia,Malvaceae,-0.588765872219157,2.5824642709907524,-0.5335538538425891,-0.7435215520233638,2.8047627762015184,-0.535471398925474,EcM,
Tilia mandshurica,Tilia,Malvaceae,-1.093585397483518,3.9006315104610687,-1.2170692800066123,-1.1964134516966591,4.181679662724286,-1.456067305355919,EcM,"('Tilia argentea f. mandshurica',)"
Tilia mongolica,Tilia,Malvaceae,-1.0203435473890914,3.670310944594047,-0.6950142504506879,-1.5591776722133068,4.055300279286316,-0.6617100289585028,EcM,
Tilia oliveri,Tilia,Malvaceae,-1.5751572659572675,5.008139589748644,-1.6094379124341003,-1.5751572659572675,5.008139589748644,-1.6094379124341003,EcM,
Torreya californica,Torreya,Taxaceae,0.03741352540351545,1.4735158426262982,-1.2148794359890005,0.03741352540351545,1.4735158426262982,-1.2148794359890005,AM,"('Tumion californicum',)"
Torreya nucifera,Torreya,Taxaceae,-0.020826484479108922,1.7556888229160277,-1.308568798724384,-0.020826484479108922,1.7556888229160277,-1.308568798724384,AM,"('Tumion nuciferum', 'Foetataxus nucifera', 'Taxus nucifera', 'Taxodium nuciferum', 'Caryotaxus nucifera', 'Podocarpus nucifer')"
Trachelospermum axillare,Trachelospermum,Apocynaceae,-1.2330583852210326,4.350516641221867,-1.6094379124341003,-1.2330583852210326,4.350516641221867,-1.6094379124341003,AM,
Tsuga canadensis,Tsuga,Pinaceae,-0.7950563836694075,2.97438596319246,-1.1299017917837837,-0.7950563836694075,2.97438596319246,-1.1299017917837837,EcM,"('Abies curvifolia', 'Pinus canadensis', 'Picea canadensis')"
Ulmus americana,Ulmus,Ulmaceae,-0.9463594808039132,3.8391922514685195,-1.8412123529475852,-0.9463594808039132,3.8391922514685195,-1.8412123529475852,AM,
Ulmus davidiana,Ulmus,Ulmaceae,-0.8505440057540107,4.1830102608713196,-1.2057531081267259,-1.361580400074472,4.486559922530617,-1.158948557887151,AM,
Ulmus macrocarpa,Ulmus,Ulmaceae,-0.6814536029160643,3.4739218308000845,-0.931051973407431,-1.2783647891151206,3.9177927972531896,-1.0393169612662605,AM,
Ulmus pumila,Ulmus,Ulmaceae,-1.5329399414613754,4.8948017082771695,-1.5820389360838238,-1.5329399414613754,4.8948017082771695,-1.5820389360838238,AM,
Vaccinium corymbosum,Vaccinium,Ericaceae,-2.414848903881121,5.728340590163221,-1.0121675013100746,-2.6808749654552098,6.1813181861397535,-1.206460128486849,ErM,"('Cyanococcus corymbosus',)"
Vaccinium mandarinorum,Vaccinium,Ericaceae,-2.549509172973659,4.6701148746284735,-0.6348782724359695,-2.549509172973659,4.6701148746284735,-0.6348782724359695,ErM,
Veratrum nigrum,Veratrum,Melanthiaceae,-1.0799868245449447,4.838767172507941,-2.372162270869017,-1.0799868245449447,4.838767172507941,-2.372162270869017,AM,"('Helonias nigra', 'Melanthium nigrum')"
Veronica spuria,Veronica,Plantaginaceae,-1.67825222843446,5.424579170311993,-1.8101086056740292,-1.67825222843446,5.424579170311993,-1.8101086056740292,AM,"('Veronica foliosa var. spuria', 'Pseudolysimachion spurium')"
Vitis amurensis,Vitis,Vitaceae,-1.2908023796606698,4.644499902046494,-1.7523538625917041,-1.2908023796606698,4.644499902046494,-1.7523538625917041,AM,"('Vitis vinifera f. amurensis', 'Vitis vulpina var. amurensis', 'Vitis vinifera var. amurensis')"
Wendlandia uvariifolia,Wendlandia,Rubiaceae,-1.4953505863963323,3.8126445614478675,-0.843970070294529,-1.4953505863963323,3.8126445614478675,-0.843970070294529,AM,
Wurfbainia villosa,Wurfbainia,Zingiberaceae,-1.4612094946330223,5.23327101995561,-2.0161397499769467,-1.4612094946330223,5.23327101995561,-2.0161397499769467,AM,"('Cardamomum villosum', 'Elettaria villosa', 'Zingiber villosum', 'Amomum villosum')"
Zabelia biflora,Zabelia,Caprifoliaceae,-0.6363888467413364,3.43227790769518,-1.9193926221466562,-0.6363888467413364,3.43227790769518,-1.9193926221466562,AM,"('Abelia biflora',)"
Zamia lucayana,Zamia,Zamiaceae,-1.1162248156457681,4.07537324269385,-1.515605554373641,-1.1162248156457681,4.07537324269385,-1.515605554373641,AM,
