F01286,F01287,F01289,F01290
Larix,gmelinii,Pinaceae,Pinales
Fraxinus,mandshurica,Oleaceae,Lamiales
Populus,trichocarpa,Salicaceae,Malpighiales
Populus,tremula,Salicaceae,Malpighiales
Cinnamomum,micranthum,Lauraceae,Laurales
Magnolia,odora,Magnoliaceae,Magnoliales
Cinnamomum,chekiangense,Lauraceae,Laurales
Castanopsis,fabri,Fagaceae,Fagales
Liquidambar,gracilipes,Altingiaceae,Saxifragales
Castanopsis,carlesii,Fagaceae,Fagales
Liquidambar,obovata,Altingiaceae,Saxifragales
Elaeocarpus,sylvestris,Elaeocarpaceae,Oxalidales
Endospermum,chinense,Euphorbiaceae,Malpighiales
Aristotelia,serrata,Elaeocarpaceae,Oxalidales
Ascarina,lucida,Chloranthaceae,Chloranthales
Asplenium,bulbiferum,Aspleniaceae,Polypodiales
Astelia,fragrans,Asteliaceae,Asparagales
Astelia,nervosa,Asteliaceae,Asparagales
Blechnum,lanceolatum,Aspleniaceae,Polypodiales
Lomaria,discolor,Blechnaceae,Polypodiales
Blechnum,fluviatilis,Aspleniaceae,Polypodiales
Parablechnum,novae-zelandiae,Blechnaceae,Polypodiales
Parablechnum,procerum,Blechnaceae,Polypodiales
Carpodetus,serratus,Rousseaceae,Asterales
Coprosma,ciliata,Rubiaceae,Gentianales
Coprosma,foetidissima,Rubiaceae,Gentianales
Coprosma,lucida,Rubiaceae,Gentianales
Coprosma,rhamnoides,Rubiaceae,Gentianales
Coriaria,arborea,Coriariaceae,Cucurbitales
Cyathea,smithii,Cyatheaceae,Cyatheales
Dacrydium,cupressinum,Podocarpaceae,Araucariales
Dicksonia,squarrosa,Dicksoniaceae,Cyatheales
Gahnia,procera,Cyperaceae,Poales
Gahnia,xanthocarpa,Cyperaceae,Poales
Hedycarya,arborea,Monimiaceae,Laurales
Lepidothamnus,intermedius,Podocarpaceae,Araucariales
Leptecophylla,juniperina,Ericaceae,Ericales
Leptospermum,scoparium,Myrtaceae,Myrtales
Pseudodiphasium,volubile,Lycopodiaceae,Lycopodiales
Manoao,colensoi,Podocarpaceae,Araucariales
Melicytus,ramiflorus,Violaceae,Malpighiales
Metrosideros,diffusa,Myrtaceae,Myrtales
Metrosideros,fulgens,Myrtaceae,Myrtales
Metrosideros,umbellata,Myrtaceae,Myrtales
Myrsine,australis,Primulaceae,Ericales
Myrsine,divaricata,Primulaceae,Ericales
Neomyrtus,pedunculata,Myrtaceae,Myrtales
Olearia,avicenniaefolia,Asteraceae,Asterales
Phyllocladus,trichomanoides,Podocarpaceae,Araucariales
Podocarpus,laetus,Podocarpaceae,Araucariales
Polystichum,chilense,Dryopteridaceae,Polypodiales
Pectinopitys,ferruginea,Podocarpaceae,Pinales
Neopanax,colensoi,Araliaceae,Apiales
Pseudopanax,crassifolius,Araliaceae,Apiales
Pseudowintera,colorata,Winteraceae,Canellales
Quintinia,serrata,Paracryphiaceae,Paracryphiales
Raukaua,simplex,Araliaceae,Apiales
Schefflera,digita,Araliaceae,Apiales
Sticherus,cunninghamii,Gleicheniaceae,Gleicheniales
Pterophylla,racemosa,Cunoniaceae,Oxalidales
Vaccinium,corymbosum,Ericaceae,Ericales
Tristaniopsis,elliptica,Myrtaceae,Myrtales
Agathis,kinabaluensis,Araucariaceae,Araucariales
Xanthophyllum,tenue,Polygalaceae,Fabales
Pterophylla,faxinea,Cunoniaceae,Oxalidales
Podocarpus,gibbsii,Podocarpaceae,Araucariales
Dacrydium,pectinatum,Podocarpaceae,Araucariales
Quercus,lowii,Fagaceae,Fagales
Syzygium,subdecussatum,Myrtaceae,Myrtales
Tetractomia,tetrandra,Rutaceae,Sapindales
Syzygium,castaneum,Myrtaceae,Myrtales
Lithocarpus,rigidus,Fagaceae,Fagales
Dacrycarpus,imbricatus,Podocarpaceae,Araucariales
Phyllocladus,hypophyllus,Podocarpaceae,Araucariales
Dacrydium,gracile,Podocarpaceae,Araucariales
Tristaniopsis,obovata,Myrtaceae,Myrtales
Payena,microphylla,Sapotaceae,Ericales
Lithocarpus,clementianus,Fagaceae,Fagales
Syzygium,pachysepalum,Myrtaceae,Myrtales
Syzygium,napiforme,Myrtaceae,Myrtales
Syzygium,kunstleri,Myrtaceae,Myrtales
Lithocarpus,lampadarius,Fagaceae,Fagales
Madhuca,endertii,Sapotaceae,Ericales
Lithocarpus,confertus,Fagaceae,Fagales
Ternstroemia,coriacea,Pentaphylacaceae,Ericales
Magnolia,carsonii,Magnoliaceae,Magnoliales
Cinnamomum,iners,Lauraceae,Laurales
Fraxinus,excelsior,Oleaceae,Lamiales
Acer,pseudoplatanus,Sapindaceae,Sapindales
Acer,platanoides,Sapindaceae,Sapindales
Carpinus,betulus,Betulaceae,Fagales
Tilia,cordata,Malvaceae,Malvales
Fagus,sylvatica,Fagaceae,Fagales
Acer,saccharum,Sapindaceae,Sapindales
Aesculus,hippocastanum,Sapindaceae,Sapindales
Aesculus,parviflora,Sapindaceae,Sapindales
Asimina,triloba,Annonaceae,Magnoliales
Catalpa,bignonioides,Bignoniaceae,Lamiales
Cercidiphyllum,japonicum,Cercidiphyllaceae,Saxifragales
Chionanthus,virginicus,Oleaceae,Lamiales
Cornus,florida,Cornaceae,Cornales
Diospyros,virginiana,Ebenaceae,Ericales
Fraxinus,americana,Oleaceae,Lamiales
Gleditsia,triacanthos,Fabaceae,Fabales
Halesia,tetraptera,Styracaceae,Ericales
Hamamelis,virginiana,Hamamelidaceae,Saxifragales
Ilex,opaca,Aquifoliaceae,Aquifoliales
Juglans,nigra,Juglandaceae,Fagales
Koelreuteria,paniculata,Sapindaceae,Sapindales
Liquidambar,styraciflua,Altingiaceae,Saxifragales
Liriodendron,tulipifera,Magnoliaceae,Magnoliales
Magnolia,acuminata,Magnoliaceae,Magnoliales
Magnolia,denudata,Magnoliaceae,Magnoliales
Magnolia,kobus,Magnoliaceae,Magnoliales
Magnolia,stellata,Magnoliaceae,Magnoliales
Magnolia,tripetala,Magnoliaceae,Magnoliales
Nyssa,sylvatica,Nyssaceae,Cornales
Platanus,occidentalis,Platanaceae,Proteales
Populus,deltoides,Salicaceae,Malpighiales
Prunus,sargentii,Rosaceae,Rosales
Sassafras,albidum,Lauraceae,Laurales
Styphnolobium,japonicum,Fabaceae,Fabales
Syringa,reticulata,Oleaceae,Lamiales
Ulmus,americana,Ulmaceae,Rosales
Acer,fabri,Sapindaceae,Sapindales
Schima,superba,Theaceae,Ericales
Choerospondias,axillaris,Anacardiaceae,Sapindales
Acer,coriaceifolium,Sapindaceae,Sapindales
Liquidambar,formosana,Altingiaceae,Saxifragales
Elaeocarpus,glabripetalus,Elaeocarpaceae,Oxalidales
Alniphyllum,fortunei,Styracaceae,Ericales
Cinnamomum,parthenoxylon,Lauraceae,Laurales
Cinnamomum,austro-sinensis,Lauraceae,Laurales
Machilus,oculodracontis,Lauraceae,Laurales
Magnolia,yuyuanensis,Magnoliaceae,Magnoliales
Neolitsea,phanerophlebia,Lauraceae,Laurales
Cunninghamia,lanceolata,Cupressaceae,Cupressales
Taxus,chinensis,Taxaceae,Cupressales
Acer,rubrum,Sapindaceae,Sapindales
Ardisia,quinquegona,Primulaceae,Ericales
Magnolia,macclurei,Magnoliaceae,Magnoliales
Magnolia,yunnanensis,Magnoliaceae,Magnoliales
Magnolia,lotungensis,Magnoliaceae,Magnoliales
Magnolia,balansae,Magnoliaceae,Magnoliales
Magnolia,fulva,Magnoliaceae,Magnoliales
Magnolia,cavaleriei,Magnoliaceae,Magnoliales
Manglietia,paruicula,Magnoliaceae,Magnoliales
Magnolia,champaca,Magnoliaceae,Magnoliales
Magnolia,opipara,Magnoliaceae,Magnoliales
Magnolia,maudiae,Magnoliaceae,Magnoliales
Liriodendron,chinense,Magnoliaceae,Magnoliales
Magnolia,ernestii,Magnoliaceae,Magnoliales
Magnolia,grandiflora,Magnoliaceae,Magnoliales
Magnolia,baillonii,Magnoliaceae,Magnoliales
Magnolia,dandyi,Magnoliaceae,Magnoliales
Magnolia,chapensis,Magnoliaceae,Magnoliales
Cryptocarya,chinensis,Lauraceae,Laurales
Machilus,velutina,Lauraceae,Laurales
Machilus,kwangtungensis,Lauraceae,Laurales
Litsea,cubeba,Lauraceae,Laurales
Cinnamomum,camphora,Lauraceae,Laurales
Litsea,verticillata,Lauraceae,Laurales
Cryptocarya,concinna,Lauraceae,Laurales
Machilus,robusta,Lauraceae,Laurales
Neolitsea,cassia,Lauraceae,Laurales
Litsea,baviensis,Lauraceae,Laurales
Ocotea,lancifolia,Lauraceae,Laurales
Orophea,creaghii,Annonaceae,Magnoliales
Helicia,formosana,Proteaceae,Proteales
Syzygium,hancei,Myrtaceae,Myrtales
Syzygium,levinei,Myrtaceae,Myrtales
Eucalyptus,urophylla,Myrtaceae,Myrtales
Syzygium,globiflorum,Myrtaceae,Myrtales
Microtropis,discolor,Celastraceae,Celastrales
Castanea,henryi,Fagaceae,Fagales
Castanopsis,fissa,Fagaceae,Fagales
Quercus,asymmetrica,Fagaceae,Fagales
Castanopsis,hystrix,Fagaceae,Fagales
Castanopsis,echinocarpa,Fagaceae,Fagales
Castanopsis,wattii,Fagaceae,Fagales
Lithocarpus,chiungchungensis,Fagaceae,Fagales
Aporosa,octandra,Phyllanthaceae,Malpighiales
Macaranga,sampsonii,Euphorbiaceae,Malpighiales
Aporosa,yunnanensis,Phyllanthaceae,Malpighiales
Antidesma,maclurei,Phyllanthaceae,Malpighiales
Engelhardia,roxburghiana,Juglandaceae,Fagales
Elaeocarpus,dubius,Elaeocarpaceae,Oxalidales
Ficus,variolosa,Moraceae,Rosales
Artocarpus,styracifolius,Moraceae,Rosales
Gironniera,subaequalis,Cannabaceae,Rosales
Celtis,sinensis,Cannabaceae,Rosales
Canarium,album,Burseraceae,Sapindales
Pistacia,chinensis,Anacardiaceae,Sapindales
Acronychia,pedunculata,Rutaceae,Sapindales
Melicope,pteleifolia,Rutaceae,Sapindales
Nephelium,lappaceum,Sapindaceae,Sapindales
Allophylus,cobbe,Sapindaceae,Sapindales
Vaccinium,mandarinorum,Ericaceae,Ericales
Barringtonia,racemosa,Lecythidaceae,Ericales
Pentaphylax,euryoides,Pentaphylacaceae,Ericales
Polyspora,axillaris,Theaceae,Ericales
Schima,wallichii,Theaceae,Ericales
Alstonia,scholaris,Apocynaceae,Gentianales
Catunaregam,spinosa,Rubiaceae,Gentianales
Wendlandia,uvariifolia,Rubiaceae,Gentianales
Adina,metcalfii,Rubiaceae,Gentianales
Psychotria,asiatica,Rubiaceae,Gentianales
Saprosma,ternatum,Rubiaceae,Gentianales
Osmanthus,didymopetalus,Oleaceae,Lamiales
Tetrapilus,roseus,Oleaceae,Lamiales
Heptapleurum,minutistellatum,Araliaceae,Apiales
Macropanax,undulatus,Araliaceae,Apiales
Pterospermum,acerifolium,Malvaceae,Malvales
Sterculia,lanceolata,Malvaceae,Malvales
Itea,chinensis,Iteaceae,Saxifragales
Garcinia,oblongifolia,Clusiaceae,Malpighiales
Cratoxylum,cochinchinense,Hypericaceae,Malpighiales
Garcinia,cowa,Clusiaceae,Malpighiales
Eriobotrya,japonica,Rosaceae,Rosales
Rhaphiolepis,indica,Rosaceae,Rosales
Archidendron,lucidum,Fabaceae,Fabales
Acacia,crassicarpa,Fabaceae,Fabales
Acacia,mangium,Fabaceae,Fabales
Acacia,auriculiformis,Fabaceae,Fabales
Archidendron,clypearia,Fabaceae,Fabales
Millettia,leptobotrya,Fabaceae,Fabales
Carallia,brachiata,Rhizophoraceae,Malpighiales
Alangium,chinense,Cornaceae,Cornales
Microcos,paniculata,Malvaceae,Malvales
Decaspermum,gracilentum,Myrtaceae,Myrtales
Arenaria,serpyllifolia,Caryophyllaceae,Caryophyllales
Brachypodium,phoenicoides,Poaceae,Poales
Bromus,madritensis,Poaceae,Poales
Bromus,erectus,Poaceae,Poales
Crepis,foetida,Asteraceae,Asterales
Clinopodium,nepeta,Lamiaceae,Lamiales
Daucus,carota,Apiaceae,Apiales
Dactylis,glomerata,Poaceae,Poales
Geranium,rotundifolium,Geraniaceae,Geraniales
Inula,conyza,Asteraceae,Asterales
Medicago,minima,Fabaceae,Fabales
Bituminaria,bituminosa,Fabaceae,Fabales
Picris,hieracioides,Asteraceae,Asterales
Rubia,peregrina,Rubiaceae,Gentianales
Trifolium,angustifolium,Fabaceae,Fabales
Teucrium,chamaedrys,Lamiaceae,Lamiales
Tordylium,maximum,Apiaceae,Apiales
Veronica,persica,Plantaginaceae,Lamiales
Acer,negundo,Sapindaceae,Sapindales
Betula,lenta,Betulaceae,Fagales
Carya,glabra,Juglandaceae,Fagales
Carya,ovata,Juglandaceae,Fagales
Cercis,canadensis,Fabaceae,Fabales
Fagus,grandifolia,Fagaceae,Fagales
Lindera,benzoin,Lauraceae,Laurales
Pinus,pungens,Pinaceae,Pinales
Pinus,strobus,Pinaceae,Pinales
Pinus,virginiana,Pinaceae,Pinales
Populus,grandidentata,Salicaceae,Malpighiales
Prunus,serotina,Rosaceae,Rosales
Quercus,alba,Fagaceae,Fagales
Quercus,rubra,Fagaceae,Fagales
Rhus,typhina,Anacardiaceae,Sapindales
Tilia,americana,Malvaceae,Malvales
Tsuga,canadensis,Pinaceae,Pinales
Ulmus,rubra,Ulmaceae,Rosales
Achillea,millefolium,Asteraceae,Asterales
Agastache,foeniculum,Lamiaceae,Lamiales
Elymus,repens,Poaceae,Poales
Poa,nemoralis,Poaceae,Poales
Agrostis,scabra,Poaceae,Poales
Ambrosia,artemisiifolia,Asteraceae,Asterales
Andropogon,gerardii,Poaceae,Poales
Anemone,cylindrica,Ranunculaceae,Ranunculales
Artemisia,ludoviciana,Asteraceae,Asterales
Asclepias,incarnata,Apocynaceae,Gentianales
Asclepias,syriaca,Apocynaceae,Gentianales
Asclepias,tuberosa,Apocynaceae,Gentianales
Symphyotrichum,oolentangiense,Asteraceae,Asterales
Symphyotrichum,ericoides,Asteraceae,Asterales
Symphyotrichum,laeve,Asteraceae,Asterales
Aster,lanceolatus,Asteraceae,Asterales
Symphyotrichum,novae-angliae,Asteraceae,Asterales
Symphyotrichum,puniceum,Asteraceae,Asterales
Astragalus,canadensis,Fabaceae,Fabales
Baptisia,alba,Fabaceae,Fabales
Berteroa,incana,Brassicaceae,Brassicales
Bouteloua,curtipendula,Poaceae,Poales
Calamagrostis,canadensis,Poaceae,Poales
Sporobolus,rigidus,Poaceae,Poales
Carex,lasiocarpa,Cyperaceae,Poales
Chamaecrista,fasciculata,Fabaceae,Fabales
Chenopodium,album,Amaranthaceae,Caryophyllales
Coreopsis,palmata,Asteraceae,Asterales
Crepis,tectorum,Asteraceae,Asterales
Desmodium,canadense,Fabaceae,Fabales
Elymus,canadensis,Poaceae,Poales
Eragrostis,trichodes,Poaceae,Poales
Erigeron,canadensis,Asteraceae,Asterales
Festuca,ovina,Poaceae,Poales
Festuca,rubra,Poaceae,Poales
Gentiana,andrewsii,Gentianaceae,Gentianales
Hedeoma,hispida,Lamiaceae,Lamiales
Helianthus,giganteus,Asteraceae,Asterales
Helianthus,pauciflorus,Asteraceae,Asterales
Heliopsis,helianthoides,Asteraceae,Asterales
Iris,versicolor,Iridaceae,Asparagales
Koeleria,pyramidata,Poaceae,Poales
Lespedeza,capitata,Fabaceae,Fabales
Liatris,aspera,Asteraceae,Asterales
Lupinus,perennis,Fabaceae,Fabales
Melilotus,officinalis,Fabaceae,Fabales
Monarda,fistulosa,Lamiaceae,Lamiales
Oenothera,biennis,Onagraceae,Myrtales
Panicum,capillare,Poaceae,Poales
Panicum,virgatum,Poaceae,Poales
Penstemon,bradburyi,Plantaginaceae,Lamiales
Dalea,purpurea,Fabaceae,Fabales
Phleum,pratense,Poaceae,Poales
Physalis,virginiana,Solanaceae,Solanales
Poa,pratensis,Poaceae,Poales
Fallopia,convolvulus,Polygonaceae,Caryophyllales
Drymocallis,arguta,Rosaceae,Rosales
Pycnanthemum,virginianum,Lamiaceae,Lamiales
Ratibida,pinnata,Asteraceae,Asterales
Echinacea,serotina,Asteraceae,Asterales
Rumex,acetosella,Polygonaceae,Caryophyllales
Schizachyrium,scoparium,Poaceae,Poales
Cenchrus,americanus,Poaceae,Poales
Solidago,nemoralis,Asteraceae,Asterales
Solidago,ptarmicoides,Asteraceae,Asterales
Solidago,rigida,Asteraceae,Asterales
Solidago,speciosa,Asteraceae,Asterales
Sorghastrum,nutans,Poaceae,Poales
Sporobolus,heterolepis,Poaceae,Poales
Trifolium,pratense,Fabaceae,Fabales
Verbascum,thapsus,Scrophulariaceae,Lamiales
Verbena,hastata,Verbenaceae,Lamiales
Vernonia,fasciculata,Asteraceae,Asterales
Veronicastrum,virginicum,Plantaginaceae,Lamiales
Vicia,villosa,Fabaceae,Fabales
Zizia,aurea,Apiaceae,Apiales
Agrostis,capillaris,Poaceae,Poales
Brachypodium,pinnatum,Poaceae,Poales
Brachypodium,sylvaticum,Poaceae,Poales
Deschampsia,cespitosa,Poaceae,Poales
Holcus,lanatus,Poaceae,Poales
Lolium,arundinaceum,Poaceae,Poales
Lolium,perenne,Poaceae,Poales
Chamaecyparis,obtusa,Cupressaceae,Cupressales
Carex,humulis,Cyperaceae,Poales
Munroa,christianii-bernardii,Poaceae,Poales
Potentilla,pusilla,Rosaceae,Rosales
Hakea,oldfieldii,Proteaceae,Proteales
Hakea,tuberculata,Proteaceae,Proteales
Hakea,ceratophylla,Proteaceae,Proteales
Hakea,varia,Proteaceae,Proteales
Hakea,linearis,Proteaceae,Proteales
Hakea,lissocarpha,Proteaceae,Proteales
Hakea,cyclocarpa,Proteaceae,Proteales
Adiantum,pedatum,Pteridaceae,Polypodiales
Athyrium,monomachii,Athyriaceae,Polypodiales
Athyrium,sinense,Athyriaceae,Polypodiales
Cystopteris,sudetica,Cystopteridaceae,Polypodiales
Equisetum,hyemale,Equisetaceae,Equisetales
Equisetum,pratense,Equisetaceae,Equisetales
Matteuccia,struthiopteris,Onocleaceae,Polypodiales
Onoclea,sensibilis,Onocleaceae,Polypodiales
Athyrium,spinulosum,Athyriaceae,Polypodiales
Juglans,mandshurica,Juglandaceae,Fagales
Phellodendron,amurense,Rutaceae,Sapindales
Euonymus,alatus,Celastraceae,Celastrales
Cornus,officinalis,Cornaceae,Cornales
Cornus,bretschneideri,Cornaceae,Cornales
Sambucus,williamsii,Viburnaceae,Dipsacales
Ardisia,depressa,Primulaceae,Ericales
Eurya,japonica,Pentaphylacaceae,Ericales
Diospyros,strigosa,Ebenaceae,Ericales
Myrsine,seguinii,Primulaceae,Ericales
Betula,utilis,Betulaceae,Fagales
Carpinus,cordata,Betulaceae,Fagales
Betula,dahurica,Betulaceae,Fagales
Lithocarpus,fenestratus,Fagaceae,Fagales
Quercus,aliena,Fagaceae,Fagales
Quercus,variabilis,Fagaceae,Fagales
Quercus,wutaishanica,Fagaceae,Fagales
Aidia,oxyodonta,Rubiaceae,Gentianales
Ginkgo,biloba,Ginkgoaceae,Ginkgoales
Fraxinus,chinensis,Oleaceae,Lamiales
Machilus,breviflora,Lauraceae,Laurales
Machilus,shweliensis,Lauraceae,Laurales
Lindera,communis,Lauraceae,Laurales
Goniothalamus,griffithii,Annonaceae,Magnoliales
Magnolia,championii,Magnoliaceae,Magnoliales
Knema,erratica,Myristicaceae,Magnoliales
Populus,cathayana,Salicaceae,Malpighiales
Salix,caprea,Salicaceae,Malpighiales
Alchornea,tiliifolia,Euphorbiaceae,Malpighiales
Sterculia,monosperma,Malvaceae,Malvales
Tilia,mandshurica,Malvaceae,Malvales
Tilia,mongolica,Malvaceae,Malvales
Memecylon,nigrescens,Melastomataceae,Myrtales
Picea,meyeri,Pinaceae,Pinales
Picea,wilsonii,Pinaceae,Pinales
Pinus,armandii,Pinaceae,Pinales
Pinus,tabuliformis,Pinaceae,Pinales
Ulmus,macrocarpa,Ulmaceae,Rosales
Ulmus,davidiana,Ulmaceae,Rosales
Malus,baccata,Rosaceae,Rosales
Pyrus,betulifolia,Rosaceae,Rosales
Sanguisorba,officinalis,Rosaceae,Rosales
Sorbus,aucuparia,Rosaceae,Rosales
Aphanamixis,polystachya,Meliaceae,Sapindales
Prasoxylon,excelsum,Meliaceae,Sapindales
Acer,davidii,Sapindaceae,Sapindales
Acer,truncatum,Sapindaceae,Sapindales
Rhodoleia,championii,Hamamelidaceae,Saxifragales
Dicranopteris,linearis,Gleicheniaceae,Gleicheniales
Olea,europaea,Oleaceae,Lamiales
Populus,tremuloides,Salicaceae,Malpighiales
Quercus,robur,Fagaceae,Fagales
Abies,alba,Pinaceae,Pinales
Larix,decidua,Pinaceae,Pinales
Picea,abies,Pinaceae,Pinales
Pinus,nigra,Pinaceae,Pinales
Pinus,sylvestris,Pinaceae,Pinales
Pseudotsuga,menziesii,Pinaceae,Pinales
Pinus,elliottii,Pinaceae,Pinales
Agathis,australis,Araucariaceae,Araucariales
Dacrycarpus,dacrydioides,Podocarpaceae,Araucariales
Halocarpus,biformis,Podocarpaceae,Araucariales
Halocarpus,kirkii,Podocarpaceae,Araucariales
Podocarpus,totara,Podocarpaceae,Araucariales
Prumnopitys,taxifolia,Podocarpaceae,Araucariales
Ackama,rosifolia,Cunoniaceae,Oxalidales
Alectryon,excelsus,Sapindaceae,Sapindales
Coprosma,linariifolia,Rubiaceae,Gentianales
Corynocarpus,laevigatus,Corynocarpaceae,Cucurbitales
Dracophyllum,longifolium,Ericaceae,Ericales
Didymocheton,spectabilis,Meliaceae,Sapindales
Elaeocarpus,dentatus,Elaeocarpaceae,Oxalidales
Elaeocarpus,hookerianus,Elaeocarpaceae,Oxalidales
Fuchsia,excorticata,Onagraceae,Myrtales
Nothofagus,solandri,Nothofagaceae,Fagales
Nothofagus,fusca,Nothofagaceae,Fagales
Hoheria,lyallii,Malvaceae,Malvales
Hoheria,sexstylosa,Malvaceae,Malvales
Knightia,excelsa,Proteaceae,Proteales
Kunzea,ericoides,Myrtaceae,Myrtales
Nothofagus,obliqua,Nothofagaceae,Fagales
Metrosideros,excelsa,Myrtaceae,Myrtales
Metrosideros,robusta,Myrtaceae,Myrtales
Myrsine,coriacea,Primulaceae,Ericales
Nestegis,lanceolata,Oleaceae,Lamiales
Olearia,rani,Asteraceae,Asterales
Pennantia,corymbosa,Pennantiaceae,Apiales
Pittosporum,eugenioides,Pittosporaceae,Apiales
Pittosporum,tenuifolium,Pittosporaceae,Apiales
Plagianthus,regius,Malvaceae,Malvales
Neopanax,arboreus,Araliaceae,Apiales
Sophora,microphylla,Fabaceae,Fabales
Syzygium,maire,Myrtaceae,Myrtales
Vitex,lucens,Lamiaceae,Lamiales
Weinmannia,silvicola,Cunoniaceae,Oxalidales
Beilschmiedia,tarairi,Lauraceae,Laurales
Beilschmiedia,tawa,Lauraceae,Laurales
Rhopalostylis,sapida,Arecaceae,Arecales
Alsophila,tricolor,Cyatheaceae,Cyatheales
Sphaeropteris,medullaris,Cyatheaceae,Cyatheales
Alsophila,smithii,Cyatheaceae,Cyatheales
Helianthus,agrestis,Asteraceae,Asterales
Helianthus,angustifolius,Asteraceae,Asterales
Helianthus,annuus,Asteraceae,Asterales
Helianthus,argophyllus,Asteraceae,Asterales
Helianthus,atrorubens,Asteraceae,Asterales
Helianthus,carnosus,Asteraceae,Asterales
Helianthus,cusickii,Asteraceae,Asterales
Helianthus,debilis,Asteraceae,Asterales
Helianthus,floridanus,Asteraceae,Asterales
Helianthus,grosseserratus,Asteraceae,Asterales
Helianthus,heterophyllus,Asteraceae,Asterales
Helianthus,longifolius,Asteraceae,Asterales
Helianthus,maximiliani,Asteraceae,Asterales
Pappobolus,microphyllus,Asteraceae,Asterales
Helianthus,mollis,Asteraceae,Asterales
Helianthus,neglectus,Asteraceae,Asterales
Helianthus,niveus,Asteraceae,Asterales
Helianthus,occidentalis,Asteraceae,Asterales
Helianthus,petiolaris,Asteraceae,Asterales
Helianthus,porteri,Asteraceae,Asterales
Helianthus,praecox,Asteraceae,Asterales
Helianthus,radula,Asteraceae,Asterales
Helianthus,salicifolius,Asteraceae,Asterales
Helianthus,silphioides,Asteraceae,Asterales
Helianthus,verticillatus,Asteraceae,Asterales
Acer,campestre,Sapindaceae,Sapindales
Prunus,avium,Rosaceae,Rosales
Fraxinus,nigra,Oleaceae,Lamiales
Quercus,palustris,Fagaceae,Fagales
Carya,cordiformis,Juglandaceae,Fagales
Quercus,bicolor,Fagaceae,Fagales
Carpinus,caroliniana,Betulaceae,Fagales
Ilex,verticillata,Aquifoliaceae,Aquifoliales
Vitis,vulpina,Vitaceae,Vitales
Podophyllum,peltatum,Berberidaceae,Ranunculales
Betula,pendula,Betulaceae,Fagales
Pleioblastus,amarus,Poaceae,Poales
Berberis,thunbergii,Berberidaceae,Ranunculales
Lonicera,maackii,Caprifoliaceae,Dipsacales
Rubus,phoenicolasius,Rosaceae,Rosales
Rubus,allegheniensis,Rosaceae,Rosales
Viburnum,dentatum,Viburnaceae,Dipsacales
Trifolium,subterraneum,Fabaceae,Fabales
Mytilaria,laosensis,Hamamelidaceae,Saxifragales
Carex,flacca,Cyperaceae,Poales
Centaurea,pectinata,Asteraceae,Asterales
Coronilla,minima,Fabaceae,Fabales
Helianthemum,apenninum,Cistaceae,Malvales
Helianthemum,oelandicum,Cistaceae,Malvales
Pilosella,officinarum,Asteraceae,Asterales
Koeleria,vallesiana,Poaceae,Poales
Lotus,corniculatus,Fabaceae,Fabales
Sanguisorba,minor,Rosaceae,Rosales
Stipa,pennata,Poaceae,Poales
Thymus,dolomiticus,Lamiaceae,Lamiales
Chomelia,psilocarpa,Rubiaceae,Gentianales
Coccoloba,excelsa,Polygonaceae,Caryophyllales
Combretum,decandrum,Combretaceae,Myrtales
Prionostemma,aspera,Celastraceae,Celastrales
Clitoria,javitensis,Fabaceae,Fabales
Tanaecium,pyramidatum,Bignoniaceae,Lamiales
Alseis,blackiana,Rubiaceae,Gentianales
Coccoloba,manzinellensis,Polygonaceae,Caryophyllales
Terminalia,amazonia,Combretaceae,Myrtales
Maytenus,schippii,Celastraceae,Celastrales
Platypodium,elegans,Fabaceae,Fabales
Handroanthus,guayacan,Bignoniaceae,Lamiales
Larix,kaempferi,Pinaceae,Pinales
Apodytes,dimidiata,Metteniusaceae,Metteniusales
Calpurnia,aurea,Fabaceae,Fabales
Dovyalis,abyssinica,Salicaceae,Malpighiales
Gymnosporia,arbutifolia,Celastraceae,Celastrales
Afrocarpus,falcatus,Podocarpaceae,Araucariales
Allophylus,abyssinicus,Sapindaceae,Sapindales
Noronhia,mildbraedii,Oleaceae,Lamiales
Combretum,collinum,Combretaceae,Myrtales
Ekebergia,capensis,Meliaceae,Sapindales
Vepris,nobilis,Rutaceae,Sapindales
Pinus,koraiensis,Pinaceae,Pinales
Picea,koraiensis,Pinaceae,Pinales
Festuca,christianii-bernardii,Poaceae,Poales
Ilex,macropoda,Aquifoliaceae,Aquifoliales
Ilex,pedunculosa,Aquifoliaceae,Aquifoliales
Quercus,serrata,Fagaceae,Fagales
Quercus,glauca,Fagaceae,Fagales
Nothofagus,menziesii,Nothofagaceae,Fagales
Laurelia,novae-zelandiae,Atherospermataceae,Laurales
Bromus,catharticus,Poaceae,Poales
Bromus,inermis,Poaceae,Poales
Cichorium,intybus,Asteraceae,Asterales
Elymus,virginicus,Poaceae,Poales
Medicago,sativa,Fabaceae,Fabales
Phalaris,arundinacea,Poaceae,Poales
Plantago,lanceolata,Plantaginaceae,Lamiales
Taraxacum,campylodes,Asteraceae,Asterales
Trifolium,purpureum,Fabaceae,Fabales
Trifolium,repens,Fabaceae,Fabales
Vicia,americana,Fabaceae,Fabales
Alnus,glutinosa,Betulaceae,Fagales
Anthyllis,cytisoides,Fabaceae,Fabales
Anthyllis,terniflora,Fabaceae,Fabales
Arbutus,unedo,Ericaceae,Ericales
Armeria,velutina,Plumbaginaceae,Caryophyllales
Artemisia,barrelieri,Asteraceae,Asterales
Atractylis,humilis,Asteraceae,Asterales
Pseudodictamnus,hirsutus,Lamiaceae,Lamiales
Calluna,vulgaris,Ericaceae,Ericales
Celtis,australis,Cannabaceae,Rosales
Cistus,albidus,Cistaceae,Malvales
Cistus,crispus,Cistaceae,Malvales
Cistus,ladanifer,Cistaceae,Malvales
Cistus,libanotis,Cistaceae,Malvales
Cistus,monspeliensis,Cistaceae,Malvales
Cistus,salviifolius,Cistaceae,Malvales
Coronilla,juncea,Fabaceae,Fabales
Crataegus,monogyna,Rosaceae,Rosales
Cydonia,oblonga,Rosaceae,Rosales
Cytisus,grandiflorus,Fabaceae,Fabales
Ephedra,fragilis,Ephedraceae,Ephedrales
Erica,arborea,Ericaceae,Ericales
Erica,scoparia,Ericaceae,Ericales
Ficus,carica,Moraceae,Rosales
Fraxinus,angustifolia,Oleaceae,Lamiales
Fumana,thymifolia,Cistaceae,Malvales
Genista,hirsuta,Fabaceae,Fabales
Genista,triacanthos,Fabaceae,Fabales
Cistus,calycinus,Cistaceae,Malvales
Cistus,halimifolius,Cistaceae,Malvales
Hedera,helix,Araliaceae,Apiales
Helianthemum,almeriense,Cistaceae,Malvales
Helianthemum,syriacum,Cistaceae,Malvales
Helichrysum,italicum,Asteraceae,Asterales
Helichrysum,stoechas,Asteraceae,Asterales
Chrysojasminum,fruticans,Oleaceae,Lamiales
Juniperus,phoenicea,Cupressaceae,Cupressales
Launaea,arborescens,Asteraceae,Asterales
Lavandula,multifida,Lamiaceae,Lamiales
Myrtus,communis,Myrtaceae,Myrtales
Nerium,oleander,Apocynaceae,Gentianales
Osyris,alba,Santalaceae,Santalales
Phillyrea,angustifolia,Oleaceae,Lamiales
Phillyrea,latifolia,Oleaceae,Lamiales
Phlomis,purpurea,Lamiaceae,Lamiales
Pinus,pinea,Pinaceae,Pinales
Pistacia,lentiscus,Anacardiaceae,Sapindales
Pistacia,terebinthus,Anacardiaceae,Sapindales
Populus,alba,Salicaceae,Malpighiales
Pyrus,bourgaeana,Rosaceae,Rosales
Quercus,canariensis,Fagaceae,Fagales
Quercus,coccifera,Fagaceae,Fagales
Quercus,faginea,Fagaceae,Fagales
Quercus,ilex,Fagaceae,Fagales
Quercus,suber,Fagaceae,Fagales
Rhamnus,alaternus,Rhamnaceae,Rosales
Rhamnus,lycioides,Rhamnaceae,Rosales
Rhododendron,ponticum,Ericaceae,Ericales
Rosa,canina,Rosaceae,Rosales
Salvia,rosmarinus,Lamiaceae,Lamiales
Rubus,ulmifolius,Rosaceae,Rosales
Salix,atrocinerea,Salicaceae,Malpighiales
Sideritis,pusilla,Lamiaceae,Lamiales
Smilax,aspera,Smilacaceae,Liliales
Stauracanthus,genistoides,Fabaceae,Fabales
Teucrium,charidemi,Lamiaceae,Lamiales
Teucrium,fruticans,Lamiaceae,Lamiales
Thymelaea,hirsuta,Thymelaeaceae,Malvales
Thymus,hyemalis,Lamiaceae,Lamiales
Thymus,mastichina,Lamiaceae,Lamiales
Ulex,parviflorus,Fabaceae,Fabales
Ulmus,minor,Ulmaceae,Rosales
Viburnum,tinus,Viburnaceae,Dipsacales
Vitis,vinifera,Vitaceae,Vitales
Withania,frutescens,Solanaceae,Solanales
Allium,textile,Amaryllidaceae,Asparagales
Amelanchier,alnifolia,Rosaceae,Rosales
Androsace,occidentalis,Primulaceae,Ericales
Lygodesmia,juncea,Asteraceae,Asterales
Antennaria,neglecta,Asteraceae,Asterales
Antennaria,parvifolia,Asteraceae,Asterales
Arnica,fulgens,Asteraceae,Asterales
Arnica,sororia,Asteraceae,Asterales
Artemisia,cana,Asteraceae,Asterales
Artemisia,frigida,Asteraceae,Asterales
Symphyotrichum,ciliolatum,Asteraceae,Asterales
Symphyotrichum,falcatum,Asteraceae,Asterales
Astragalus,aboriginum,Fabaceae,Fabales
Astragalus,bisulcatus,Fabaceae,Fabales
Astragalus,agrestis,Fabaceae,Fabales
Bouteloua,gracilis,Poaceae,Poales
Campanula,rotundifolia,Campanulaceae,Asterales
Carex,filifolia,Cyperaceae,Poales
Carex,obtusata,Cyperaceae,Poales
Cerastium,arvense,Caryophyllaceae,Caryophyllales
Comandra,umbellata,Santalaceae,Santalales
Danthonia,intermedia,Poaceae,Poales
Descurainia,sophia,Brassicaceae,Brassicales
Draba,nemorosa,Brassicaceae,Brassicales
Elaeagnus,commutata,Elaeagnaceae,Rosales
Elymus,lanceolatus,Poaceae,Poales
Erigeron,glabellus,Asteraceae,Asterales
Erigeron,pumilus,Asteraceae,Asterales
Erysimum,inconspicuum,Brassicaceae,Brassicales
Krascheninnikovia,ceratoides,Amaranthaceae,Caryophyllales
Festuca,hallii,Poaceae,Poales
Galium,boreale,Rubiaceae,Gentianales
Gutierrezia,sarothrae,Asteraceae,Asterales
Xanthisma,spinulosum,Asteraceae,Asterales
Chrysopsis,villosa,Asteraceae,Asterales
Heuchera,richardsonii,Saxifragaceae,Saxifragales
Hymenoxys,richardsonii,Asteraceae,Asterales
Koeleria,macrantha,Poaceae,Poales
Lactuca,tatarica,Asteraceae,Asterales
Lathyrus,venosus,Fabaceae,Fabales
Lepidium,densiflorum,Brassicaceae,Brassicales
Linum,lewisii,Linaceae,Malpighiales
Musineon,divaricatum,Apiaceae,Apiales
Nassella,viridula,Poaceae,Poales
Orthocarpus,luteus,Orobanchaceae,Lamiales
Oxytropis,sericea,Fabaceae,Fabales
Penstemon,confertus,Plantaginaceae,Lamiales
Penstemon,nitidus,Plantaginaceae,Lamiales
Penstemon,procerus,Plantaginaceae,Lamiales
Phlox,hoodii,Polemoniaceae,Ericales
Plantago,patagonica,Plantaginaceae,Lamiales
Poa,cusickii,Poaceae,Poales
Puccinellia,rupestris,Poaceae,Poales
Rosa,arkansana,Rosaceae,Rosales
Solidago,missouriensis,Asteraceae,Asterales
Sphaeralcea,coccinea,Malvaceae,Malvales
Hesperostipa,comata,Poaceae,Poales
Hesperostipa,spartea,Poaceae,Poales
Symphoricarpos,occidentalis,Caprifoliaceae,Dipsacales
Thermopsis,rhombifolia,Fabaceae,Fabales
Tragopogon,dubius,Asteraceae,Asterales
Viola,adunca,Violaceae,Malpighiales
Toxicoscordion,venenosum,Melanthiaceae,Liliales
Aglaia,exstipulata,Meliaceae,Sapindales
Aglaia,odoratissima,Meliaceae,Sapindales
Anaxagorea,javanica,Annonaceae,Magnoliales
Aporosa,subcaudata,Phyllanthaceae,Malpighiales
Blumeodendron,tokbrai,Euphorbiaceae,Malpighiales
Galearia,maingayi,Pandaceae,Malpighiales
Hypobathrum,racemosum,Rubiaceae,Gentianales
Pentaspadon,motleyi,Anacardiaceae,Sapindales
Rubroshorea,acuminata,Dipterocarpaceae,Malvales
Rubroshorea,leprosula,Dipterocarpaceae,Malvales
Richetia,multiflora,Dipterocarpaceae,Malvales
Magnolia,macrophylla,Magnoliaceae,Magnoliales
Magnolia,virginiana,Magnoliaceae,Magnoliales
Nyssa,aquatica,Nyssaceae,Cornales
Platanus,acerifolia,Platanaceae,Proteales
Leymus,chinensis,Poaceae,Poales
Stipa,krylovii,Poaceae,Poales
Agropyron,cristatum,Poaceae,Poales
Cleistogenes,squarrosa,Poaceae,Poales
Carex,korshinskyi,Cyperaceae,Poales
Potentilla,acaulis,Rosaceae,Rosales
Potentilla,tenacetifolia,Rosaceae,Rosales
Sibbaldianthe,bifurca,Rosaceae,Rosales
Lespedeza,davurica,Fabaceae,Fabales
Medicago,ruthenica,Fabaceae,Fabales
Astragalus,scaberrimus,Fabaceae,Fabales
Allium,tenuissimum,Amaryllidaceae,Asparagales
Allium,bidentatum,Amaryllidaceae,Asparagales
Chamaerhodos,erecta,Rosaceae,Rosales
Protium,aracouchini,Burseraceae,Sapindales
Protium,giganteum,Burseraceae,Sapindales
Protium,opacum,Burseraceae,Sapindales
Protium,sagotianum,Burseraceae,Sapindales
Protium,subserratum,Burseraceae,Sapindales
Licania,irwinii,Chrysobalanaceae,Malpighiales
Licania,micrantha,Chrysobalanaceae,Malpighiales
Licania,ovalifolia,Chrysobalanaceae,Malpighiales
Inga,loubryana,Fabaceae,Fabales
Inga,rubiginosa,Fabaceae,Fabales
Inga,stipularis,Fabaceae,Fabales
Ocotea,nigra,Lauraceae,Laurales
Unonopsis,rufescens,Annonaceae,Magnoliales
Sextonia,rubra,Lauraceae,Laurales
Eschweilera,coriacea,Lecythidaceae,Ericales
Eriotheca,longitubulosa,Malvaceae,Malvales
Eriotheca,surinamensis,Malvaceae,Malvales
Eugenia,sinemariensis,Myrtaceae,Myrtales
Micropholis,egensis,Sapotaceae,Ericales
Micropholis,guyanensis,Sapotaceae,Ericales
Micropholis,venulosa,Sapotaceae,Ericales
Mallotus,paniculatus,Euphorbiaceae,Malpighiales
Blastus,cochinchinensis,Melastomataceae,Myrtales
Sarcandra,glabra,Chloranthaceae,Chloranthales
Alchornea,trewioides,Euphorbiaceae,Malpighiales
Calamus,rhabdocladus,Arecaceae,Arecales
Cibotium,barometz,Cibotiaceae,Cyatheales
Dicranopteris,pedata,Gleicheniaceae,Gleicheniales
Machilus,nanmu,Lauraceae,Laurales
Syzygium,jambos,Myrtaceae,Myrtales
Blechnopsis,orientalis,Blechnaceae,Polypodiales
Syzygium,acuminatissimum,Myrtaceae,Myrtales
Heptapleurum,heptaphyllum,Araliaceae,Apiales
Caryota,maxima,Arecaceae,Arecales
Podocarpus,neriifolius,Podocarpaceae,Araucariales
Sorbus,discolor,Rosaceae,Rosales
Eleutherococcus,senticosus,Araliaceae,Apiales
Deutzia,grandiflora,Hydrangeaceae,Cornales
Nabalus,tatarinowii,Asteraceae,Asterales
Aster,scaber,Asteraceae,Asterales
Lespedeza,bicolor,Fabaceae,Fabales
Saussurea,mongolica,Asteraceae,Asterales
Veratrum,nigrum,Melanthiaceae,Liliales
Convallaria,majalis,Asparagaceae,Asparagales
Zabelia,biflora,Caprifoliaceae,Dipsacales
Asparagus,schoberioides,Asparagaceae,Asparagales
Agrimonia,pilosa,Rosaceae,Rosales
Veronica,spuria,Plantaginaceae,Lamiales
Astilbe,rubra,Saxifragaceae,Saxifragales
Corylus,sieboldiana,Betulaceae,Fagales
Aster,tataricus,Asteraceae,Asterales
Acer,pictum,Sapindaceae,Sapindales
Vitis,amurensis,Vitaceae,Vitales
Prunus,armeniaca,Rosaceae,Rosales
Rubus,crataegifolius,Rosaceae,Rosales
Rhamnus,davurica,Rhamnaceae,Rosales
Spiraea,ouensanensis,Rosaceae,Rosales
Galium,aparine,Rubiaceae,Gentianales
Saussurea,nivea,Asteraceae,Asterales
Ulmus,pumila,Ulmaceae,Rosales
Prunus,padus,Rosaceae,Rosales
Rosa,acicularis,Rosaceae,Rosales
Salix,abscondita,Salicaceae,Malpighiales
Salix,viminalis,Salicaceae,Malpighiales
Rubus,irritans,Rosaceae,Rosales
Spiraea,dahurica,Rosaceae,Rosales
Populus,suaveolens,Salicaceae,Malpighiales
Juniperus,sabina,Cupressaceae,Cupressales
Pinus,pumila,Pinaceae,Pinales
Betula,fruticosa,Betulaceae,Fagales
Diplospora,dubia,Rubiaceae,Gentianales
Styrax,suberifolius,Styracaceae,Ericales
Iris,japonica,Iridaceae,Asparagales
Daphniphyllum,pentandrum,Daphniphyllaceae,Saxifragales
Litsea,elongata,Lauraceae,Laurales
Rubus,rosifolius,Rosaceae,Rosales
Chloranthus,henryi,Chloranthaceae,Chloranthales
Dryopteris,lepidopoda,Dryopteridaceae,Polypodiales
Dryopteris,sparsa,Dryopteridaceae,Polypodiales
Trachelospermum,axillare,Apocynaceae,Gentianales
Cryptomeria,japonica,Cupressaceae,Cupressales
Smilax,trinervula,Smilacaceae,Liliales
Strobilanthes,dimorphotricha,Acanthaceae,Lamiales
Wurfbainia,villosa,Zingiberaceae,Zingiberales
Alpinia,japonica,Zingiberaceae,Zingiberales
Castanopsis,fargesii,Fagaceae,Fagales
Castanopsis,eyrei,Fagaceae,Fagales
Embelia,vestita,Primulaceae,Ericales
Parthenocissus,quinquefolia,Vitaceae,Vitales
Blastus,pauciflorus,Melastomataceae,Myrtales
Dendropanax,dentigerus,Araliaceae,Apiales
Ardisia,japonica,Primulaceae,Ericales
Oreocnide,frutescens,Urticaceae,Rosales
Abies,nephrolepis,Pinaceae,Pinales
Philadelphus,incanus,Hydrangeaceae,Cornales
Betula,costata,Betulaceae,Fagales
Actinidia,kolomikta,Actinidiaceae,Ericales
Deutzia,glabrata,Hydrangeaceae,Cornales
Acer,caudatum,Sapindaceae,Sapindales
Euonymus,verrucosus,Celastraceae,Celastrales
Caltha,palustris,Ranunculaceae,Ranunculales
Acer,tegmentosum,Sapindaceae,Sapindales
Filipendula,digitata,Rosaceae,Rosales
Saussurea,amurensis,Asteraceae,Asterales
Tilia,amurensis,Malvaceae,Malvales
Lithocarpus,cleistocarpus,Fagaceae,Fagales
Sanicula,orthacantha,Apiaceae,Apiales
Corylus,ferox,Betulaceae,Fagales
Astilbe,rivularis,Saxifragaceae,Saxifragales
Cornus,controversa,Cornaceae,Cornales
Quercus,multinervis,Fagaceae,Fagales
Rhododendron,hypoglaucum,Ericaceae,Ericales
Salvia,chinensis,Lamiaceae,Lamiales
Cornus,ulotricha,Cornaceae,Cornales
Pteridium,aquilinum,Dennstaedtiaceae,Polypodiales
Euptelea,pleiosperma,Eupteleaceae,Ranunculales
Coriaria,nepalensis,Coriariaceae,Cucurbitales
Quercus,oxyodon,Fagaceae,Fagales
Lespedeza,thunbergii,Fabaceae,Fabales
Fagus,engleriana,Fagaceae,Fagales
Schoepfia,jasminodora,Schoepfiaceae,Santalales
Lindera,obtusiloba,Lauraceae,Laurales
Actaea,cimicifuga,Ranunculaceae,Ranunculales
Cornus,kousa,Cornaceae,Cornales
Anaphalis,aureopunctata,Asteraceae,Asterales
Cotoneaster,adpressus,Rosaceae,Rosales
Solidago,decurrens,Asteraceae,Asterales
Litsea,ichangensis,Lauraceae,Laurales
Acer,campbellii,Sapindaceae,Sapindales
Tilia,oliveri,Malvaceae,Malvales
Hosta,ventricosa,Asparagaceae,Asparagales
Osmunda,japonica,Osmundaceae,Osmundales
Phlomoides,umbrosa,Lamiaceae,Lamiales
Acer,tataricum,Sapindaceae,Sapindales
Dioscorea,nipponica,Dioscoreaceae,Dioscoreales
Rubus,idaeus,Rosaceae,Rosales
Adenocaulon,himalaicum,Asteraceae,Asterales
Rosa,xanthina,Rosaceae,Rosales
Lonicera,chrysantha,Caprifoliaceae,Dipsacales
Cotoneaster,acutifolius,Rosaceae,Rosales
Caulophyllum,robustum,Berberidaceae,Ranunculales
Anaphalis,hancockii,Asteraceae,Asterales
Artemisia,mongolica,Asteraceae,Asterales
Cotoneaster,multiflorus,Rosaceae,Rosales
Artemisia,igniaria,Asteraceae,Asterales
Crataegus,pinnatifida,Rosaceae,Rosales
Potentilla,indica,Rosaceae,Rosales
Adina,pilulifera,Rubiaceae,Gentianales
Thalictrum,simplex,Ranunculaceae,Ranunculales
Lamium,album,Lamiaceae,Lamiales
Acer,barbinerve,Sapindaceae,Sapindales
Quercus,mongolica,Fagaceae,Fagales
Acer,triflorum,Sapindaceae,Sapindales
Pinus,massoniana,Pinaceae,Pinales
Saurauia,herthae,Actinidiaceae,Ericales
Viburnum,stipitatum,Viburnaceae,Dipsacales
Tapirira,guianensis,Anacardiaceae,Sapindales
Ilex,teratopis,Aquifoliaceae,Aquifoliales
Critoniopsis,floribunda,Asteraceae,Asterales
Clusia,alata,Clusiaceae,Malpighiales
Clusia,ducuoides,Clusiaceae,Malpighiales
Weinmannia,fagaroides,Cunoniaceae,Oxalidales
Weinmannia,microphylla,Cunoniaceae,Oxalidales
Weinmannia,ovata,Cunoniaceae,Oxalidales
Dussia,tessmannii,Fabaceae,Fabales
Inga,extra-nodis,Fabaceae,Fabales
Inga,marginata,Fabaceae,Fabales
Aniba,coto,Lauraceae,Laurales
Aniba,muca,Lauraceae,Laurales
Endlicheria,oreocola,Lauraceae,Laurales
Endlicheria,ruforamula,Lauraceae,Laurales
Ocotea,aciphylla,Lauraceae,Laurales
Ocotea,andina,Lauraceae,Laurales
Ocotea,pedanomischa,Lauraceae,Laurales
Persea,weberbaueri,Lauraceae,Laurales
Persea,areolatocostae,Lauraceae,Laurales
Ocotea,cuneifolia,Lauraceae,Laurales
Graffenrieda,emarginata,Melastomataceae,Myrtales
Meriania,franciscana,Melastomataceae,Myrtales
Miconia,calophylla,Melastomataceae,Myrtales
Miconia,crebribullata,Melastomataceae,Myrtales
Cedrela,montana,Meliaceae,Sapindales
Guarea,kunthiana,Meliaceae,Sapindales
Ruagea,glabra,Meliaceae,Sapindales
Trichilia,septentrionalis,Meliaceae,Sapindales
Ficus,citrifolia,Moraceae,Rosales
Ficus,sodiroi,Moraceae,Rosales
Ficus,pertusa,Moraceae,Rosales
Ficus,tonduzii,Moraceae,Rosales
Morus,insignis,Moraceae,Rosales
Pseudolmedia,rigida,Moraceae,Rosales
Eugenia,florida,Myrtaceae,Myrtales
Myrcianthes,rhopaloides,Myrtaceae,Myrtales
Hieronyma,asperifolia,Phyllanthaceae,Malpighiales
Hieronyma,fendleri,Phyllanthaceae,Malpighiales
Piper,arboreum,Piperaceae,Piperales
Podocarpus,oleifolius,Podocarpaceae,Araucariales
Prumnopitys,montana,Podocarpaceae,Araucariales
Prunus,herthae,Rosaceae,Rosales
Prunus,opaca,Rosaceae,Rosales
Bathysa,australis,Rubiaceae,Gentianales
Faramea,bangii,Rubiaceae,Gentianales
Palicourea,stenosepala,Rubiaceae,Gentianales
Palicourea,thyrsiflora,Rubiaceae,Gentianales
Palicourea,tinctoria,Rubiaceae,Gentianales
Matayba,inelegans,Sapindaceae,Sapindales
Pouteria,austin-smithii,Sapotaceae,Ericales
Picrasma,longistaminea,Simaroubaceae,Sapindales
Siparuna,aspera,Siparunaceae,Laurales
Cestrum,schlechtendalii,Solanaceae,Solanales
Turpinia,occidentalis,Staphyleaceae,Crossosomatales
Gordonia,fruticosa,Theaceae,Ericales
Cecropia,angustifolia,Urticaceae,Rosales
Myriocarpa,stipitata,Urticaceae,Rosales
Leonia,glycycarpa,Violaceae,Malpighiales
Sciodaphyllum,acuminatum,Araliaceae,Apiales
Oreopanax,sessiliflorus,Araliaceae,Apiales
Critoniopsis,pycnantha,Asteraceae,Asterales
Matayba,peruviana,Sapindaceae,Sapindales
Dacryodes,peruviana,Burseraceae,Sapindales
Trattinnickia,lawrancei,Burseraceae,Sapindales
Hedyosmum,purpurascens,Chloranthaceae,Chloranthales
Licania,harlingii,Chrysobalanaceae,Malpighiales
Clusia,elliptica,Clusiaceae,Malpighiales
Weinmannia,magnifolia,Cunoniaceae,Oxalidales
Sloanea,grandiflora,Elaeocarpaceae,Oxalidales
Sloanea,rufa,Elaeocarpaceae,Oxalidales
Sapium,stylare,Euphorbiaceae,Malpighiales
Inga,nobilis,Fabaceae,Fabales
Inga,umbellifera,Fabaceae,Fabales
Roucheria,columbiana,Linaceae,Malpighiales
Persea,ferruginea,Lauraceae,Laurales
Ocotea,infrafoveolata,Lauraceae,Laurales
Aiouea,montana,Lauraceae,Laurales
Graffenrieda,uribei,Melastomataceae,Myrtales
Miconia,punctata,Melastomataceae,Myrtales
Pleroma,ochypetalum,Melastomataceae,Myrtales
Andesanthus,lepidotus,Melastomataceae,Myrtales
Miconia,jahnii,Melastomataceae,Myrtales
Graffenrieda,harlingii,Melastomataceae,Myrtales
Centronia,laurifolia,Melastomataceae,Myrtales
Miconia,radula,Melastomataceae,Myrtales
Miconia,dolichorrhyncha,Melastomataceae,Myrtales
Guarea,macrophylla,Meliaceae,Sapindales
Guarea,subandina,Meliaceae,Sapindales
Pseudolmedia,laevigata,Moraceae,Rosales
Helicostylis,tovarensis,Moraceae,Rosales
Clarisia,racemosa,Moraceae,Rosales
Helicostylis,tomentosa,Moraceae,Rosales
Pseudolmedia,laevis,Moraceae,Rosales
Clarisia,biflora,Moraceae,Rosales
Ficus,apollinaris,Moraceae,Rosales
Myrica,pubescens,Myricaceae,Fagales
Myrsine,andina,Primulaceae,Ericales
Geissanthus,vanderwerffii,Primulaceae,Ericales
Hieronyma,oblonga,Phyllanthaceae,Malpighiales
Hieronyma,macrocarpa,Phyllanthaceae,Malpighiales
Picramnia,latifolia,Picramniaceae,Picramniales
Ladenbergia,riveroana,Rubiaceae,Gentianales
Hedyosmum,goudotianum,Chloranthaceae,Chloranthales
Heliocarpus,americanus,Malvaceae,Malvales
Naucleopsis,francisci,Moraceae,Rosales
Clethra,revoluta,Clethraceae,Ericales
Ilex,laurina,Aquifoliaceae,Aquifoliales
Ocotea,rotundata,Lauraceae,Laurales
Siparuna,muricata,Siparunaceae,Laurales
Weinmannia,elliptica,Cunoniaceae,Oxalidales
Grias,peruviana,Lecythidaceae,Ericales
Pourouma,cecropiifolia,Urticaceae,Rosales
Carex,tibetikobresia,Cyperaceae,Poales
Carex,pseuduncinoides,Cyperaceae,Poales
Carex,atrofusca,Cyperaceae,Poales
Carex,coriophora,Cyperaceae,Poales
Theobroma,cacao,Malvaceae,Malvales
Calocedrus,decurrens,Cupressaceae,Cupressales
Callitropsis,nootkatensis,Cupressaceae,Cupressales
Juniperus,chinensis,Cupressaceae,Cupressales
Juniperus,communis,Cupressaceae,Cupressales
Metasequoia,glyptostroboides,Cupressaceae,Cupressales
Microbiota,decussata,Cupressaceae,Cupressales
Platycladus,orientalis,Cupressaceae,Cupressales
Sequoiadendron,giganteum,Cupressaceae,Cupressales
Taxodium,distichum,Cupressaceae,Cupressales
Thuja,occidentalis,Cupressaceae,Cupressales
Cedrus,libani,Pinaceae,Pinales
Cephalotaxus,harringtonii,Cephalotaxaceae,Pinales
Taxus,cuspidata,Taxaceae,Cupressales
Torreya,californica,Taxaceae,Cupressales
Torreya,nucifera,Taxaceae,Cupressales
Agathis,moorei,Araucariaceae,Araucariales
Araucaria,luxurians,Araucariaceae,Araucariales
Araucaria,rulei,Araucariaceae,Araucariales
Cycas,nathorstii,Cycadaceae,Cycadales
Cycas,panzhihuaensis,Cycadaceae,Cycadales
Gnetum,gnemon,Gnetaceae,Gnetales
Dacrydium,balansae,Podocarpaceae,Araucariales
Nageia,nagi,Podocarpaceae,Araucariales
Dioon,rzedowskii,Zamiaceae,Cycadales
Encephalartos,gratus,Zamiaceae,Cycadales
Zamia,lucayana,Zamiaceae,Cycadales
Chamaecyparis,pisifera,Cupressaceae,Cupressales
Ephedra,distachya,Ephedraceae,Ephedrales
Pinus,resinosa,Pinaceae,Pinales
Sciadopitys,verticillata,Sciadopityaceae,Cupressales
Ficus,maclellandii,Moraceae,Rosales
Phoebe,lanceolata,Lauraceae,Laurales
Glochidion,eriocarpum,Phyllanthaceae,Malpighiales
Litsea,szemaois,Lauraceae,Laurales
Ficus,langkokensis,Moraceae,Rosales
Barringtonia,fusicarpa,Lecythidaceae,Ericales
Micromelum,integerrimum,Rutaceae,Sapindales
Baccaurea,ramiflora,Phyllanthaceae,Malpighiales
Castanopsis,indica,Fagaceae,Fagales
Litsea,panamanja,Lauraceae,Laurales
Ficus,vasculosa,Moraceae,Rosales
Ficus,simplicissima,Moraceae,Rosales
Monoon,simiarum,Annonaceae,Magnoliales
Phoebe,puwenensis,Lauraceae,Laurales
Toxicodendron,acuminatum,Anacardiaceae,Sapindales
Cinnamomum,glanduliferum,Lauraceae,Laurales
Lindera,metcalfiana,Lauraceae,Laurales
Machilus,rufipes,Lauraceae,Laurales
Litsea,umbellata,Lauraceae,Laurales
Croton,kongensis,Euphorbiaceae,Malpighiales
Castanopsis,fleuryi,Fagaceae,Fagales
Lithocarpus,variolosus,Fagaceae,Fagales
Canarium,subulatum,Burseraceae,Sapindales
Acer,laurinum,Sapindaceae,Sapindales
Lepisanthes,senegalensis,Sapindaceae,Sapindales
Imbralyx,leptobotrys,Fabaceae,Fabales
Litsea,salicifolia,Lauraceae,Laurales
Castanopsis,calathiformis,Fagaceae,Fagales
Machilus,tenuipilis,Lauraceae,Laurales
Actinodaphne,henryi,Lauraceae,Laurales
Lithocarpus,elegans,Fagaceae,Fagales
Engelhardia,spicata,Juglandaceae,Fagales
Planchonella,grandifolia,Sapotaceae,Ericales
Litsea,martabanica,Lauraceae,Laurales
Cleidion,brevipetiolatum,Euphorbiaceae,Malpighiales
Harpullia,cupanioides,Sapindaceae,Sapindales
Celtis,timorensis,Cannabaceae,Rosales
Cryptocarya,acutifolia,Lauraceae,Laurales
Celtis,tetrandra,Cannabaceae,Rosales
Lithocarpus,bacgiangensis,Fagaceae,Fagales
Antiaris,toxicaria,Moraceae,Rosales
Symplocos,cochinchinensis,Symplocaceae,Ericales
Glochidion,lanceolarium,Phyllanthaceae,Malpighiales
Xanthophyllum,flavescens,Polygalaceae,Fabales
Garcinia,xanthochymus,Clusiaceae,Malpighiales
Castanopsis,boisii,Fagaceae,Fagales
Castanopsis,ferox,Fagaceae,Fagales
Semecarpus,reticulata,Anacardiaceae,Sapindales
Horsfieldia,amygdalina,Myristicaceae,Magnoliales
Pseuduvaria,trimera,Annonaceae,Magnoliales
Artocarpus,lakoocha,Moraceae,Rosales
Garuga,floribunda,Burseraceae,Sapindales
Litsea,mollis,Lauraceae,Laurales
Alseodaphnopsis,andersonii,Lauraceae,Laurales
Cryptocarya,yunnanensis,Lauraceae,Laurales
Ficus,fistulosa,Moraceae,Rosales
Pometia,pinnata,Sapindaceae,Sapindales
Cinnamomum,contractum,Lauraceae,Laurales
Mitrephora,tomentosa,Annonaceae,Magnoliales
Cryptocarya,brachythyrsa,Lauraceae,Laurales
Ailanthus,fordii,Simaroubaceae,Sapindales
Beilschmiedia,purpurascens,Lauraceae,Laurales
Engelhardia,serrata,Juglandaceae,Fagales
Litsea,glutinosa,Lauraceae,Laurales
Lithocarpus,fohaiensis,Fagaceae,Fagales
Agouticarpa,curviflora,Rubiaceae,Gentianales
Kutchubaea,oocarpa,Rubiaceae,Gentianales
Cordiera,myrciifolia,Rubiaceae,Gentianales
Allantoma,lineata,Lecythidaceae,Ericales
Amaioua,glomerulata,Rubiaceae,Gentianales
Alibertia,edulis,Rubiaceae,Gentianales
Amaioua,guianensis,Rubiaceae,Gentianales
Aniba,guianensis,Lauraceae,Laurales
Aniba,hostmanniana,Lauraceae,Laurales
Aniba,terminalis,Lauraceae,Laurales
Blepharocalyx,eggersii,Myrtaceae,Myrtales
Alibertia,claviflora,Rubiaceae,Gentianales
Brosimum,lactescens,Moraceae,Rosales
Brosimum,rubescens,Moraceae,Rosales
Brosimum,utile,Moraceae,Rosales
Calycolpus,goetheanus,Myrtaceae,Myrtales
Myrcia,crebra,Myrtaceae,Myrtales
Myrcia,cuspidata,Myrtaceae,Myrtales
Myrcia,neospeciosa,Myrtaceae,Myrtales
Syzygium,borbonicum,Myrtaceae,Myrtales
Catostemma,sclerophyllum,Malvaceae,Malvales
Chomelia,tenuiflora,Rubiaceae,Gentianales
Chromolucuma,rubriflora,Sapotaceae,Ericales
Chrysophyllum,sanguinolentum,Sapotaceae,Ericales
Corythophora,alta,Lecythidaceae,Ericales
Couepia,magnoliifolia,Chrysobalanaceae,Malpighiales
Endlicheria,anomala,Lauraceae,Laurales
Endlicheria,arenosa,Lauraceae,Laurales
Endlicheria,bracteolata,Lauraceae,Laurales
Endlicheria,citriodora,Lauraceae,Laurales
Endlicheria,longicaudata,Lauraceae,Laurales
Endlicheria,macrophylla,Lauraceae,Laurales
Eschweilera,albiflora,Lecythidaceae,Ericales
Eschweilera,atropetiolata,Lecythidaceae,Ericales
Eschweilera,bracteosa,Lecythidaceae,Ericales
Eschweilera,decolorans,Lecythidaceae,Ericales
Eschweilera,grandiflora,Lecythidaceae,Ericales
Eschweilera,ovata,Lecythidaceae,Ericales
Eschweilera,parviflora,Lecythidaceae,Ericales
Eschweilera,pedicellata,Lecythidaceae,Ericales
Eschweilera,tenuifolia,Lecythidaceae,Ericales
Eschweilera,truncata,Lecythidaceae,Ericales
Eschweilera,wachenheimii,Lecythidaceae,Ericales
Eugenia,biflora,Myrtaceae,Myrtales
Eugenia,lambertiana,Myrtaceae,Myrtales
Eugenia,lisboae,Myrtaceae,Myrtales
Eugenia,patrisii,Myrtaceae,Myrtales
Eugenia,protenta,Myrtaceae,Myrtales
Eugenia,pseudopsidium,Myrtaceae,Myrtales
Eugenia,pusilliflora,Myrtaceae,Myrtales
Eugenia,spruceana,Myrtaceae,Myrtales
Faramea,capillipes,Rubiaceae,Gentianales
Faramea,platyneura,Rubiaceae,Gentianales
Faramea,torquata,Rubiaceae,Gentianales
Ferdinandusa,hirsuta,Rubiaceae,Gentianales
Ferdinandusa,rudgeoides,Rubiaceae,Gentianales
Helicostylis,scabra,Moraceae,Rosales
Inga,alba,Fabaceae,Fabales
Inga,auristellae,Fabaceae,Fabales
Inga,bicoloriflora,Fabaceae,Fabales
Inga,brevipes,Fabaceae,Fabales
Inga,cayennensis,Fabaceae,Fabales
Inga,cordatoalata,Fabaceae,Fabales
Inga,gracilifolia,Fabaceae,Fabales
Calliandra,houstoniana,Fabaceae,Fabales
Inga,huberi,Fabaceae,Fabales
Inga,lateriflora,Fabaceae,Fabales
Inga,macrophylla,Fabaceae,Fabales
Inga,ruiziana,Fabaceae,Fabales
Inga,obidensis,Fabaceae,Fabales
Inga,paraensis,Fabaceae,Fabales
Inga,splendens,Fabaceae,Fabales
Inga,suberosa,Fabaceae,Fabales
Inga,thibaudiana,Fabaceae,Fabales
Inga,umbratica,Fabaceae,Fabales
Ixora,intensa,Rubiaceae,Gentianales
Ixora,panurensis,Rubiaceae,Gentianales
Kubitzkia,mezii,Lauraceae,Laurales
Kutchubaea,semisericea,Rubiaceae,Gentianales
Kutchubaea,sericantha,Rubiaceae,Gentianales
Hymenopus,adolphoduckei,Chrysobalanaceae,Malpighiales
Licania,bracteata,Chrysobalanaceae,Malpighiales
Hymenopus,caudatus,Chrysobalanaceae,Malpighiales
Licania,gracilipes,Chrysobalanaceae,Malpighiales
Leptobalanus,granvillei,Chrysobalanaceae,Malpighiales
Licania,hypoleuca,Chrysobalanaceae,Malpighiales
Leptobalanus,latus,Chrysobalanaceae,Malpighiales
Leptobalanus,longistylus,Chrysobalanaceae,Malpighiales
Hymenopus,macrophyllus,Chrysobalanaceae,Malpighiales
Licania,niloi,Chrysobalanaceae,Malpighiales
Leptobalanus,octandrus,Chrysobalanaceae,Malpighiales
Licania,parviflora,Chrysobalanaceae,Malpighiales
Hymenopus,reticulatus,Chrysobalanaceae,Malpighiales
Licania,rodriguesii,Chrysobalanaceae,Malpighiales
Hymenopus,sothersiae,Chrysobalanaceae,Malpighiales
Leptobalanus,sprucei,Chrysobalanaceae,Malpighiales
Licaria,chrysophylla,Lauraceae,Laurales
Licaria,guianensis,Lauraceae,Laurales
Licaria,hirsuta,Lauraceae,Laurales
Licaria,macrophylla,Lauraceae,Laurales
Licaria,oppositifolia,Lauraceae,Laurales
Maquira,calophylla,Moraceae,Rosales
Maquira,coriacea,Moraceae,Rosales
Maquira,sclerophylla,Moraceae,Rosales
Eumachia,astrellantha,Rubiaceae,Gentianales
Eumachia,podocephala,Rubiaceae,Gentianales
Myrcia,caudata,Myrtaceae,Myrtales
Myrcia,ferruginea,Myrtaceae,Myrtales
Myrcia,umbraticola,Myrtaceae,Myrtales
Mezilaurus,ita-uba,Lauraceae,Laurales
Micropholis,casiquiarensis,Sapotaceae,Ericales
Micropholis,cylindrocarpa,Sapotaceae,Ericales
Micropholis,mensalis,Sapotaceae,Ericales
Micropholis,trunciflora,Sapotaceae,Ericales
Myrcia,bracteata,Myrtaceae,Myrtales
Myrcia,citrifolia,Myrtaceae,Myrtales
Myrcia,fenestrata,Myrtaceae,Myrtales
Myrcia,grandis,Myrtaceae,Myrtales
Myrcia,integra,Myrtaceae,Myrtales
Myrcia,splendens,Myrtaceae,Myrtales
Myrcia,paivae,Myrtaceae,Myrtales
Myrcia,servata,Myrtaceae,Myrtales
Myrcia,subsericea,Myrtaceae,Myrtales
Myrcia,sylvatica,Myrtaceae,Myrtales
Myrciaria,floribunda,Myrtaceae,Myrtales
Myrciaria,tenella,Myrtaceae,Myrtales
Naucleopsis,caloneura,Moraceae,Rosales
Naucleopsis,imitans,Moraceae,Rosales
Naucleopsis,insculptula,Moraceae,Rosales
Naucleopsis,krukovii,Moraceae,Rosales
Naucleopsis,ternstroemiiflora,Moraceae,Rosales
Ocotea,amazonica,Lauraceae,Laurales
Ocotea,argyrophylla,Lauraceae,Laurales
Ocotea,boissieriana,Lauraceae,Laurales
Ocotea,cujumary,Lauraceae,Laurales
Ocotea,aurantiodora,Lauraceae,Laurales
Ocotea,myriantha,Lauraceae,Laurales
Ocotea,nigrescens,Lauraceae,Laurales
Ocotea,olivacea,Lauraceae,Laurales
Ocotea,pauciflora,Lauraceae,Laurales
Ocotea,percurrens,Lauraceae,Laurales
Ocotea,scabrella,Lauraceae,Laurales
Ocotea,splendens,Lauraceae,Laurales
Pachira,insignis,Malvaceae,Malvales
Pachira,macrocalyx,Malvaceae,Malvales
Pachira,minor,Malvaceae,Malvales
Pagamea,macrophylla,Rubiaceae,Gentianales
Palicourea,corymbifera,Rubiaceae,Gentianales
Palicourea,virens,Rubiaceae,Gentianales
Pouteria,caimito,Sapotaceae,Ericales
Pouteria,cuspidata,Sapotaceae,Ericales
Protium,altsonii,Burseraceae,Sapindales
Protium,amazonicum,Burseraceae,Sapindales
Protium,apiculatum,Burseraceae,Sapindales
Protium,calanense,Burseraceae,Sapindales
Protium,calendulinum,Burseraceae,Sapindales
Protium,crassipetalum,Burseraceae,Sapindales
Protium,decandrum,Burseraceae,Sapindales
Protium,divaricatum,Burseraceae,Sapindales
Protium,elegans,Burseraceae,Sapindales
Protium,ferrugineum,Burseraceae,Sapindales
Protium,gallosum,Burseraceae,Sapindales
Protium,grandifolium,Burseraceae,Sapindales
Protium,hebetatum,Burseraceae,Sapindales
Protium,heptaphyllum,Burseraceae,Sapindales
Protium,laxiflorum,Burseraceae,Sapindales
Protium,occultum,Burseraceae,Sapindales
Protium,paniculatum,Burseraceae,Sapindales
Protium,pilosissimum,Burseraceae,Sapindales
Protium,pilosum,Burseraceae,Sapindales
Protium,spruceanum,Burseraceae,Sapindales
Protium,strumosum,Burseraceae,Sapindales
Protium,tenuifolium,Burseraceae,Sapindales
Protium,trifoliolatum,Burseraceae,Sapindales
Protium,unifoliolatum,Burseraceae,Sapindales
Protium,urophyllidium,Burseraceae,Sapindales
Palicourea,amplectens,Rubiaceae,Gentianales
Palicourea,hoffmannseggiana,Rubiaceae,Gentianales
Carapichea,pacimonica,Rubiaceae,Gentianales
Palicourea,dichotoma,Rubiaceae,Gentianales
Psychotria,rhombibractea,Rubiaceae,Gentianales
Palicourea,spicata,Rubiaceae,Gentianales
Chassalia,subnuda,Rubiaceae,Gentianales
Rhodostemonodaphne,crenaticupula,Lauraceae,Laurales
Rhodostemonodaphne,paniculata,Lauraceae,Laurales
Rhodostemonodaphne,parvifolia,Lauraceae,Laurales
Rudgea,cornifolia,Rubiaceae,Gentianales
Rudgea,lanceifolia,Rubiaceae,Gentianales
Scleronema,micranthum,Malvaceae,Malvales
Simira,rubescens,Rubiaceae,Gentianales
Sorocea,guilleminiana,Moraceae,Rosales
Sorocea,pubivena,Moraceae,Rosales
Sorocea,muriculata,Moraceae,Rosales
Stachyarrhena,acuminata,Rubiaceae,Gentianales
Trymatococcus,amazonicus,Moraceae,Rosales
Zygia,inaequalis,Fabaceae,Fabales
Handroanthus,ochraceus,Bignoniaceae,Lamiales
