"binominal","state","SRL"
"Rudbeckia_hirta","AM",5.69426756890243
"Ratibida_pinnata","AM",4.02535169073515
"Heliopsis_helianthoides","NM",4.15888308335967
"Liatris_aspera","AM",4.38202663467388
"Arnica_sororia","AM",4.34225660396333
"Arnica_fulgens","AM",2.76517150003119
"Hymenoxys_richardsonii","NMAM",4.2353712200147
"Helianthus_agrestis","AM",5.41311818202521
"Helianthus_grosseserratus","AM",5.3585889848896
"Helianthus_giganteus","AM",5.15669619688046
"Helianthus_maximiliani","AM",5.58825938340066
"Helianthus_verticillatus","AM",5.43256412823508
"Helianthus_salicifolius","AM",5.51324727808774
"Pappobolus_microphyllus","AM",5.63853258944808
"Helianthus_occidentalis","AM",5.69278893318134
"Helianthus_mollis","AM",5.65817474117807
"Helianthus_silphioides","AM",5.45553476774608
"Helianthus_atrorubens","AM",5.60285655606624
"Helianthus_longifolius","AM",5.85574027569081
"Helianthus_angustifolius","AM",5.78260392407685
"Helianthus_floridanus","AM",5.50577859046014
"Helianthus_petiolaris","AM",5.6947249118337
"Helianthus_neglectus","AM",5.59677245115988
"Helianthus_niveus","AM",5.54934842134914
"Helianthus_praecox","AM",5.94884406127134
"Helianthus_debilis","AM",5.77424093830476
"Helianthus_argophyllus","AM",5.63981268065158
"Helianthus_annuus","AM",5.49425414742403
"Helianthus_cusickii","AM",5.18004045895698
"Helianthus_pauciflorus","AM",3.95124371858143
"Helianthus_radula","AM",5.56367713999533
"Helianthus_porteri","AM",5.9748607979412
"Helianthus_carnosus","AM",5.60080184088099
"Helianthus_heterophyllus","AM",5.60410945817214
"Ambrosia_artemisiifolia","AM",4.85981240436167
"Echinacea_serotina","AM",3.55534806148941
"Eclipta_prostrata","NMAM",3.42100000895834
"Coreopsis_palmata","AM",4.72738781871234
"Helichrysum_italicum","EcMAM",2.91169127715811
"Helichrysum_stoechas","EcMAM",1.8107268950628
"Anaphalis_aureopunctata","AM",6.1720241358809
"Anaphalis_hancockii","AM",5.76787698692392
"Antennaria_parvifolia","AM",3.80529693426811
"Antennaria_neglecta","AM",4.82618325904432
"Leontopodium_nanum","AM",-0.967373522103471
"Inula_conyza","AM",5.10891077003085
"Haplopappus_spinulosus","AM",4.75115187600315
"Symphyotrichum_oolentangiense","AM",4.46590811865458
"Symphyotrichum_falcatum","AM",4.13519143659285
"Symphyotrichum_ciliolatum","AM",4.71076309414069
"Symphyotrichum_puniceum","AM",4.95582705760126
"Symphyotrichum_laeve","AM",4.48863636973214
"Symphyotrichum_novae-angliae","AM",3.95124371858143
"Symphyotrichum_ericoides","AM",4.49149744149952
"Heterotheca_villosa","AM",4.64999026646069
"Solidago_ptarmicoides","AM",3.52636052461616
"Solidago_nemoralis","AM",5.76465718112043
"Solidago_decurrens","AM",5.31263315491084
"Solidago_speciosa","AM",3.8286413964891
"Solidago_rigida","AM",3.58669647122897
"Solidago_missouriensis","AM",4.60729495806029
"Solidago_canadensis","AM",6.04642149012161
"Gutierrezia_sarothrae","AM",4.43871541663599
"Erigeron_glabellus","AM",3.98110572821168
"Erigeron_pumilus","AM",4.43738608281715
"Erigeron_canadensis","AM",4.77912349311153
"Doellingeria_umbellata","AM",4.74494147830215
"Aster_lanceolatus","AM",4.21950770517611
"Aster_laevis","AM",3.52701927612115
"Aster_tataricus","AM",5.69410244060289
"Doellingeria_scabra","AM",5.38998820470224
"Olearia_avicenniaefolia","AM",2.98568193770049
"Olearia_rani","AM",3.80891799302419
"Artemisia_codonocephala","AM",2.50634193050807
"Artemisia_barrelieri","AM",1.6239199287813
"Artemisia_igniaria","AM",5.3188690127693
"Artemisia_halodendron","AM",2.79239134953596
"Artemisia_frigida","AM",4.16399364532301
"Artemisia_mongolica","AM",5.27643036558358
"Artemisia_ludoviciana","AM",4.43512083431079
"Artemisia_cana","AM",4.02391358608675
"Achillea_millefolium","AM",5.84927128443819
"Leucanthemum_vulgare","AM",5.46963286948769
"Crepis_foetida","AM",5.69079854709791
"Crepis_tectorum","AM",4.77912349311153
"Crepis_sancta","AM",5.78689738136671
"Taraxacum_campylodes","AM",5.23398554438009
"Picris_hieracioides","AM",5.24830395451591
"Hypochaeris_radicata","AM",3.991757973447
"Nabalus_tatarinowii","AM",5.837122182327
"Launaea_arborescens","AM",1.86229379004909
"Lactuca_tatarica","AM",4.34629184061853
"Pilosella_peleteriana","AM",2.59897910604785
"Pilosella_officinarum","AM",4.0176283676886
"Cichorium_intybus","AM",5.93723432917947
"Tragopogon_dubius","AM",4.74174589858957
"Vernonia_fasciculata","AM",4.81218435537242
"Arctotheca_calendula","AM",5.49875783799931
"Centaurea_pectinata","AM",3.77402703905505
"Saussurea_nivea","AM",4.76606890365125
"Saussurea_mongolica","AM",5.01532496040111
"Saussurea_amurensis","AM",5.5051756973674
"Atractylis_humilis","AM",1.70672406852896
"Adenocaulon_himalaicum","AM",5.26223251994172
"Campanula_rotundifolia","AM",6.28544042078824
"Lobelia_siphilitica","OM",6.21541681680131
"Carpodetus_serratus","AM",3.44488282296282
"Musineon_divaricatum","AM",3.56990121054355
"Zizia_aurea","AM",4.60517018598809
"Tordylium_maximum","AM",5.59046445595898
"Daucus_carota","AM",5.83951612253551
"Sanicula_orthacantha","AM",5.02199985086301
"Astrantia_minor","AM",2.35801979988215
"Dendropanax_dentiger","AM",5.4083710520356
"Eleutherococcus_senticosus","AM",5.26364088400132
"Macropanax_undulatus","AM",3.35689712276558
"Hedera_helix","AM",2.66154012465602
"Schefflera_minutistellata","AM",3.63521492952824
"Schefflera_heptaphylla","AM",5.05933598823162
"Neopanax_arboreus","AM",2.88448780395968
"Neopanax_colensoi","AM",3.10458667846607
"Pseudopanax_crassifolius","AM",3.1820720849325
"Raukaua_simplex","AM",3.45946628978613
"Schefflera_digitata","AM",3.81325616350755
"Pittosporum_eugenioides","AM",3.90262338923604
"Pittosporum_tenuifolium","AM",3.93567934111572
"Pennantia_corymbosa","AM",3.53841012155503
"Abelia_biflora","AM",3.43227790769518
"Lonicera_chrysantha","AM",5.14195861793851
"Lonicera_maackii","AM",3.41701691911253
"Symphoricarpos_occidentalis","AM",3.89387197606093
"Viburnum_dentatum","AM",2.15371475764433
"Viburnum_tinus","AM",2.42213818783763
"Sambucus_williamsii","AM",4.85861969879744
"Sambucus_canadensis","AM",5.16785633542155
"Quintinia_serrata","AM",3.60951644828138
"Ilex_macropoda","AM",4.40745068701404
"Ilex_verticillata","AM",3.42350697304656
"Ilex_opaca","AM",3.79476347534381
"Ilex_pedunculosa","AM",4.00369019395397
"Hedeoma_hispida","AM",5.11198778835654
"Monarda_fistulosa","AM",4.79579054559674
"Pycnanthemum_virginianum","AM",4.43081679884331
"Clinopodium_nepeta","AM",4.8605872978526
"Thymus_mastichina","AM",3.05793305446118
"Thymus_hyemalis","AM",1.59961006233386
"Thymus_dolomiticus","AM",4.16817273902247
"Prunella_vulgaris","AM",5.56630375841588
"Agastache_foeniculum","AM",3.68887945411394
"Salvia_chinensis","AM",5.79714861725624
"Rosmarinus_officinalis","AM",2.46736396312619
"Lavandula_multifida","AM",2.80121346562929
"Teucrium_charidemi","AM",1.29584995155706
"Teucrium_chamaedrys","AM",4.88510986330171
"Teucrium_fruticans","AM",2.70075197975555
"Lamium_album","NMAM",5.79215628641549
"Ballota_hirsuta","AM",1.66605328648796
"Phlomoides_umbrosa","AM",4.81088261253778
"Phlomis_purpurea","AM",2.07078330950627
"Sideritis_pusilla","AM",1.96704601268702
"Vitex_lucens","AM",3.72221360896298
"Orthocarpus_luteus","NM",4.43521781443709
"Strobilanthes_villosum","AM",5.23327101995561
"Strobilanthes_dimorphotricha","AM",4.9158935561649
"Rungia_pectinata","AM",2.91614779421115
"Handroanthus_guayacan","AM",2.39604057985005
"Tanaecium_pyramidatum","AM",2.96605195845281
"Catalpa_bignonioides","AM",3.6179878535026
"Verbena_hastata","AM",4.52178857704904
"Verbascum_thapsus","AM",4.0943445622221
"Veronica_persica","NMAM",6.20713020856623
"Veronica_spuria","NMAM",5.42457917031199
"Veronicastrum_virginicum","AM",4.87519732320115
"Plantago_varia","AM",3.22485789654575
"Plantago_lanceolata","AM",5.88022147648056
"Plantago_patagonica","AM",5.14620371390475
"Penstemon_grandiflorus","AM",3.93182563272433
"Penstemon_nitidus","AM",3.25243643481652
"Penstemon_procerus","AM",3.86429205288597
"Penstemon_confertus","AM",4.38132138604452
"Olea_rosea","AM",3.36418755602825
"Olea_europaea","AM",2.40977251027897
"Chionanthus_mildbraedii","AM",2.24707238306379
"Chionanthus_virginicus","AM",2.63064372357402
"Phillyrea_angustifolia","AM",2.52569849905389
"Phillyrea_latifolia","AM",2.54683556805166
"Osmanthus_didymopetalus","AM",1.48613969608961
"Nestegis_lanceolata","AM",2.39457415024377
"Fraxinus_mandshurica","AM",4.64061694012487
"Fraxinus_angustifolia","AM",2.93742068847937
"Fraxinus_excelsior","AM",3.49112888348973
"Fraxinus_chinensis","AM",3.77572110924329
"Fraxinus_nigra","AM",3.29536351023745
"Fraxinus_americana","AM",3.66181636118501
"Syringa_reticulata","AM",4.76764123208114
"Jasminum_fruticans","AM",2.68622805190374
"Galium_boreale","NMAM",5.15235633994251
"Galium_aparine","NMAM",5.48313026196246
"Rubia_peregrina","AM",4.64535197562092
"Saprosma_ternatum","AM",4.76174649303019
"Serissa_japonica","AM",6.22890540312302
"Coprosma_lucida","AM",3.25809653802148
"Coprosma_linariifolia","AM",3.1038419942108
"Coprosma_rhamnoides","AM",5.06449196688697
"Coprosma_ciliata","AM",4.51633897228148
"Coprosma_foetidissima","AM",3.79548918917219
"Psychotria_asiatica","AM",4.47493506895872
"Catunaregam_spinosa","AM",4.38502214365368
"Aidia_oxyodonta","AM",5.25154017498911
"Coffea_arabica","AM",2.20634948511322
"Diplospora_dubia","AM",4.42302743668712
"Hypobathrum_racemosum","AM",2.43491984192601
"Wendlandia_uvariifolia","AM",3.81264456144787
"Alseis_blackiana","AM",2.54935017262431
"Pertusadina_metcalfii","AM",4.60477010596675
"Adina_pilulifera","AM",6.3634967437115
"Chomelia_psilocarpa","AM",2.94251170442817
"Asclepias_tuberosa","AM",3.13549421592915
"Asclepias_syriaca","AM",3.87120101090789
"Asclepias_incarnata","AM",4.24849524204936
"Nerium_oleander","AM",2.65173530833948
"Trachelospermum_axillare","AM",4.35051664122187
"Alstonia_scholaris","AM",3.24882290123615
"Gentiana_andrewsii","AM",4.85981240436167
"Solanum_americanum","AM",3.73957256842945
"Physalis_virginiana","AM",3.98898404656427
"Withania_frutescens","AM",1.76334231742391
"Merremia_umbellata","AM",3.45568556694622
"Apodytes_dimidiata","AM",2.55722731136763
"Erica_arborea","ErM",2.64981379019686
"Erica_scoparia","ErM",3.00616006713636
"Calluna_vulgaris","ErM",2.61193055163236
"Rhododendron_hypoglaucum","ErM",5.09644749970053
"Rhododendron_ponticum","ErM",2.85488249014427
"Vaccinium_mandarinorum","ErM",4.67011487462847
"Vaccinium_bracteatum","ErM",6.31155330447867
"Vaccinium_corymbosum","ErM",6.73351651788659
"Leptecophylla_juniperina","ErM",4.85359154448657
"Dracophyllum_longifolium","ErM",4.87147953881257
"Arbutus_unedo","EcM",2.49459795864902
"Actinidia_kolomikta","AM",5.41398157284783
"Styrax_suberifolius","AM",3.99735766880215
"Halesia_tetraptera","AM",3.92248407187329
"Alniphyllum_fortunei","AM",4.48071151957387
"Androsace_occidentalis","AM",5.3349184133891
"Lysimachia_nemorum","AM",4.45620603284813
"Ardisia_depressa","AM",4.16381596510575
"Ardisia_quinquegona","AM",3.00071981506503
"Ardisia_japonica","AM",4.62005723493382
"Embelia_vestita","NM",4.5688211275408
"Myrsine_coriacea","AM",3.3762833229294
"Rapanea_australis","AM",3.64315293721849
"Rapanea_divaricata","AM",3.65049805578074
"Myrsine_seguinii","AM",4.03376154163407
"Diospyros_strigosa","AM",3.68895932642406
"Diospyros_virginiana","AM",3.1937893193622
"Barringtonia_racemosa","AM",3.06842739617712
"Madhuca_endertii","AM",2.19941661750418
"Payena_microphylla","AM",2.14188803229675
"Gordonia_axillaris","AM",2.79300390698237
"Schima_superba","AM",4.93937586590922
"Schima_wallichii","AM",4.58934563564112
"Phlox_hoodii","AM",4.67333891556337
"Eurya_japonica","AM",4.84299870029243
"Adinandra_millettii","AM",5.38449506278909
"Ternstroemia_coriacea","AM",2.19112266514475
"Pentaphylax_euryoides","AM",4.58333349137892
"Deutzia_glabrata","AM",5.36879236500864
"Deutzia_grandiflora","AM",5.05188206654559
"Philadelphus_incanus","AM",5.17486845955163
"Cornus_bretschneideri","AM",4.01643447888786
"Cornus_ulotricha","AM",2.58692645824223
"Cornus_controversa","AM",2.68768478190838
"Cornus_kousa","AM",3.94341900636482
"Cornus_florida","AM",3.66475489802392
"Cornus_officinalis","AM",3.37988054100334
"Alangium_chinense","AM",5.13526888509767
"Nyssa_aquatica","AM",2.60810708332858
"Nyssa_sylvatica","AM",2.60806816582277
"Silene_rupestris","NMAM",2.87073578337931
"Arenaria_serpyllifolia","NMAM",6.44175163910168
"Cerastium_fontanum","NMAM",1.97408102602201
"Cerastium_arvense","NMAM",4.51722983086823
"Eurotia_lanata","AM",4.37709589063546
"Chenopodium_serotinum","NMAM",4.59339000390386
"Chenopodium_album","NMAM",4.95549932960853
"Alternanthera_sessilis","NMAM",3.82929335782915
"Rumex_acetosa","NMAM",1.5810384379124
"Rumex_acetosella","NMAM",4.84418708645859
"Fallopia_convolvulus","NMAM",5.30330490805908
"Coccoloba_manzinellensis","EcM",2.4985465569967
"Coccoloba_excelsa","EcM",2.91701228772725
"Armeria_velutina","NMAM",2.35189640324803
"Schoepfia_jasminodora","AM",4.40038976266241
"Osyris_alba","NMAM",1.77303377552067
"Comandra_umbellata","AM",3.44559036285322
"Stauracanthus_genistoides","AM",2.57584543440597
"Trifolium_spumosum","AM",5.50409363977041
"Trifolium_repens","AM",6.21838303437743
"Trifolium_pratense","AM",5.01851485071133
"Trifolium_incarnatum","AM",5.57245732173217
"Trifolium_hirtum","AM",5.6028284054119
"Trifolium_angustifolium","AM",4.85249890409066
"Trifolium_purpureum","AM",5.300096768473
"Trifolium_subterraneum","AM",4.93211526116142
"Trifolium_dubium","AM",5.24174701505964
"Medicago_sativa","AM",5.50587639113034
"Medicago_ruthenica","AM",4.18920009323478
"Medicago_minima","AM",5.35413043136725
"Melilotus_officinalis","AM",4.60517018598809
"Vicia_americana","AM",5.10888612866133
"Vicia_villosa","AM",4.0943445622221
"Lathyrus_venosus","AM",3.84651487154136
"Astragalus_bisulcatus","AM",4.50527618313061
"Astragalus_agrestis","AM",3.03616830415976
"Astragalus_scaberrimus","AM",4.09175788632533
"Astragalus_canadensis","AM",3.52636052461616
"Astragalus_aboriginum","AM",3.76078261645986
"Astragalus_pelecinus","AM",5.57685299413496
"Oxytropis_sericea","AM",4.57114428582284
"Caragana_microphylla","AM",3.2204745462319
"Lotus_tenuis","AM",4.70953020131233
"Lotus_corniculatus","AM",5.00758049330172
"Ornithopus_sativus","AM",5.70433524085281
"Ornithopus_compressus","AM",5.58122938354041
"Anthyllis_cytisoides","AM",2.24081145590607
"Anthyllis_terniflora","AM",1.79622508882357
"Coronilla_juncea","AM",2.0561118710401
"Coronilla_minima","AM",3.69988553914565
"Gliricidia_sepium","AM",3.47506723022861
"Pueraria_stricta","AM",1.60140574073684
"Bituminaria_bituminosa","AM",4.72397292574726
"Desmodium_canadense","AM",4.83628190695148
"Lespedeza_bicolor","AM",4.93161832306386
"Lespedeza_davurica","AM",3.69424006035603
"Lespedeza_davidii","AM",5.20948615284142
"Lespedeza_thunbergii","AM",4.75748825532435
"Lespedeza_capitata","AM",4.29045944114839
"Millettia_leptobotrya","AM",3.24337329646859
"Clitoria_javitensis","AM",2.52004523315245
"Dalea_purpurea","AM",3.92479910686004
"Lupinus_perennis","NM",4.76217393479776
"Cytisus_grandiflorus","AM",1.17908989314494
"Genista_triacanthos","AM",2.55339582399633
"Genista_hirsuta","AM",2.41588810565008
"Ulex_parviflorus","AM",2.21802321411472
"Calpurnia_aurea","AM",2.83026783382646
"Thermopsis_rhombifolia","AM",4.64345258021167
"Baptisia_alba","AM",5.76519110278484
"Pterocarpus_indicus","AM",1.52605630349505
"Platypodium_elegans","AM",1.86296762258743
"Sophora_microphylla","AM",3.26791944491498
"Styphnolobium_japonicum","AM",3.6059748835479
"Leucaena_Leucocephala","AM",3.02204958187136
"Acacia_mangium","EcMAM",4.5970372027579
"Acacia_auriculiformis","EcMAM",4.34756458111878
"Acacia_crassicarpa","EcMAM",4.6847204647461
"Archidendron_lucidum","AM",4.07567129695648
"Archidendron_clypearia","AM",4.25319845031993
"Chamaecrista_fasciculata","AM",4.24849524204936
"Gleditsia_triacanthos","AM",3.0039883357859
"Bauhinia_championii","AM",2.18941639488841
"Cercis_canadensis","AM",3.29953372788566
"Xanthophyllum_tenue","AM",3.22800403569507
"Potentilla_tanacetifolia","AM",4.23577178391632
"Potentilla_neumanniana","AM",4.12210465528003
"Potentilla_acaulis","AM",4.43455978512215
"Duchesnea_indica","AM",5.31910239593315
"Alchemilla_alpina","AM",3.8146306594195
"Sibbaldianthe_bifurca","AM",3.94468378766769
"Fragaria_virginiana","AM",5.48053103518894
"Potentilla_arguta","AM",3.8767726202095
"Chamaerhodos_erecta","AM",4.65871095291612
"Sanguisorba_officinalis","AM",3.90257854660015
"Sanguisorba_minor","AM",4.40910028982312
"Agrimonia_pilosa","AM",5.08637811770417
"Rosa_arkansana","AM",3.72632145504614
"Rosa_canina","AM",2.54089728064586
"Rosa_acicularis","AM",4.02238543503104
"Rosa_xanthina","AM",5.22768711832685
"Rubus_irritans","AM",5.26097119154977
"Rubus_ulmifolius","AM",2.97452241177767
"Rubus_allegheniensis","AM",3.26642886411406
"Rubus_corchorifolius","AM",6.10009471163343
"Rubus_rosifolius","AM",5.76663630061643
"Rubus_crataegifolius","AM",5.64788850177962
"Rubus_phoenicolasius","AM",3.19556729211727
"Rubus_idaeus","AM",5.1459171136626
"Filipendula_palmata","AM",5.39638636367747
"Malus_domestica","AM",4.03242639967025
"Malus_baccata","AM",4.26871371214265
"Cydonia_oblonga","AM",2.2425130299389
"Crataegus_pinnatifida","AM",4.65663128004649
"Crataegus_monogyna","AM",2.31139379520943
"Cotoneaster_multiflorus","AM",4.98480350515749
"Cotoneaster_adpressus","AM",4.48380769424055
"Cotoneaster_acutifolius","AM",4.6317926425482
"Pyrus_bourgaeana","AM",2.23004742585042
"Pyrus_betulifolia","AM",2.87284382279162
"Sorbus_discolor","AM",4.7952884389838
"Sorbus_aucuparia","AM",4.09065267291113
"Eriobotrya_japonica","AM",3.83189696094886
"Rhaphiolepis_indica","AM",4.46349140765615
"Amelanchier_alnifolia","AM",3.03858100086313
"Spiraea_dahurica","AM",5.67299847766333
"Spiraea_pubescens","AM",5.01173690909558
"Prunus_alabamensis","AM",4.9638761218657
"Prunus_armeniaca","AM",3.51886293604751
"Prunus_sibirica","AM",4.70150162322239
"Prunus_persica","AM",4.33416649416709
"Prunus_sargentii","AM",4.39989994695238
"Prunus_avium","AM",4.95641899786301
"Prunus_virginiana","AM",3.97961212367171
"Prunus_serotina","AM",3.02321658752375
"Prunus_padus","AM",5.50616332770253
"Ficus_variolosa","AM",4.96598654242737
"Ficus_carica","AM",3.06235007118466
"Ficus_tikoua","AM",1.87946504964716
"Artocarpus_styracifolius","AM",3.54211807271853
"Oreocnide_frutescens","NMAM",4.54415551173609
"Celtis_australis","AM",3.11542901512878
"Celtis_sinensis","AM",4.72738781871234
"Gironniera_subaequalis","AM",4.21331208128614
"Ulmus_laciniata","AM",4.89896666181845
"Ulmus_minor","AM",2.99246564141613
"Ulmus_macrocarpa","AM",4.17772422697926
"Ulmus_pumila","AM",4.74100800540179
"Ulmus_davidiana","AM",4.76263893805587
"Ulmus_rubra","AM",4.37071287477361
"Ulmus_americana","AM",4.27346398793999
"Rhamnus_davurica","AM",5.19709489569434
"Rhamnus_lycioides","AM",3.22242990962009
"Rhamnus_alaternus","AM",2.78214481945248
"Elaeagnus_commutata","AM",2.91745669250874
"Coriaria_arborea","AM",3.31054301339402
"Coriaria_nepalensis","AM",3.44380222404426
"Corynocarpus_laevigatus","AM",3.16966489701815
"Carpinus_caroliniana","EcM",3.03935999515228
"Carpinus_betulus","EcM",3.71834565231058
"Carpinus_cordata","EcM",4.15396636985902
"Corylus_ferox","EcM",4.22385069265036
"Corylus_sieboldiana","EcM",4.88916930920065
"Betula_albosinensis","EcM",4.04679244003732
"Betula_platyphylla","EcM",4.62646745324346
"Betula_pendula","EcM",4.21212759787848
"Betula_dahurica","EcM",4.00173769289586
"Betula_costata","EcM",4.5926809503541
"Betula_fruticosa","EcM",3.88699799929116
"Betula_alleghaniensis","EcM",4.3732381286408
"Betula_lenta","EcM",4.69774936728118
"Alnus_glutinosa","EcM",3.28574696221502
"Alnus_hirsuta","EcM",4.24366975537887
"Alnus_formosana","EcM",5.31297132170895
"Alnus_mandshurica","EcM",4.69124550726424
"Engelhardia_roxburghiana","EcM",4.66894278888516
"Juglans_nigra","AM",3.20307961344712
"Juglans_mandshurica","AM",4.69276759984572
"Carya_glabra","EcM",4.51060306338171
"Carya_cordiformis","EcM",3.12192200397623
"Carya_ovata","EcM",3.0678605154382
"Quercus_lowii","EcM",3.43314814289398
"Quercus_ilex","EcM",1.99565570322495
"Quercus_serrata","EcM",4.85455831570219
"Quercus_robur","EcM",3.58594681257937
"Quercus_mongolica","EcM",4.59708007239045
"Quercus_aliena","EcM",4.61768926764541
"Quercus_alba","EcM",4.29141788580313
"Quercus_macrocarpa","EcM",3.86357716939098
"Quercus_bicolor","EcM",3.45302008298155
"Quercus_canariensis","EcM",2.55265190120949
"Quercus_faginea","EcM",2.10511468461268
"Quercus_wutaishanica","EcM",4.01203173887264
"Quercus_suber","EcM",2.94512711234848
"Quercus_variabilis","EcM",4.38407332701946
"Quercus_asymmetrica","EcM",3.81065451103986
"Quercus_glauca","EcM",4.17914516391457
"Quercus_oxyodon","EcM",5.15833414959346
"Quercus_multinervis","EcM",4.34556314783617
"Quercus_coccifera","EcM",2.29885417115269
"Quercus_palustris","EcM",3.62987745451656
"Quercus_rubra","EcM",4.16195128826801
"Castanopsis_carlesii","EcM",4.31277910721574
"Castanopsis_faberi","EcM",4.55254874417853
"Castanopsis_fargesii","EcM",4.74305492665254
"Castanopsis_echinocarpa","EcM",4.40280917385641
"Castanopsis_fissa","EcM",4.5373281962683
"Castanopsis_wattii","EcM",4.52526080275979
"Castanopsis_eyrei","EcM",4.62790728879052
"Castanopsis_hystrix","EcM",4.25717177752826
"Castanea_henryi","EcM",3.71259598073125
"Lithocarpus_rigidus","EcM",2.732385026117
"Lithocarpus_lampadarius","EcM",2.98597861086037
"Lithocarpus_confertus","EcM",3.01950739220476
"Lithocarpus_clementianus","EcM",3.38516962058496
"Lithocarpus_chiungchungensis","EcM",4.32691025211521
"Lithocarpus_fenestratus","EcM",2.62720161323889
"Lithocarpus_cleistocarpus","EcM",4.23122734829446
"Fagus_sylvatica","EcM",3.23261235718156
"Fagus_grandifolia","EcM",2.98092698178909
"Fagus_engleriana","EcM",4.5383184974605
"Nothofagus_solandri","EcM",4.60156986409406
"Nothofagus_menziesii","EcM",3.79039153857578
"Nothofagus_fusca","EcM",4.03580637941653
"Nothofagus_obliqua","EcM",3.56671182013973
"Hypericum_perforatum","AM",6.44666164633048
"Cratoxylum_cochinchinense","AM",3.48216274048526
"Garcinia_cowa","AM",4.46900676117522
"Garcinia_oblongifolia","AM",4.50942991370726
"Salix_atrocinerea","EcMAM",3.16392959082381
"Salix_gordejevii","EcMAM",5.25587948385007
"Salix_pierotii","EcMAM",5.14041448609564
"Salix_viminalis","EcMAM",5.76424085896967
"Salix_caprea","EcMAM",4.84060630594397
"Salix_raddeana","EcMAM",5.80226126637612
"Populus_grandidentata","EcMAM",3.78983781541283
"Populus_alba","EcMAM",2.22830217309171
"Populus_tremula","EcMAM",5.79668713938625
"Populus_tremuloides","EcMAM",3.90434359408428
"Populus_cathayana","EcMAM",5.04950052687302
"Populus_koreana","EcMAM",5.25149457333461
"Populus_balsamifera","EcMAM",4.49980967033027
"Populus_trichocarpa","EcMAM",5.79136831956124
"Populus_deltoides","EcMAM",4.4688365450163
"Dovyalis_abyssinica","AM",2.37583555473364
"Viola_adunca","AM",4.42148690566935
"Viola_thomasiana","AM",3.43398720448515
"Melicytus_ramiflorus","AM",4.03830937974802
"Antidesma_maclurei","AM",2.99523214851231
"Aporosa_subcaudata","AM",2.42200893113083
"Aporosa_octandra","AM",3.3724549127965
"Aporosa_yunnanensis","AM",4.18122373798048
"Carallia_brachiata","AM",4.6935472966055
"Galearia_maingayi","AM",1.72910678371749
"Euphorbia_cyparissias","AM",1.84687876844913
"Aleurites_moluccana","AM",2.09801792725277
"Endospermum_chinense","AM",3.34801880036033
"Macaranga_sampsonii","AM",4.72974804048834
"Mallotus_paniculatus","AM",4.57595902781934
"Blumeodendron_tokbrai","AM",3.21107720250907
"Alchornea_tiliifolia","AM",5.63645607098297
"Alchornea_trewioides","AM",4.5277725277766
"Linum_lewisii","AM",4.09392364031357
"Elaeocarpus_dentatus","AM",3.33676276181872
"Elaeocarpus_hookerianus","AM",3.50929225186295
"Elaeocarpus_dubius","AM",4.06716531163141
"Elaeocarpus_sylvestris","AM",4.49776253343019
"Elaeocarpus_glabripetalus","AM",4.33990170837321
"Aristotelia_serrata","AM",4.31711414640265
"Weinmannia_racemosa","AM",4.00644116045768
"Weinmannia_blumei","AM",4.36948899086133
"Leiospermum_racemosum","AM",3.72569342723665
"Weinmannia_silvicola","AM",3.78584020338779
"Caldcluvia_rosifolia","AM",3.95102436832769
"Prionostemma_aspera","AM",2.52342232848532
"Euonymus_alatus","AM",4.67465103825527
"Euonymus_verrucosus","AM",5.22293238775292
"Maytenus_arbutifolia","AM",2.76506045581899
"Maytenus_schippii","AM",1.91937822604585
"Microtropis_discolor","AM",4.37688845681776
"Alliaria_petiolata","NM",6.23967690888517
"Draba_nemorosa","NM",5.60418368389196
"Berteroa_incana","NM",5.46806014113513
"Hesperis_matronalis","NM",6.07752154579015
"Erysimum_inconspicuum","NM",5.88545849424695
"Lepidium_densiflorum","NM",4.5595692882825
"Descurainia_sophia","NM",5.12782868216689
"Microcos_paniculata","AM",4.74823102882874
"Sphaeralcea_coccinea","AM",4.18333130480847
"Sida_acuta","AM",2.94916463773766
"Hoheria_lyallii","AM",3.63765505126308
"Hoheria_sexstylosa","AM",3.17473858062826
"Plagianthus_regius","AM",4.06592529618082
"Ceiba_pentandra","AM",1.96009478404727
"Tilia_mongolica","EcM",4.22991586656124
"Tilia_mandshurica","EcM",4.46657584670906
"Tilia_cordata","EcM",3.50128124956826
"Tilia_oliveri","EcM",5.00813958974864
"Tilia_amurensis","EcM",4.87555174893455
"Tilia_americana","EcM",4.61362749571098
"Pterospermum_acerifolium","AM",3.24493335918749
"Sterculia_lanceolata","AM",4.58630436168493
"Sterculia_nobilis","AM",4.56767598156051
"Theobroma_cacao","AM",3.46712382807457
"Shorea_multiflora","EcM",0.662889745501317
"Shorea_acuminata","EcM",3.31356961510714
"Shorea_leprosula","EcM",3.2188467284449
"Fumana_thymifolia","EcM",1.70758453101262
"Cistus_monspeliensis","EcM",2.29291096899025
"Cistus_libanotis","EcM",2.33835944348674
"Cistus_crispus","EcM",2.52003676585818
"Cistus_albidus","EcM",1.94099491685454
"Cistus_ladanifer","EcM",2.22679578208985
"Cistus_salviifolius","EcM",2.26788287205792
"Halimium_halimifolium","EcM",2.2403200814738
"Halimium_commutatum","EcM",1.88184779278088
"Helianthemum_syriacum","EcM",1.35689295994015
"Helianthemum_apenninum","EcM",4.27528184825337
"Helianthemum_almeriense","EcM",0.925675274184316
"Helianthemum_oelandicum","EcM",3.88381904652453
"Thymelaea_hirsuta","AM",1.67481726285064
"Tetractomia_tetrandra","AM",3.63689513154772
"Melicope_pteleifolia","AM",4.57666782551538
"Vepris_nobilis","AM",1.8484548129046
"Phellodendron_amurense","AM",3.5956337928667
"Acronychia_pedunculata","AM",4.43844831886184
"Citrus_trifoliata","AM",3.48431228837266
"Citrus_aurantium","AM",3.03013370027132
"Aglaia_exstipulata","AM",0.698353803046119
"Aglaia_odoratissima","AM",1.65222780252908
"Aphanamixis_polystachya","AM",5.14913363092185
"Lansium_parasiticum","AM",3.03974915897077
"Dysoxylum_spectabile","AM",2.06244504657687
"Dysoxylum_excelsum","AM",2.20836721262343
"Ekebergia_capensis","AM",1.98924327376169
"Acer_fabri","AM",4.92638374164866
"Acer_caudatum","AM",4.45239591942767
"Acer_negundo","AM",3.7960133963209
"Acer_barbinerve","AM",4.96758145600384
"Acer_campbellii","AM",4.37036411080197
"Acer_tegmentosum","AM",4.4500332562429
"Acer_davidii","AM",4.51454324858461
"Acer_pictum","AM",4.46140407911577
"Acer_truncatum","AM",4.08172838353541
"Acer_campestre","AM",3.43301899398511
"Acer_platanoides","AM",3.39479782511192
"Acer_saccharum","AM",3.95963061033245
"Acer_triflorum","AM",4.70622041830678
"Acer_coriaceifolium","AM",4.87060664949255
"Acer_tataricum","AM",4.87659389635552
"Acer_rubrum","AM",3.8329076454126
"Acer_pseudoplatanus","AM",4.13726969767022
"Aesculus_hippocastanum","AM",2.96817299123944
"Aesculus_parviflora","AM",3.76581815356531
"Nephelium_lappaceum","AM",4.06817168791808
"Allophylus_cobbe","AM",4.31842101158491
"Allophylus_abyssinicus","AM",2.35612585992208
"Alectryon_excelsus","AM",3.60639196299543
"Koelreuteria_paniculata","AM",4.58024304988673
"Canarium_album","AM",4.64767858622255
"Rhus_chinensis","AM",1.67896397508271
"Rhus_typhina","AM",4.32941668440158
"Pistacia_terebinthus","AM",2.15896970842297
"Pistacia_chinensis","AM",4.50512883180787
"Pistacia_lentiscus","AM",2.44339627863396
"Choerospondias_axillaris","AM",4.32885284932362
"Pentaspadon_motleyi","AM",3.66632166224014
"Blastus_cochinchinesis","AM",5.32488948298348
"Blastus_pauciflorus","AM",5.49074638830109
"Memecylon_nigrescens","AM",4.47790623516838
"Eucalyptus_grandis","EcMAM",3.26226813667235
"Eucalyptus_urophylla","EcMAM",4.66541826633345
"Leptospermum_scoparium","EcMAM",4.57032463466077
"Kunzea_ericoides","EcMAM",3.67553731471693
"Neomyrtus_pedunculata","AM",3.74478708605223
"Myrtus_communis","AM",2.31558345210371
"Decaspermum_gracilentum","AM",4.15872682115137
"Syzygium_subdecussatum","AM",2.45279229323074
"Syzygium_pachysepalum","AM",2.96806127162895
"Syzygium_napiforme","AM",3.25581991000791
"Syzygium_kunstleri","AM",3.07248495965238
"Syzygium_castaneum","AM",3.29539905974344
"Syzygium_szemaoense","AM",4.08380647241914
"Syzygium_hancei","AM",4.54860569416507
"Syzygium_levinei","AM",4.80951005089849
"Syzygium_jambos","AM",4.97144620801617
"Syzygium_globiflorum","AM",3.71064094589545
"Syzygium_malaccense","AM",5.07953927274347
"Syzygium_maire","AM",4.2679998073291
"Syzygium_acuminatissimum","AM",3.85280190635022
"Tristaniopsis_elliptica","EcMAM",3.72391473787246
"Tristaniopsis_clementis","EcMAM",3.68879507555417
"Metrosideros_umbellata","AM",3.46573590279973
"Metrosideros_robusta","AM",3.86229169362318
"Metrosideros_excelsa","AM",3.18909028938462
"Metrosideros_diffusa","AM",4.43911560165801
"Metrosideros_fulgens","AM",4.33729074083249
"Oenothera_biennis","AM",4.55387689160054
"Fuchsia_excorticata","AM",4.43115382746796
"Combretum_decandrum","AM",2.35877574530383
"Combretum_collinum","AM",2.52492832413749
"Terminalia_amazonia","AM",2.54085915400557
"Geranium_rotundifolium","AM",5.42857779038219
"Vitis_amurensis","AM",4.64449990204649
"Vitis_vulpina","AM",3.05337155526361
"Vitis_vinifera","AM",-3.00983119793349
"Parthenocissus_quinquefolia","AM",5.02789096037773
"Heuchera_richardsonii","NMAM",4.51344329291679
"Astilbe_rivularis","NMAM",3.60470368534821
"Astilbe_rubra","NMAM",5.37744252032079
"Itea_chinensis","AM",4.70347587477221
"Hamamelis_virginiana","AM",3.19026685721093
"Loropetalum_chinense","AM",4.51085950651685
"Mytilaria_laosensis","AM",3.75244093560368
"Rhodoleia_championii","AM",3.84065588907973
"Altingia_obovata","AM",3.91845441291856
"Altingia_gracilipes","AM",2.56689793006793
"Liquidambar_formosana","AM",4.26907849490024
"Liquidambar_styraciflua","AM",3.4570150883595
"Daphniphyllum_pentandrum","AM",4.1459239913442
"Cercidiphyllum_japonicum","AM",3.30879516928581
"Knightia_excelsa","NM",3.81554905595051
"Helicia_formosana","NM",4.5830268213024
"Hakea_varia","NM",4.02535169073515
"Hakea_tuberculata","NM",4.34380542185368
"Hakea_oldfieldii","NM",4.49980967033027
"Hakea_cyclocarpa","NM",4.15888308335967
"Hakea_lissocarpha","NM",4.06044301054642
"Hakea_linearis","NM",3.80666248977032
"Hakea_ceratophylla","NM",3.98898404656427
"Platanus_acerifolia","AM",3.17513290192028
"Platanus_occidentalis","AM",2.48302073924277
"Ranunculus_acris","AM",1.93585981320181
"Anemone_cylindrica","AM",3.95124371858143
"Anemone_patens","AM",3.50125631734703
"Caltha_palustris","NMAM",5.84841055554281
"Actaea_cimicifuga","AM",4.7631398077222
"Thalictrum_simplex","AM",5.55702712489673
"Aquilegia_vulgaris","AM",6.12697388649296
"Berberis_thunbergii","AM",3.35078801824688
"Caulophyllum_robustum","AM",4.51859289117116
"Podophyllum_peltatum","AM",2.81441710997646
"Euptelea_pleiosperma","AM",4.09901252132884
"Convallaria_majalis","AM",4.23545514795724
"Asparagus_schoberioides","AM",4.78553148940686
"Lomandra_filiformis","NMAM",3.16547504814109
"Hosta_ventricosa","AM",4.10196922165485
"Allium_tenuissimum","AM",3.88793520989906
"Allium_bidentatum","AM",3.3626297885129
"Allium_textile","AM",5.23566960080539
"Iris_japonica","AM",4.227644446634
"Iris_versicolor","AM",4.77912349311153
"Astelia_fragrans","AM",2.55722731136763
"Astelia_nervosa","AM",2.67414864942653
"Calamovilfa_longifolia","NMAM",3.49650756146648
"Panicum_virgatum","AM",5.40602539623741
"Panicum_capillare","AM",5.38449506278909
"Pennisetum_glaucum","AM",4.99721227376411
"Digitaria_setigera","AM",3.5860158186547
"Andropogon_gerardii","AM",4.02535169073515
"Schizachyrium_scoparium","AM",3.98673511581789
"Bothriochloa_macra","AM",4.5976419195673
"Themeda_triandra","AM",4.11984985263046
"Sorghastrum_nutans","AM",4.67282883446191
"Arthraxon_hispidus","AM",2.56955412384829
"Chloris_anomala","AM",2.99473177322041
"Bouteloua_curtipendula","AM",4.17438726989564
"Chondrosum_gracile","AM",4.48137767691284
"Cleistogenes_squarrosa","AM",5.36574234286283
"Sporobolus_heterolepis","AM",3.95124371858143
"Eragrostis_trichodes","NMAM",4.29045944114839
"Rytidosperma_richardsonii","AM",5.20488030586441
"Rytidosperma_carphoides","AM",4.67236143552841
"Rytidosperma_caespitosum","AM",5.12812198955192
"Rytidosperma_pallidum","AM",3.72810016726722
"Danthonia_intermedia","AM",2.74503398213606
"Molinia_caerulea","AM",3.33202592280086
"Aristida_ramosa","AM",4.38389987905556
"Festuca_rubra","AM",5.18965510984097
"Festuca_ovina","AM",4.52920664718105
"Festuca_hallii","AM",4.41816758715214
"Festuca_christianii-bernardii","AM",5.27170384769799
"Festuca_arundinacea","AM",5.32456318655531
"Vulpia_bromoides","AM",6.0348831674755
"Lolium_rigidum","AM",5.54104135874483
"Lolium_multiflorum","AM",5.64544689764324
"Lolium_perenne","AM",5.38060352933164
"Dactylis_glomerata","AM",5.81745934526601
"Aira_elegantissima","NMAM",6.63443622936612
"Holcus_lanatus","AM",5.83271132134154
"Deschampsia_cespitosa","AM",4.85203026391962
"Poa_trivialis","AM",6.07177644931465
"Poa_pratensis","AM",5.83241208027422
"Poa_nemoralis","AM",5.12989871492307
"Poa_labillardierei","AM",5.00260312239899
"Poa_glauca","AM",-0.0901873240655842
"Poa_cusickii","AM",4.89961437744154
"Alopecurus_pratensis","AM",5.47855341685097
"Phleum_pratense","AM",5.57349901340654
"Pseudosclerochloa_rupestris","NMAM",4.9602665553333
"Agrostis_scabra","AM",4.9416424226093
"Agrostis_capillaris","AM",4.92812287252179
"Calamagrostis_canadensis","AM",5.51745289646471
"Anthoxanthum_odoratum","AM",5.2982423637354
"Phalaris_aquatica","AM",5.08885896550406
"Phalaris_arundinacea","AM",5.389871424131
"Koeleria_macrantha","AM",4.82569490154344
"Koeleria_pyramidata","AM",4.11138713881878
"Koeleria_vallesiana","AM",4.52323665416606
"Trisetum_flavescens","AM",5.76446983960228
"Arrhenatherum_elatius","AM",5.19312350366953
"Leymus_chinensis","AM",4.6526356636238
"Hordeum_murinum","AM",5.32297596538922
"Agropyron_cristatum","AM",5.20345708552408
"Elymus_riparius","AM",5.29906302067888
"Elymus_virginicus","AM",5.64214891875913
"Elymus_canadensis","AM",5.09890137155513
"Elymus_lanceolatus","AM",4.55155916912409
"Elymus_repens","AM",4.66327552849538
"Triticum_durum","AM",3.62220532084594
"Bromus_hordeaceus","AM",5.74207650421721
"Bromus_madritensis","AM",5.83204864138561
"Bromus_inermis","AM",5.12554646252596
"Bromus_erectus","AM",4.63299378043697
"Bromus_catharticus","AM",5.34222487134182
"Brachypodium_phoenicoides","AM",4.89029900165216
"Brachypodium_sylvaticum","AM",5.08140436498446
"Brachypodium_pinnatum","AM",5.46594820793199
"Stipa_spartea","AM",4.01664761655464
"Stipa_purpurea","AM",0.036833250045349
"Stipa_krylovii","AM",4.74666974826179
"Nassella_viridula","AM",4.00538329761843
"Stipa_pennata","AM",3.92809014253862
"Stipa_comata","AM",4.70389731137906
"Nardus_stricta","AM",3.62514061314693
"Ehrharta_stipoides","AM",5.2733117457257
"Carex_korshinskyi","NMAM",5.53160924891406
"Carex_humilis","NMAM",4.45134861866404
"Carex_filifolia","NMAM",4.67802502115067
"Carex_doisutepensis","NMAM",3.13766576944266
"Carex_lasiocarpa","NMAM",5.52942908751142
"Carex_nigra","NMAM",2.21266038546606
"Carex_moorcroftii","NMAM",-1.13078430237446
"Carex_flacca","NMAM",4.10699915833418
"Carex_obtusata","NMAM",4.61921642900995
"Trichophorum_cespitosum","NMAM",3.56868726878553
"Cyperus_difformis","NMAM",4.19524514715783
"Gahnia_xanthocarpa","NMAM",3.81990771652034
"Gahnia_procera","NMAM",4.07243972683405
"Juncus_effusus","NMAM",3.67236890198695
"Luzula_sylvatica","NMAM",4.28082412916472
"Alpinia_japonica","AM",5.50562620795945
"Rhopalostylis_sapida","AM",3.10341609461922
"Cocos_nucifera","AM",3.03974915897077
"Caryota_maxima","AM",4.05301196636022
"Calamus_rhabdocladus","AM",4.63710826327559
"Smilax_trinervula","AM",4.6978943121089
"Smilax_aspera","AM",2.33103102369944
"Veratrum_nigrum","AM",4.83876717250794
"Toxicoscordion_venenosum","AM",4.41055335109998
"Dioscorea_nipponica","AM",5.57688518533919
"Goniothalamus_griffithii","AM",2.80852399737228
"Asimina_triloba","AM",2.60625277343373
"Orophea_creaghii","AM",3.81352775867905
"Anaxagorea_javanica","AM",1.87031297474414
"Magnolia_carsonii","AM",2.52001233731215
"Magnolia_yuyuanensis","AM",3.57794789340665
"Magnolia_yunnanensis","AM",2.84723226523555
"Magnolia_virginiana","AM",3.0022112396517
"Magnolia_tripetala","AM",2.89020444945644
"Magnolia_stellata","AM",3.43926529437833
"Magnolia_opipara","AM",2.53923699433305
"Magnolia_macrophylla","AM",2.55722731136763
"Magnolia_lotungensis","AM",2.48573963609189
"Magnolia_kobus","AM",3.30770622343448
"Magnolia_grandiflora","AM",2.24230416210912
"Magnolia_denudata","AM",3.0397837995191
"Magnolia_championii","AM",3.44690342975169
"Magnolia_cavaleriei","AM",2.73436750941958
"Magnolia_acuminata","AM",2.5162880457595
"Magnolia_fulva","AM",2.96475746925456
"Magnolia_champaca","AM",2.99071973173045
"Magnolia_macclurei","AM",3.10943539321599
"Magnolia_baillonii","AM",2.96165829322024
"Magnolia_balansae","AM",3.00370044320317
"Magnolia_ernestii","AM",2.76625621416657
"Magnolia_chapensis","AM",3.14618403588432
"Magnolia_odora","AM",3.01317911382339
"Magnolia_maudiae","AM",3.02793216078629
"Magnolia_dandyi","AM",2.87299950817169
"Manglietia_paruicula","AM",3.08282698040492
"Liriodendron_chinense","AM",3.05362375196977
"Liriodendron_tulipifera","AM",2.47022603157861
"Knema_erratica","AM",1.56321777390776
"Ocotea_lancifolia","AM",3.52542448828846
"Cinnamomum_subcuneatum","AM",2.31344590032679
"Cinnamomum_austrosinense","AM",3.60987528240228
"Cinnamomum_chekiangense","AM",3.14331096279633
"Cinnamomum_tenuifolium","AM",2.99713822474127
"Cinnamomum_camphora","AM",3.98709961612148
"Cinnamomum_porrectum","AM",3.82631720598295
"Cinnamomum_micranthum","AM",3.05211289786907
"Sassafras_albidum","NMAM",2.80236453163745
"Litsea_baviensis","AM",2.56648663678042
"Litsea_elongata","AM",3.87589419877776
"Litsea_verticillata","AM",2.74662968306969
"Litsea_cubeba","AM",3.68862942285873
"Litsea_ichangensis","AM",4.11851587326737
"Neolitsea_phanerophlebia","AM",3.60549784517489
"Cinnamomum_cassia","AM",3.12456514539696
"Lindera_communis","AM",3.65757799409598
"Lindera_obtusiloba","AM",4.52732553509182
"Lindera_benzoin","AM",2.54700867298387
"Machilus_kwangtungensis","AM",3.47506723022861
"Machilus_breviflora","AM",2.97497235617684
"Machilus_robusta","AM",2.89037175789616
"Machilus_shweliensis","AM",3.61547508053052
"Machilus_oculodracontis","AM",3.32143241319329
"Machilus_velutina","AM",3.08099211750481
"Machilus_nanmu","AM",3.34426474568541
"Persea_americana","AM",3.70745583968687
"Beilschmiedia_tarairi","AM",2.18438865048432
"Beilschmiedia_tawa","AM",2.08890530519316
"Cryptocarya_concinna","AM",3.24371995593029
"Cryptocarya_chinensis","AM",2.37597631248479
"Hedycarya_arborea","AM",2.60699528304173
"Laurelia_novae-zelandiae","AM",2.37193658821448
"Pseudowintera_colorata","AM",2.60842483270065
"Chloranthus_henryi","AM",3.61838685913941
"Sarcandra_glabra","AM",3.41733728961264
"Ascarina_lucida","AM",3.10009228887823
"Podocarpus_gibbsii","AM",2.68934297363651
"Podocarpus_chinensis","AM",2.73436750941958
"Podocarpus_neriifolius","AM",4.67192172128997
"Podocarpus_totara","AM",2.39902971370027
"Podocarpus_cunninghamii","AM",2.15143309264533
"Afrocarpus_falcatus","AM",2.44755086324423
"Dacrydium_pectinatum","AM",2.70556377918227
"Dacrydium_gracile","AM",2.86377678140292
"Dacrydium_cupressinum","AM",3.28498650816095
"Dacrycarpus_imbricatus","AM",3.64772982519823
"Dacrycarpus_dacrydioides","AM",2.8782873307037
"Phyllocladus_hypophyllus","AM",2.98143682885144
"Phyllocladus_trichomanoides","AM",2.7593291180768
"Lepidothamnus_intermedius","AM",3.06805293513362
"Halocarpus_kirkii","AM",2.65958372933207
"Halocarpus_biformis","AM",2.3944265090269
"Prumnopitys_ferruginea","AM",1.94297131861264
"Prumnopitys_taxifolia","AM",2.39795380007263
"Manoao_colensoi","AM",2.9391619220656
"Agathis_kinabaluensis","AM",2.42723339755916
"Agathis_australis","AM",2.63828293717939
"Juniperus_sabina","AM",3.64328346186648
"Juniperus_monosperma","AM",3.04452243772342
"Juniperus_phoenicea","AM",2.08363213984522
"Cupressus_funebris","AM",3.07193399928405
"Platycladus_orientalis","AM",2.87394121650007
"Chamaecyparis_obtusa","AM",3.37726733234649
"Thuja_occidentalis","AM",4.69134226270877
"Cryptomeria_japonica","AM",3.92647104916159
"Cunninghamia_lanceolata","AM",3.17567217530038
"Pinus_taeda","EcM",3.06840171151337
"Pinus_pungens","EcM",3.44680789291421
"Pinus_palustris","EcM",3.49347265777133
"Pinus_elliottii","EcM",3.81126914677691
"Pinus_virginiana","EcM",3.50094215853435
"Pinus_sylvestris","EcM",3.46902398879103
"Pinus_nigra","EcM",3.50855589998265
"Pinus_resinosa","EcM",3.46573590279973
"Pinus_massoniana","EcM",4.09187998915538
"Pinus_tabuliformis","EcM",4.43701641102248
"Pinus_pinea","EcM",2.93208067951361
"Pinus_pinaster","EcM",2.05756973024758
"Pinus_armandii","EcM",3.81100768040792
"Pinus_koraiensis","EcM",3.17067042026956
"Pinus_pumila","EcM",3.97293082855107
"Pinus_strobus","EcM",3.5097527882165
"Pinus_edulis","EcM",2.99573227355399
"Picea_koraiensis","EcM",3.99575280369826
"Picea_meyeri","EcM",3.8814466826321
"Picea_abies","EcM",2.72540375922407
"Picea_wilsonii","EcM",4.19709578473349
"Picea_rubens","EcM",2.91235066461494
"Picea_glauca","EcM",3.66356164612965
"Larix_gmelinii","EcM",3.61949913571901
"Larix_decidua","EcM",3.13824405484261
"Larix_kaempferi","EcM",2.78470255262329
"Pseudotsuga_menziesii","EcM",3.20680324363393
"Abies_fargesii","EcM",3.42280147831145
"Abies_nephrolepis","EcM",3.29753383792526
"Abies_alba","EcM",3.46656888910362
"Tsuga_canadensis","EcM",2.96010509591084
"Ephedra_fragilis","AM",1.22105529982754
"Gnetum_gnemon","EcM",4.87290462063018
"Ginkgo_biloba","AM",2.99202541162266
"Dryopteris_sparsa","AM",5.24656776069782
"Dryopteris_lepidopoda","AM",4.80901996616486
"Polystichum_chilense","AM",3.77734810210154
"Blechnum_procerum","AM",3.43720781918519
"Blechnum_novae-zelandiae","AM",3.3322045101752
"Blechnum_fluviatile","AM",3.75887182593397
"Blechnum_discolor","AM",3.26956893918372
"Blechnum_chambersii","AM",3.47815842279828
"Blechnum_orientale","AM",5.22222075150799
"Onoclea_sensibilis","AM",4.99781519804981
"Matteuccia_struthiopteris","AM",5.18433765007022
"Athyrium_spinulosum","AM",5.46242744734292
"Athyrium_sinense","AM",4.7556754834756
"Athyrium_multidentatum","AM",4.91956303633469
"Cystopteris_sudetica","AM",5.52781014360166
"Asplenium_bulbiferum","NMAM",3.45946628978613
"Pteridium_aquilinum","AM",4.69353904318441
"Adiantum_pedatum","AM",5.09598588262878
"Cyathea_smithii","AM",2.83661480344451
"Cyathea_medullaris","AM",3.22214715597308
"Cyathea_dealbata","AM",2.77464552793008
"Dicksonia_squarrosa","AM",2.80381583151659
"Cibotium_barometz","AM",4.43028255068199
"Sticherus_cunninghamii","AM",2.82137888640921
"Gleichenia_microphylla","AM",3.75653810258775
"Dicranopteris_pedata","AM",4.39420554808918
"Dicranopteris_linearis","AM",4.31882055877009
"Osmunda_japonica","AM",3.15794354690547
"Equisetum_hyemale","NMAM",4.45420074865547
"Equisetum_pratense","NMAM",5.54038891768526
"Lycopodium_volubile","NMAM",4.01638302075239
